experiment,seed,dataset,sample_id,df,lr_degradation,model,input_projection,hash_base_resolution,hash_max_resolution,iters,psnr_model,psnr_bilinear,psnr_improvement,ssim_model,ssim_bilinear,ssim_improvement,lpips_model,lpips_bilinear,lpips_improvement,eval_crop_applied,eval_crop_lr,eval_crop_hr,attn_entropy_mean,attn_fine_mass_last3,training_time_seconds,time_per_iteration_seconds,total_runtime_seconds,final_recon_loss,ttq_psnr_seconds,ttq_psnr_iteration,artifact_dir,command,attn_mean_by_level
fourier_mlp_baseline_area,6,satburst_synth,ASMSpotter-28-1-2_rgb,4,area,mlp_tcnn,fourier,8,48,2000,36.106407165527344,30.347782135009766,5.758625030517578,0.9251386523246765,0.7738931775093079,0.15124547481536865,0.1845732033252716,0.3706870675086975,0.1861138641834259,False,64,256,,,7.781506299972534,0.003890753149986267,11.187729597091675,0.004724651575088501,,,/workspaces/scalef/single_samples/satburst_synth/ASMSpotter-28-1-2_rgb/fourier_mlp_baseline_area,/workspaces/scalef/optimize.py --dataset satburst_synth --satburst_data_root data --df 4 --lr_shift 1.0 --aug none --num_samples 16 --iters 2000 --batch_size 1 --optimizer adamw --learning_rate 2e-3 --weight_decay 0 --seed 6 --device cuda:0 --sample_id ASMSpotter-28-1-2_rgb --input_projection fourier --projection_dim 256 --fourier_scale 10 --network_depth 4 --network_hidden_dim 256 --weight_decay 0 --model mlp_tcnn --tcnn_mlp_dtype fp16 --lr_degradation area --run_name fourier_mlp_baseline_area --eval_crop_lr_size 64 --eval_crop_anchor topleft,
fourier_mlp_baseline_s2_psf,6,satburst_synth,ASMSpotter-28-1-2_rgb,4,s2_psf,mlp_tcnn,fourier,8,48,2000,30.998594284057617,30.347782135009766,0.6508121490478516,0.8465981483459473,0.7738931775093079,0.0727049708366394,0.2951112389564514,0.3706870675086975,0.0755758285522461,False,64,256,,,9.692049980163574,0.004846024990081787,12.955263376235962,0.009375938214361668,,,/workspaces/scalef/single_samples/satburst_synth/ASMSpotter-28-1-2_rgb/fourier_mlp_baseline_s2_psf,/workspaces/scalef/optimize.py --dataset satburst_synth --satburst_data_root data --df 4 --lr_shift 1.0 --aug none --num_samples 16 --iters 2000 --batch_size 1 --optimizer adamw --learning_rate 2e-3 --weight_decay 0 --seed 6 --device cuda:0 --sample_id ASMSpotter-28-1-2_rgb --input_projection fourier --projection_dim 256 --fourier_scale 10 --network_depth 4 --network_hidden_dim 256 --weight_decay 0 --model mlp_tcnn --tcnn_mlp_dtype fp16 --lr_degradation s2_psf --run_name fourier_mlp_baseline_s2_psf --eval_crop_lr_size 64 --eval_crop_anchor topleft,
hashgrid_mlp_baseline_area,6,satburst_synth,ASMSpotter-28-1-2_rgb,4,area,mlp_tcnn,hashgrid_tcnn,16,64,2000,36.360565185546875,30.347782135009766,6.012783050537109,0.9304216504096985,0.7738931775093079,0.15652847290039062,0.2137484848499298,0.3706870675086975,0.1569385826587677,False,64,256,,,7.782223463058472,0.0038911117315292357,11.128360509872437,0.0017700621392577887,,,/workspaces/scalef/single_samples/satburst_synth/ASMSpotter-28-1-2_rgb/hashgrid_mlp_baseline_area,/workspaces/scalef/optimize.py --dataset satburst_synth --satburst_data_root data --df 4 --lr_shift 1.0 --aug none --num_samples 16 --iters 2000 --batch_size 1 --optimizer adamw --learning_rate 2e-3 --weight_decay 0 --seed 6 --device cuda:0 --sample_id ASMSpotter-28-1-2_rgb --input_projection hashgrid --hash_n_levels 16 --hash_n_features_per_level 2 --hash_log2_hashmap_size 21 --hash_base_resolution 0 --hash_max_resolution 0 --hash_encoding_dtype fp32 --hash_encoding_preset smoothstep_grid --hash_grid_type Hash --network_depth 4 --network_hidden_dim 256 --weight_decay 0 --model mlp_tcnn --tcnn_mlp_dtype fp16 --lr_degradation area --run_name hashgrid_mlp_baseline_area --eval_crop_lr_size 64 --eval_crop_anchor topleft,
hashgrid_mlp_baseline_s2_psf,6,satburst_synth,ASMSpotter-28-1-2_rgb,4,s2_psf,mlp_tcnn,hashgrid_tcnn,16,64,2000,28.775423049926758,30.347782135009766,-1.5723590850830078,0.8021939396858215,0.7738931775093079,0.028300762176513672,0.31304794549942017,0.3706870675086975,0.057639122009277344,False,64,256,,,9.758419036865234,0.004879209518432617,12.960512161254883,0.004036637023091316,,,/workspaces/scalef/single_samples/satburst_synth/ASMSpotter-28-1-2_rgb/hashgrid_mlp_baseline_s2_psf,/workspaces/scalef/optimize.py --dataset satburst_synth --satburst_data_root data --df 4 --lr_shift 1.0 --aug none --num_samples 16 --iters 2000 --batch_size 1 --optimizer adamw --learning_rate 2e-3 --weight_decay 0 --seed 6 --device cuda:0 --sample_id ASMSpotter-28-1-2_rgb --input_projection hashgrid --hash_n_levels 16 --hash_n_features_per_level 2 --hash_log2_hashmap_size 21 --hash_base_resolution 0 --hash_max_resolution 0 --hash_encoding_dtype fp32 --hash_encoding_preset smoothstep_grid --hash_grid_type Hash --network_depth 4 --network_hidden_dim 256 --weight_decay 0 --model mlp_tcnn --tcnn_mlp_dtype fp16 --lr_degradation s2_psf --run_name hashgrid_mlp_baseline_s2_psf --eval_crop_lr_size 64 --eval_crop_anchor topleft,
hashgrid_level_attention_area,6,satburst_synth,ASMSpotter-28-1-2_rgb,4,area,hash_attn,hashgrid_tcnn,16,64,2000,34.68364715576172,30.347782135009766,4.335865020751953,0.9048132300376892,0.7738931775093079,0.13092005252838135,0.2196788191795349,0.3706870675086975,0.1510082483291626,False,64,256,2.4008371829986572,0.45352572202682495,13.734973669052124,0.006867486834526062,17.09246039390564,0.0054578050039708614,,,/workspaces/scalef/single_samples/satburst_synth/ASMSpotter-28-1-2_rgb/hashgrid_level_attention_area,/workspaces/scalef/optimize.py --dataset satburst_synth --satburst_data_root data --df 4 --lr_shift 1.0 --aug none --num_samples 16 --iters 2000 --batch_size 1 --optimizer adamw --learning_rate 2e-3 --weight_decay 0 --seed 6 --device cuda:0 --sample_id ASMSpotter-28-1-2_rgb --input_projection hashgrid --hash_n_levels 16 --hash_n_features_per_level 2 --hash_log2_hashmap_size 21 --hash_base_resolution 0 --hash_max_resolution 0 --hash_encoding_dtype fp32 --hash_encoding_preset smoothstep_grid --hash_grid_type Hash --network_depth 4 --network_hidden_dim 256 --weight_decay 0 --model hash_attn --hash_attn_token_dim 32 --log_attention --lr_degradation area --run_name hashgrid_level_attention_area --eval_crop_lr_size 64 --eval_crop_anchor topleft,"[0.022678738459944725, 0.02422453835606575, 0.02449689619243145, 0.025546278804540634, 0.026718061417341232, 0.029069898650050163, 0.030643785372376442, 0.032339103519916534, 0.03788924589753151, 0.04461624473333359, 0.05923536792397499, 0.08195201307535172, 0.10706411302089691, 0.12469921261072159, 0.15216074883937836, 0.17666573822498322]"
hashgrid_level_attention_s2_psf,6,satburst_synth,ASMSpotter-28-1-2_rgb,4,s2_psf,hash_attn,hashgrid_tcnn,16,64,2000,29.33722686767578,30.347782135009766,-1.0105552673339844,0.7974560856819153,0.7738931775093079,0.023562908172607422,0.3336026072502136,0.3706870675086975,0.03708446025848389,False,64,256,2.112900733947754,0.5890471935272217,15.645983457565308,0.007822991728782654,18.88257336616516,0.010398480109870434,,,/workspaces/scalef/single_samples/satburst_synth/ASMSpotter-28-1-2_rgb/hashgrid_level_attention_s2_psf,/workspaces/scalef/optimize.py --dataset satburst_synth --satburst_data_root data --df 4 --lr_shift 1.0 --aug none --num_samples 16 --iters 2000 --batch_size 1 --optimizer adamw --learning_rate 2e-3 --weight_decay 0 --seed 6 --device cuda:0 --sample_id ASMSpotter-28-1-2_rgb --input_projection hashgrid --hash_n_levels 16 --hash_n_features_per_level 2 --hash_log2_hashmap_size 21 --hash_base_resolution 0 --hash_max_resolution 0 --hash_encoding_dtype fp32 --hash_encoding_preset smoothstep_grid --hash_grid_type Hash --network_depth 4 --network_hidden_dim 256 --weight_decay 0 --model hash_attn --hash_attn_token_dim 32 --log_attention --lr_degradation s2_psf --run_name hashgrid_level_attention_s2_psf --eval_crop_lr_size 64 --eval_crop_anchor topleft,"[0.016603607684373856, 0.017817385494709015, 0.017766397446393967, 0.018612492829561234, 0.019939925521612167, 0.021224088966846466, 0.021944772452116013, 0.02323843166232109, 0.026443608105182648, 0.02850409783422947, 0.03588459640741348, 0.05426377058029175, 0.10870964825153351, 0.139838308095932, 0.19577768445014954, 0.25343120098114014]"
fourier_band_attention_area,6,satburst_synth,ASMSpotter-28-1-2_rgb,4,area,fourier_band_attn,fourier,8,48,2000,30.020322799682617,30.347782135009766,-0.32745933532714844,0.735217273235321,0.7738931775093079,-0.038675904273986816,0.43863269686698914,0.3706870675086975,-0.06794562935829163,False,64,256,2.027768850326538,0.41319140791893005,11.820696353912354,0.0059103481769561764,15.176260709762573,0.04360269755125046,,,/workspaces/scalef/single_samples/satburst_synth/ASMSpotter-28-1-2_rgb/fourier_band_attention_area,/workspaces/scalef/optimize.py --dataset satburst_synth --satburst_data_root data --df 4 --lr_shift 1.0 --aug none --num_samples 16 --iters 2000 --batch_size 1 --optimizer adamw --learning_rate 2e-3 --weight_decay 0 --seed 6 --device cuda:0 --sample_id ASMSpotter-28-1-2_rgb --input_projection fourier --projection_dim 256 --fourier_scale 10 --network_depth 4 --network_hidden_dim 256 --weight_decay 0 --model fourier_band_attn --attn_token_dim 32 --fourier_num_bands 8 --log_attention --lr_degradation area --run_name fourier_band_attention_area --eval_crop_lr_size 64 --eval_crop_anchor topleft,"[0.10913991928100586, 0.14287272095680237, 0.11855123937129974, 0.10875348001718521, 0.10749121010303497, 0.1551748514175415, 0.11724671721458435, 0.1407698392868042]"
fourier_band_attention_s2_psf,6,satburst_synth,ASMSpotter-28-1-2_rgb,4,s2_psf,fourier_band_attn,fourier,8,48,2000,27.64442253112793,30.347782135009766,-2.703359603881836,0.6249443888664246,0.7738931775093079,-0.1489487886428833,0.4942930042743683,0.3706870675086975,-0.12360593676567078,False,64,256,2.0075061321258545,0.4028458595275879,13.302159786224365,0.006651079893112183,16.503342151641846,0.05123698711395264,,,/workspaces/scalef/single_samples/satburst_synth/ASMSpotter-28-1-2_rgb/fourier_band_attention_s2_psf,/workspaces/scalef/optimize.py --dataset satburst_synth --satburst_data_root data --df 4 --lr_shift 1.0 --aug none --num_samples 16 --iters 2000 --batch_size 1 --optimizer adamw --learning_rate 2e-3 --weight_decay 0 --seed 6 --device cuda:0 --sample_id ASMSpotter-28-1-2_rgb --input_projection fourier --projection_dim 256 --fourier_scale 10 --network_depth 4 --network_hidden_dim 256 --weight_decay 0 --model fourier_band_attn --attn_token_dim 32 --fourier_num_bands 8 --log_attention --lr_degradation s2_psf --run_name fourier_band_attention_s2_psf --eval_crop_lr_size 64 --eval_crop_anchor topleft,"[0.11129742115736008, 0.14472392201423645, 0.11570461094379425, 0.11060461401939392, 0.11482356488704681, 0.15679281949996948, 0.11503320932388306, 0.13101983070373535]"
fourier_mlp_baseline_area,6,satburst_synth,ASMSpotter-29-3-1_rgb,4,area,mlp_tcnn,fourier,8,48,2000,36.6541862487793,30.43590545654297,6.218280792236328,0.9335346221923828,0.8345487713813782,0.09898585081100464,0.16726304590702057,0.35301631689071655,0.18575327098369598,False,64,256,,,7.918139696121216,0.003959069848060608,11.284998416900635,0.0017887204885482788,,,/workspaces/scalef/single_samples/satburst_synth/ASMSpotter-29-3-1_rgb/fourier_mlp_baseline_area,/workspaces/scalef/optimize.py --dataset satburst_synth --satburst_data_root data --df 4 --lr_shift 1.0 --aug none --num_samples 16 --iters 2000 --batch_size 1 --optimizer adamw --learning_rate 2e-3 --weight_decay 0 --seed 6 --device cuda:0 --sample_id ASMSpotter-29-3-1_rgb --input_projection fourier --projection_dim 256 --fourier_scale 10 --network_depth 4 --network_hidden_dim 256 --weight_decay 0 --model mlp_tcnn --tcnn_mlp_dtype fp16 --lr_degradation area --run_name fourier_mlp_baseline_area --eval_crop_lr_size 64 --eval_crop_anchor topleft,
fourier_mlp_baseline_s2_psf,6,satburst_synth,ASMSpotter-29-3-1_rgb,4,s2_psf,mlp_tcnn,fourier,8,48,2000,31.90950584411621,30.43590545654297,1.4736003875732422,0.8802865147590637,0.8345487713813782,0.04573774337768555,0.2652817964553833,0.35301631689071655,0.08773452043533325,False,64,256,,,9.466146469116211,0.0047330732345581055,12.868582248687744,0.002705677878111601,,,/workspaces/scalef/single_samples/satburst_synth/ASMSpotter-29-3-1_rgb/fourier_mlp_baseline_s2_psf,/workspaces/scalef/optimize.py --dataset satburst_synth --satburst_data_root data --df 4 --lr_shift 1.0 --aug none --num_samples 16 --iters 2000 --batch_size 1 --optimizer adamw --learning_rate 2e-3 --weight_decay 0 --seed 6 --device cuda:0 --sample_id ASMSpotter-29-3-1_rgb --input_projection fourier --projection_dim 256 --fourier_scale 10 --network_depth 4 --network_hidden_dim 256 --weight_decay 0 --model mlp_tcnn --tcnn_mlp_dtype fp16 --lr_degradation s2_psf --run_name fourier_mlp_baseline_s2_psf --eval_crop_lr_size 64 --eval_crop_anchor topleft,
hashgrid_mlp_baseline_area,6,satburst_synth,ASMSpotter-29-3-1_rgb,4,area,mlp_tcnn,hashgrid_tcnn,16,64,2000,36.44484329223633,30.43590545654297,6.008937835693359,0.9370830655097961,0.8345487713813782,0.10253429412841797,0.1767408847808838,0.35301631689071655,0.17627543210983276,False,64,256,,,7.577473878860474,0.0037887369394302367,10.91537880897522,0.0014140885323286057,,,/workspaces/scalef/single_samples/satburst_synth/ASMSpotter-29-3-1_rgb/hashgrid_mlp_baseline_area,/workspaces/scalef/optimize.py --dataset satburst_synth --satburst_data_root data --df 4 --lr_shift 1.0 --aug none --num_samples 16 --iters 2000 --batch_size 1 --optimizer adamw --learning_rate 2e-3 --weight_decay 0 --seed 6 --device cuda:0 --sample_id ASMSpotter-29-3-1_rgb --input_projection hashgrid --hash_n_levels 16 --hash_n_features_per_level 2 --hash_log2_hashmap_size 21 --hash_base_resolution 0 --hash_max_resolution 0 --hash_encoding_dtype fp32 --hash_encoding_preset smoothstep_grid --hash_grid_type Hash --network_depth 4 --network_hidden_dim 256 --weight_decay 0 --model mlp_tcnn --tcnn_mlp_dtype fp16 --lr_degradation area --run_name hashgrid_mlp_baseline_area --eval_crop_lr_size 64 --eval_crop_anchor topleft,
hashgrid_mlp_baseline_s2_psf,6,satburst_synth,ASMSpotter-29-3-1_rgb,4,s2_psf,mlp_tcnn,hashgrid_tcnn,16,64,2000,30.68330192565918,30.43590545654297,0.24739646911621094,0.8703896403312683,0.8345487713813782,0.03584086894989014,0.27915090322494507,0.35301631689071655,0.07386541366577148,False,64,256,,,10.086490631103516,0.0050432453155517575,13.462329626083374,0.0020134542137384415,,,/workspaces/scalef/single_samples/satburst_synth/ASMSpotter-29-3-1_rgb/hashgrid_mlp_baseline_s2_psf,/workspaces/scalef/optimize.py --dataset satburst_synth --satburst_data_root data --df 4 --lr_shift 1.0 --aug none --num_samples 16 --iters 2000 --batch_size 1 --optimizer adamw --learning_rate 2e-3 --weight_decay 0 --seed 6 --device cuda:0 --sample_id ASMSpotter-29-3-1_rgb --input_projection hashgrid --hash_n_levels 16 --hash_n_features_per_level 2 --hash_log2_hashmap_size 21 --hash_base_resolution 0 --hash_max_resolution 0 --hash_encoding_dtype fp32 --hash_encoding_preset smoothstep_grid --hash_grid_type Hash --network_depth 4 --network_hidden_dim 256 --weight_decay 0 --model mlp_tcnn --tcnn_mlp_dtype fp16 --lr_degradation s2_psf --run_name hashgrid_mlp_baseline_s2_psf --eval_crop_lr_size 64 --eval_crop_anchor topleft,
hashgrid_level_attention_area,6,satburst_synth,ASMSpotter-29-3-1_rgb,4,area,hash_attn,hashgrid_tcnn,16,64,2000,35.137386322021484,30.43590545654297,4.701480865478516,0.9241496920585632,0.8345487713813782,0.08960092067718506,0.2126520276069641,0.35301631689071655,0.14036428928375244,False,64,256,2.5325145721435547,0.40126490592956543,13.804993391036987,0.006902496695518494,17.15814757347107,0.0021729948930442333,,,/workspaces/scalef/single_samples/satburst_synth/ASMSpotter-29-3-1_rgb/hashgrid_level_attention_area,/workspaces/scalef/optimize.py --dataset satburst_synth --satburst_data_root data --df 4 --lr_shift 1.0 --aug none --num_samples 16 --iters 2000 --batch_size 1 --optimizer adamw --learning_rate 2e-3 --weight_decay 0 --seed 6 --device cuda:0 --sample_id ASMSpotter-29-3-1_rgb --input_projection hashgrid --hash_n_levels 16 --hash_n_features_per_level 2 --hash_log2_hashmap_size 21 --hash_base_resolution 0 --hash_max_resolution 0 --hash_encoding_dtype fp32 --hash_encoding_preset smoothstep_grid --hash_grid_type Hash --network_depth 4 --network_hidden_dim 256 --weight_decay 0 --model hash_attn --hash_attn_token_dim 32 --log_attention --lr_degradation area --run_name hashgrid_level_attention_area --eval_crop_lr_size 64 --eval_crop_anchor topleft,"[0.028299987316131592, 0.030718885362148285, 0.031111035495996475, 0.032170917838811874, 0.033242203295230865, 0.03744998946785927, 0.03621753305196762, 0.03969334065914154, 0.04242128133773804, 0.05319376289844513, 0.0622522197663784, 0.0767422690987587, 0.09522166848182678, 0.1152675449848175, 0.13187344372272491, 0.154123917222023]"
hashgrid_level_attention_s2_psf,6,satburst_synth,ASMSpotter-29-3-1_rgb,4,s2_psf,hash_attn,hashgrid_tcnn,16,64,2000,29.531497955322266,30.43590545654297,-0.9044075012207031,0.8479606509208679,0.8345487713813782,0.013411879539489746,0.32094407081604004,0.35301631689071655,0.032072246074676514,False,64,256,2.330228328704834,0.5085512399673462,15.315717458724976,0.007657858729362488,18.73972773551941,0.00307472120039165,,,/workspaces/scalef/single_samples/satburst_synth/ASMSpotter-29-3-1_rgb/hashgrid_level_attention_s2_psf,/workspaces/scalef/optimize.py --dataset satburst_synth --satburst_data_root data --df 4 --lr_shift 1.0 --aug none --num_samples 16 --iters 2000 --batch_size 1 --optimizer adamw --learning_rate 2e-3 --weight_decay 0 --seed 6 --device cuda:0 --sample_id ASMSpotter-29-3-1_rgb --input_projection hashgrid --hash_n_levels 16 --hash_n_features_per_level 2 --hash_log2_hashmap_size 21 --hash_base_resolution 0 --hash_max_resolution 0 --hash_encoding_dtype fp32 --hash_encoding_preset smoothstep_grid --hash_grid_type Hash --network_depth 4 --network_hidden_dim 256 --weight_decay 0 --model hash_attn --hash_attn_token_dim 32 --log_attention --lr_degradation s2_psf --run_name hashgrid_level_attention_s2_psf --eval_crop_lr_size 64 --eval_crop_anchor topleft,"[0.022718697786331177, 0.025224797427654266, 0.025528237223625183, 0.02620317041873932, 0.027508005499839783, 0.03125361353158951, 0.029867498204112053, 0.03254394605755806, 0.034883201122283936, 0.04033615067601204, 0.046204909682273865, 0.06353431195020676, 0.08564221858978271, 0.12040388584136963, 0.16597852110862732, 0.22216883301734924]"
fourier_band_attention_area,6,satburst_synth,ASMSpotter-29-3-1_rgb,4,area,fourier_band_attn,fourier,8,48,2000,30.636173248291016,30.43590545654297,0.20026779174804688,0.7840843796730042,0.8345487713813782,-0.05046439170837402,0.38045042753219604,0.35301631689071655,-0.027434110641479492,False,64,256,1.8900582790374756,0.5095850825309753,11.912088632583618,0.005956044316291809,15.29856824874878,0.009315768256783485,,,/workspaces/scalef/single_samples/satburst_synth/ASMSpotter-29-3-1_rgb/fourier_band_attention_area,/workspaces/scalef/optimize.py --dataset satburst_synth --satburst_data_root data --df 4 --lr_shift 1.0 --aug none --num_samples 16 --iters 2000 --batch_size 1 --optimizer adamw --learning_rate 2e-3 --weight_decay 0 --seed 6 --device cuda:0 --sample_id ASMSpotter-29-3-1_rgb --input_projection fourier --projection_dim 256 --fourier_scale 10 --network_depth 4 --network_hidden_dim 256 --weight_decay 0 --model fourier_band_attn --attn_token_dim 32 --fourier_num_bands 8 --log_attention --lr_degradation area --run_name fourier_band_attention_area --eval_crop_lr_size 64 --eval_crop_anchor topleft,"[0.08672734349966049, 0.11647569388151169, 0.11220817267894745, 0.10416850447654724, 0.07083523273468018, 0.12086714804172516, 0.0702357292175293, 0.3184821605682373]"
fourier_band_attention_s2_psf,6,satburst_synth,ASMSpotter-29-3-1_rgb,4,s2_psf,fourier_band_attn,fourier,8,48,2000,28.070878982543945,30.43590545654297,-2.3650264739990234,0.6738922595977783,0.8345487713813782,-0.16065651178359985,0.4565688371658325,0.35301631689071655,-0.10355252027511597,False,64,256,1.9194179773330688,0.4810301661491394,13.312986373901367,0.0066564931869506835,16.592782735824585,0.012082075700163841,,,/workspaces/scalef/single_samples/satburst_synth/ASMSpotter-29-3-1_rgb/fourier_band_attention_s2_psf,/workspaces/scalef/optimize.py --dataset satburst_synth --satburst_data_root data --df 4 --lr_shift 1.0 --aug none --num_samples 16 --iters 2000 --batch_size 1 --optimizer adamw --learning_rate 2e-3 --weight_decay 0 --seed 6 --device cuda:0 --sample_id ASMSpotter-29-3-1_rgb --input_projection fourier --projection_dim 256 --fourier_scale 10 --network_depth 4 --network_hidden_dim 256 --weight_decay 0 --model fourier_band_attn --attn_token_dim 32 --fourier_num_bands 8 --log_attention --lr_degradation s2_psf --run_name fourier_band_attention_s2_psf --eval_crop_lr_size 64 --eval_crop_anchor topleft,"[0.09491229802370071, 0.1262502670288086, 0.11856907606124878, 0.10336364060640335, 0.07587450742721558, 0.12458105385303497, 0.07803741097450256, 0.27841174602508545]"
fourier_mlp_baseline_area,6,satburst_synth,Amnesty POI-11-1-1_rgb,4,area,mlp_tcnn,fourier,8,48,2000,35.521934509277344,29.35091209411621,6.171022415161133,0.9263526797294617,0.716486394405365,0.20986628532409668,0.19664248824119568,0.4185786247253418,0.22193613648414612,False,64,256,,,7.965072154998779,0.00398253607749939,11.30258846282959,0.0023672061506658792,,,/workspaces/scalef/single_samples/satburst_synth/Amnesty POI-11-1-1_rgb/fourier_mlp_baseline_area,/workspaces/scalef/optimize.py --dataset satburst_synth --satburst_data_root data --df 4 --lr_shift 1.0 --aug none --num_samples 16 --iters 2000 --batch_size 1 --optimizer adamw --learning_rate 2e-3 --weight_decay 0 --seed 6 --device cuda:0 --sample_id 'Amnesty POI-11-1-1_rgb' --input_projection fourier --projection_dim 256 --fourier_scale 10 --network_depth 4 --network_hidden_dim 256 --weight_decay 0 --model mlp_tcnn --tcnn_mlp_dtype fp16 --lr_degradation area --run_name fourier_mlp_baseline_area --eval_crop_lr_size 64 --eval_crop_anchor topleft,
fourier_mlp_baseline_s2_psf,6,satburst_synth,Amnesty POI-11-1-1_rgb,4,s2_psf,mlp_tcnn,fourier,8,48,2000,29.490705490112305,29.35091209411621,0.13979339599609375,0.8211174607276917,0.716486394405365,0.10463106632232666,0.3189585506916046,0.4185786247253418,0.09962007403373718,False,64,256,,,9.41193962097168,0.00470596981048584,12.596882104873657,0.009299622848629951,,,/workspaces/scalef/single_samples/satburst_synth/Amnesty POI-11-1-1_rgb/fourier_mlp_baseline_s2_psf,/workspaces/scalef/optimize.py --dataset satburst_synth --satburst_data_root data --df 4 --lr_shift 1.0 --aug none --num_samples 16 --iters 2000 --batch_size 1 --optimizer adamw --learning_rate 2e-3 --weight_decay 0 --seed 6 --device cuda:0 --sample_id 'Amnesty POI-11-1-1_rgb' --input_projection fourier --projection_dim 256 --fourier_scale 10 --network_depth 4 --network_hidden_dim 256 --weight_decay 0 --model mlp_tcnn --tcnn_mlp_dtype fp16 --lr_degradation s2_psf --run_name fourier_mlp_baseline_s2_psf --eval_crop_lr_size 64 --eval_crop_anchor topleft,
hashgrid_mlp_baseline_area,6,satburst_synth,Amnesty POI-11-1-1_rgb,4,area,mlp_tcnn,hashgrid_tcnn,16,64,2000,34.92981719970703,29.35091209411621,5.57890510559082,0.9186423420906067,0.716486394405365,0.2021559476852417,0.261107474565506,0.4185786247253418,0.15747115015983582,False,64,256,,,7.53070330619812,0.00376535165309906,10.903578519821167,0.0022368300706148148,,,/workspaces/scalef/single_samples/satburst_synth/Amnesty POI-11-1-1_rgb/hashgrid_mlp_baseline_area,/workspaces/scalef/optimize.py --dataset satburst_synth --satburst_data_root data --df 4 --lr_shift 1.0 --aug none --num_samples 16 --iters 2000 --batch_size 1 --optimizer adamw --learning_rate 2e-3 --weight_decay 0 --seed 6 --device cuda:0 --sample_id 'Amnesty POI-11-1-1_rgb' --input_projection hashgrid --hash_n_levels 16 --hash_n_features_per_level 2 --hash_log2_hashmap_size 21 --hash_base_resolution 0 --hash_max_resolution 0 --hash_encoding_dtype fp32 --hash_encoding_preset smoothstep_grid --hash_grid_type Hash --network_depth 4 --network_hidden_dim 256 --weight_decay 0 --model mlp_tcnn --tcnn_mlp_dtype fp16 --lr_degradation area --run_name hashgrid_mlp_baseline_area --eval_crop_lr_size 64 --eval_crop_anchor topleft,
hashgrid_mlp_baseline_s2_psf,6,satburst_synth,Amnesty POI-11-1-1_rgb,4,s2_psf,mlp_tcnn,hashgrid_tcnn,16,64,2000,27.058439254760742,29.35091209411621,-2.2924728393554688,0.7643143534660339,0.716486394405365,0.047827959060668945,0.3941298723220825,0.4185786247253418,0.024448752403259277,False,64,256,,,9.534118413925171,0.004767059206962586,12.758281469345093,0.006832494400441647,,,/workspaces/scalef/single_samples/satburst_synth/Amnesty POI-11-1-1_rgb/hashgrid_mlp_baseline_s2_psf,/workspaces/scalef/optimize.py --dataset satburst_synth --satburst_data_root data --df 4 --lr_shift 1.0 --aug none --num_samples 16 --iters 2000 --batch_size 1 --optimizer adamw --learning_rate 2e-3 --weight_decay 0 --seed 6 --device cuda:0 --sample_id 'Amnesty POI-11-1-1_rgb' --input_projection hashgrid --hash_n_levels 16 --hash_n_features_per_level 2 --hash_log2_hashmap_size 21 --hash_base_resolution 0 --hash_max_resolution 0 --hash_encoding_dtype fp32 --hash_encoding_preset smoothstep_grid --hash_grid_type Hash --network_depth 4 --network_hidden_dim 256 --weight_decay 0 --model mlp_tcnn --tcnn_mlp_dtype fp16 --lr_degradation s2_psf --run_name hashgrid_mlp_baseline_s2_psf --eval_crop_lr_size 64 --eval_crop_anchor topleft,
hashgrid_level_attention_area,6,satburst_synth,Amnesty POI-11-1-1_rgb,4,area,hash_attn,hashgrid_tcnn,16,64,2000,33.40819549560547,29.35091209411621,4.057283401489258,0.8883045315742493,0.716486394405365,0.17181813716888428,0.2601189613342285,0.4185786247253418,0.15845966339111328,False,64,256,2.10373854637146,0.552343487739563,13.517199277877808,0.006758599638938904,16.865166425704956,0.005484003107994795,,,/workspaces/scalef/single_samples/satburst_synth/Amnesty POI-11-1-1_rgb/hashgrid_level_attention_area,/workspaces/scalef/optimize.py --dataset satburst_synth --satburst_data_root data --df 4 --lr_shift 1.0 --aug none --num_samples 16 --iters 2000 --batch_size 1 --optimizer adamw --learning_rate 2e-3 --weight_decay 0 --seed 6 --device cuda:0 --sample_id 'Amnesty POI-11-1-1_rgb' --input_projection hashgrid --hash_n_levels 16 --hash_n_features_per_level 2 --hash_log2_hashmap_size 21 --hash_base_resolution 0 --hash_max_resolution 0 --hash_encoding_dtype fp32 --hash_encoding_preset smoothstep_grid --hash_grid_type Hash --network_depth 4 --network_hidden_dim 256 --weight_decay 0 --model hash_attn --hash_attn_token_dim 32 --log_attention --lr_degradation area --run_name hashgrid_level_attention_area --eval_crop_lr_size 64 --eval_crop_anchor topleft,"[0.014842976815998554, 0.015189798548817635, 0.01527999248355627, 0.015905115753412247, 0.016258656978607178, 0.017977841198444366, 0.018576081842184067, 0.02010214328765869, 0.022544704377651215, 0.03096005693078041, 0.044033482670784, 0.08458198606967926, 0.13140366971492767, 0.15121392905712128, 0.18036721646785736, 0.22076234221458435]"
hashgrid_level_attention_s2_psf,6,satburst_synth,Amnesty POI-11-1-1_rgb,4,s2_psf,hash_attn,hashgrid_tcnn,16,64,2000,27.795934677124023,29.35091209411621,-1.5549774169921875,0.7639502882957458,0.716486394405365,0.04746389389038086,0.37921586632728577,0.4185786247253418,0.03936275839805603,False,64,256,1.7752771377563477,0.6671740412712097,15.501154899597168,0.007750577449798584,18.865777254104614,0.012517216615378857,,,/workspaces/scalef/single_samples/satburst_synth/Amnesty POI-11-1-1_rgb/hashgrid_level_attention_s2_psf,/workspaces/scalef/optimize.py --dataset satburst_synth --satburst_data_root data --df 4 --lr_shift 1.0 --aug none --num_samples 16 --iters 2000 --batch_size 1 --optimizer adamw --learning_rate 2e-3 --weight_decay 0 --seed 6 --device cuda:0 --sample_id 'Amnesty POI-11-1-1_rgb' --input_projection hashgrid --hash_n_levels 16 --hash_n_features_per_level 2 --hash_log2_hashmap_size 21 --hash_base_resolution 0 --hash_max_resolution 0 --hash_encoding_dtype fp32 --hash_encoding_preset smoothstep_grid --hash_grid_type Hash --network_depth 4 --network_hidden_dim 256 --weight_decay 0 --model hash_attn --hash_attn_token_dim 32 --log_attention --lr_degradation s2_psf --run_name hashgrid_level_attention_s2_psf --eval_crop_lr_size 64 --eval_crop_anchor topleft,"[0.010736662894487381, 0.010858306661248207, 0.01121298037469387, 0.011345315724611282, 0.011908575892448425, 0.013181392103433609, 0.013675025664269924, 0.015222953632473946, 0.01656203158199787, 0.021779661998152733, 0.029149610549211502, 0.059437692165374756, 0.10775573551654816, 0.1649429202079773, 0.21087747812271118, 0.29135364294052124]"
fourier_band_attention_area,6,satburst_synth,Amnesty POI-11-1-1_rgb,4,area,fourier_band_attn,fourier,8,48,2000,29.4783878326416,29.35091209411621,0.12747573852539062,0.7080660462379456,0.716486394405365,-0.008420348167419434,0.4643024206161499,0.4185786247253418,-0.045723795890808105,False,64,256,2.0176634788513184,0.38655146956443787,11.790144205093384,0.005895072102546692,15.142489910125732,0.05428747460246086,,,/workspaces/scalef/single_samples/satburst_synth/Amnesty POI-11-1-1_rgb/fourier_band_attention_area,/workspaces/scalef/optimize.py --dataset satburst_synth --satburst_data_root data --df 4 --lr_shift 1.0 --aug none --num_samples 16 --iters 2000 --batch_size 1 --optimizer adamw --learning_rate 2e-3 --weight_decay 0 --seed 6 --device cuda:0 --sample_id 'Amnesty POI-11-1-1_rgb' --input_projection fourier --projection_dim 256 --fourier_scale 10 --network_depth 4 --network_hidden_dim 256 --weight_decay 0 --model fourier_band_attn --attn_token_dim 32 --fourier_num_bands 8 --log_attention --lr_degradation area --run_name fourier_band_attention_area --eval_crop_lr_size 64 --eval_crop_anchor topleft,"[0.10841093957424164, 0.1429404318332672, 0.12568718194961548, 0.14015421271324158, 0.09625576436519623, 0.12179194390773773, 0.09759649634361267, 0.16716304421424866]"
fourier_band_attention_s2_psf,6,satburst_synth,Amnesty POI-11-1-1_rgb,4,s2_psf,fourier_band_attn,fourier,8,48,2000,27.78162956237793,29.35091209411621,-1.5692825317382812,0.6224253177642822,0.716486394405365,-0.09406107664108276,0.4964994490146637,0.4185786247253418,-0.0779208242893219,False,64,256,1.9950456619262695,0.3792666494846344,13.876542329788208,0.006938271164894104,17.55050802230835,0.06919886916875839,,,/workspaces/scalef/single_samples/satburst_synth/Amnesty POI-11-1-1_rgb/fourier_band_attention_s2_psf,/workspaces/scalef/optimize.py --dataset satburst_synth --satburst_data_root data --df 4 --lr_shift 1.0 --aug none --num_samples 16 --iters 2000 --batch_size 1 --optimizer adamw --learning_rate 2e-3 --weight_decay 0 --seed 6 --device cuda:0 --sample_id 'Amnesty POI-11-1-1_rgb' --input_projection fourier --projection_dim 256 --fourier_scale 10 --network_depth 4 --network_hidden_dim 256 --weight_decay 0 --model fourier_band_attn --attn_token_dim 32 --fourier_num_bands 8 --log_attention --lr_degradation s2_psf --run_name fourier_band_attention_s2_psf --eval_crop_lr_size 64 --eval_crop_anchor topleft,"[0.11459709703922272, 0.1400446742773056, 0.13285091519355774, 0.14375457167625427, 0.08948608487844467, 0.11460733413696289, 0.09648319333791733, 0.16817611455917358]"
fourier_mlp_baseline_area,6,satburst_synth,Amnesty POI-17-3-1_rgb,4,area,mlp_tcnn,fourier,8,48,2000,37.98884582519531,30.604480743408203,7.384365081787109,0.9517609477043152,0.8783602714538574,0.07340067625045776,0.1707422286272049,0.319144070148468,0.14840184152126312,False,64,256,,,7.987200975418091,0.003993600487709046,11.753228664398193,0.0008490356849506497,,,/workspaces/scalef/single_samples/satburst_synth/Amnesty POI-17-3-1_rgb/fourier_mlp_baseline_area,/workspaces/scalef/optimize.py --dataset satburst_synth --satburst_data_root data --df 4 --lr_shift 1.0 --aug none --num_samples 16 --iters 2000 --batch_size 1 --optimizer adamw --learning_rate 2e-3 --weight_decay 0 --seed 6 --device cuda:0 --sample_id 'Amnesty POI-17-3-1_rgb' --input_projection fourier --projection_dim 256 --fourier_scale 10 --network_depth 4 --network_hidden_dim 256 --weight_decay 0 --model mlp_tcnn --tcnn_mlp_dtype fp16 --lr_degradation area --run_name fourier_mlp_baseline_area --eval_crop_lr_size 64 --eval_crop_anchor topleft,
fourier_mlp_baseline_s2_psf,6,satburst_synth,Amnesty POI-17-3-1_rgb,4,s2_psf,mlp_tcnn,fourier,8,48,2000,32.21276092529297,30.604480743408203,1.6082801818847656,0.892770528793335,0.8783602714538574,0.014410257339477539,0.2761250436306,0.319144070148468,0.04301902651786804,False,64,256,,,9.749014377593994,0.004874507188796997,13.076695680618286,0.0015789162134751678,,,/workspaces/scalef/single_samples/satburst_synth/Amnesty POI-17-3-1_rgb/fourier_mlp_baseline_s2_psf,/workspaces/scalef/optimize.py --dataset satburst_synth --satburst_data_root data --df 4 --lr_shift 1.0 --aug none --num_samples 16 --iters 2000 --batch_size 1 --optimizer adamw --learning_rate 2e-3 --weight_decay 0 --seed 6 --device cuda:0 --sample_id 'Amnesty POI-17-3-1_rgb' --input_projection fourier --projection_dim 256 --fourier_scale 10 --network_depth 4 --network_hidden_dim 256 --weight_decay 0 --model mlp_tcnn --tcnn_mlp_dtype fp16 --lr_degradation s2_psf --run_name fourier_mlp_baseline_s2_psf --eval_crop_lr_size 64 --eval_crop_anchor topleft,
hashgrid_mlp_baseline_area,6,satburst_synth,Amnesty POI-17-3-1_rgb,4,area,mlp_tcnn,hashgrid_tcnn,16,64,2000,37.68748474121094,30.604480743408203,7.083003997802734,0.9591360688209534,0.8783602714538574,0.08077579736709595,0.15873216092586517,0.319144070148468,0.16041190922260284,False,64,256,,,8.548683166503906,0.004274341583251953,12.350034713745117,0.0005270070396363735,,,/workspaces/scalef/single_samples/satburst_synth/Amnesty POI-17-3-1_rgb/hashgrid_mlp_baseline_area,/workspaces/scalef/optimize.py --dataset satburst_synth --satburst_data_root data --df 4 --lr_shift 1.0 --aug none --num_samples 16 --iters 2000 --batch_size 1 --optimizer adamw --learning_rate 2e-3 --weight_decay 0 --seed 6 --device cuda:0 --sample_id 'Amnesty POI-17-3-1_rgb' --input_projection hashgrid --hash_n_levels 16 --hash_n_features_per_level 2 --hash_log2_hashmap_size 21 --hash_base_resolution 0 --hash_max_resolution 0 --hash_encoding_dtype fp32 --hash_encoding_preset smoothstep_grid --hash_grid_type Hash --network_depth 4 --network_hidden_dim 256 --weight_decay 0 --model mlp_tcnn --tcnn_mlp_dtype fp16 --lr_degradation area --run_name hashgrid_mlp_baseline_area --eval_crop_lr_size 64 --eval_crop_anchor topleft,
hashgrid_mlp_baseline_s2_psf,6,satburst_synth,Amnesty POI-17-3-1_rgb,4,s2_psf,mlp_tcnn,hashgrid_tcnn,16,64,2000,30.670026779174805,30.604480743408203,0.06554603576660156,0.8924071192741394,0.8783602714538574,0.014046847820281982,0.20915740728378296,0.319144070148468,0.10998666286468506,False,64,256,,,9.583188772201538,0.004791594386100769,12.948044538497925,0.0011548456968739629,,,/workspaces/scalef/single_samples/satburst_synth/Amnesty POI-17-3-1_rgb/hashgrid_mlp_baseline_s2_psf,/workspaces/scalef/optimize.py --dataset satburst_synth --satburst_data_root data --df 4 --lr_shift 1.0 --aug none --num_samples 16 --iters 2000 --batch_size 1 --optimizer adamw --learning_rate 2e-3 --weight_decay 0 --seed 6 --device cuda:0 --sample_id 'Amnesty POI-17-3-1_rgb' --input_projection hashgrid --hash_n_levels 16 --hash_n_features_per_level 2 --hash_log2_hashmap_size 21 --hash_base_resolution 0 --hash_max_resolution 0 --hash_encoding_dtype fp32 --hash_encoding_preset smoothstep_grid --hash_grid_type Hash --network_depth 4 --network_hidden_dim 256 --weight_decay 0 --model mlp_tcnn --tcnn_mlp_dtype fp16 --lr_degradation s2_psf --run_name hashgrid_mlp_baseline_s2_psf --eval_crop_lr_size 64 --eval_crop_anchor topleft,
hashgrid_level_attention_area,6,satburst_synth,Amnesty POI-17-3-1_rgb,4,area,hash_attn,hashgrid_tcnn,16,64,2000,35.97322463989258,30.604480743408203,5.368743896484375,0.9437606334686279,0.8783602714538574,0.06540036201477051,0.2028653621673584,0.319144070148468,0.11627870798110962,False,64,256,2.4501161575317383,0.4544016718864441,14.319234371185303,0.0071596171855926516,17.76280975341797,0.001753843855112791,,,/workspaces/scalef/single_samples/satburst_synth/Amnesty POI-17-3-1_rgb/hashgrid_level_attention_area,/workspaces/scalef/optimize.py --dataset satburst_synth --satburst_data_root data --df 4 --lr_shift 1.0 --aug none --num_samples 16 --iters 2000 --batch_size 1 --optimizer adamw --learning_rate 2e-3 --weight_decay 0 --seed 6 --device cuda:0 --sample_id 'Amnesty POI-17-3-1_rgb' --input_projection hashgrid --hash_n_levels 16 --hash_n_features_per_level 2 --hash_log2_hashmap_size 21 --hash_base_resolution 0 --hash_max_resolution 0 --hash_encoding_dtype fp32 --hash_encoding_preset smoothstep_grid --hash_grid_type Hash --network_depth 4 --network_hidden_dim 256 --weight_decay 0 --model hash_attn --hash_attn_token_dim 32 --log_attention --lr_degradation area --run_name hashgrid_level_attention_area --eval_crop_lr_size 64 --eval_crop_anchor topleft,"[0.025291578844189644, 0.025839246809482574, 0.02681340090930462, 0.02670248970389366, 0.029751364141702652, 0.028988350182771683, 0.0306259598582983, 0.03569762036204338, 0.03716699779033661, 0.044122256338596344, 0.0556122362613678, 0.08658414334058762, 0.09240269660949707, 0.12305614352226257, 0.1497614085674286, 0.18158410489559174]"
hashgrid_level_attention_s2_psf,6,satburst_synth,Amnesty POI-17-3-1_rgb,4,s2_psf,hash_attn,hashgrid_tcnn,16,64,2000,30.286144256591797,30.604480743408203,-0.31833648681640625,0.8779251575469971,0.8783602714538574,-0.00043511390686035156,0.2486114650964737,0.319144070148468,0.07053260505199432,False,64,256,2.216515064239502,0.5800681114196777,16.526938438415527,0.008263469219207764,19.724802017211914,0.002676092553883791,,,/workspaces/scalef/single_samples/satburst_synth/Amnesty POI-17-3-1_rgb/hashgrid_level_attention_s2_psf,/workspaces/scalef/optimize.py --dataset satburst_synth --satburst_data_root data --df 4 --lr_shift 1.0 --aug none --num_samples 16 --iters 2000 --batch_size 1 --optimizer adamw --learning_rate 2e-3 --weight_decay 0 --seed 6 --device cuda:0 --sample_id 'Amnesty POI-17-3-1_rgb' --input_projection hashgrid --hash_n_levels 16 --hash_n_features_per_level 2 --hash_log2_hashmap_size 21 --hash_base_resolution 0 --hash_max_resolution 0 --hash_encoding_dtype fp32 --hash_encoding_preset smoothstep_grid --hash_grid_type Hash --network_depth 4 --network_hidden_dim 256 --weight_decay 0 --model hash_attn --hash_attn_token_dim 32 --log_attention --lr_degradation s2_psf --run_name hashgrid_level_attention_s2_psf --eval_crop_lr_size 64 --eval_crop_anchor topleft,"[0.019603218883275986, 0.019814280793070793, 0.020785480737686157, 0.02049787901341915, 0.02276908978819847, 0.022354232147336006, 0.023891808465123177, 0.028205957263708115, 0.028277210891246796, 0.03314114362001419, 0.038756415247917175, 0.06764733791351318, 0.07418777048587799, 0.13581256568431854, 0.18037350475788116, 0.2638821005821228]"
fourier_band_attention_area,6,satburst_synth,Amnesty POI-17-3-1_rgb,4,area,fourier_band_attn,fourier,8,48,2000,32.808868408203125,30.604480743408203,2.204387664794922,0.8579776883125305,0.8783602714538574,-0.020382583141326904,0.4168834388256073,0.319144070148468,-0.09773936867713928,False,64,256,1.910402774810791,0.5244478583335876,12.485027551651001,0.0062425137758255,16.13455104827881,0.006115764379501343,,,/workspaces/scalef/single_samples/satburst_synth/Amnesty POI-17-3-1_rgb/fourier_band_attention_area,/workspaces/scalef/optimize.py --dataset satburst_synth --satburst_data_root data --df 4 --lr_shift 1.0 --aug none --num_samples 16 --iters 2000 --batch_size 1 --optimizer adamw --learning_rate 2e-3 --weight_decay 0 --seed 6 --device cuda:0 --sample_id 'Amnesty POI-17-3-1_rgb' --input_projection fourier --projection_dim 256 --fourier_scale 10 --network_depth 4 --network_hidden_dim 256 --weight_decay 0 --model fourier_band_attn --attn_token_dim 32 --fourier_num_bands 8 --log_attention --lr_degradation area --run_name fourier_band_attention_area --eval_crop_lr_size 64 --eval_crop_anchor topleft,"[0.11387743055820465, 0.09633590281009674, 0.07592368125915527, 0.10796089470386505, 0.08145420253276825, 0.12393751740455627, 0.08911065757274628, 0.3113996982574463]"
fourier_band_attention_s2_psf,6,satburst_synth,Amnesty POI-17-3-1_rgb,4,s2_psf,fourier_band_attn,fourier,8,48,2000,30.57069969177246,30.604480743408203,-0.03378105163574219,0.7987009882926941,0.8783602714538574,-0.07965928316116333,0.4716818034648895,0.319144070148468,-0.1525377333164215,False,64,256,1.933107852935791,0.49252134561538696,14.087204217910767,0.007043602108955383,17.680071115493774,0.008126430213451385,,,/workspaces/scalef/single_samples/satburst_synth/Amnesty POI-17-3-1_rgb/fourier_band_attention_s2_psf,/workspaces/scalef/optimize.py --dataset satburst_synth --satburst_data_root data --df 4 --lr_shift 1.0 --aug none --num_samples 16 --iters 2000 --batch_size 1 --optimizer adamw --learning_rate 2e-3 --weight_decay 0 --seed 6 --device cuda:0 --sample_id 'Amnesty POI-17-3-1_rgb' --input_projection fourier --projection_dim 256 --fourier_scale 10 --network_depth 4 --network_hidden_dim 256 --weight_decay 0 --model fourier_band_attn --attn_token_dim 32 --fourier_num_bands 8 --log_attention --lr_degradation s2_psf --run_name fourier_band_attention_s2_psf --eval_crop_lr_size 64 --eval_crop_anchor topleft,"[0.13348354399204254, 0.09994033724069595, 0.0779324471950531, 0.10959146916866302, 0.08653085678815842, 0.1257021725177765, 0.09266707301139832, 0.27415210008621216]"
fourier_mlp_baseline_area,6,satburst_synth,Amnesty POI-4-1-1_rgb,4,area,mlp_tcnn,fourier,8,48,2000,36.69404220581055,30.38006019592285,6.313982009887695,0.9371111392974854,0.7895834445953369,0.14752769470214844,0.19935345649719238,0.39210137724876404,0.19274792075157166,False,64,256,,,8.403101921081543,0.004201550960540771,11.901453495025635,0.002620651153847575,,,/workspaces/scalef/single_samples/satburst_synth/Amnesty POI-4-1-1_rgb/fourier_mlp_baseline_area,/workspaces/scalef/optimize.py --dataset satburst_synth --satburst_data_root data --df 4 --lr_shift 1.0 --aug none --num_samples 16 --iters 2000 --batch_size 1 --optimizer adamw --learning_rate 2e-3 --weight_decay 0 --seed 6 --device cuda:0 --sample_id 'Amnesty POI-4-1-1_rgb' --input_projection fourier --projection_dim 256 --fourier_scale 10 --network_depth 4 --network_hidden_dim 256 --weight_decay 0 --model mlp_tcnn --tcnn_mlp_dtype fp16 --lr_degradation area --run_name fourier_mlp_baseline_area --eval_crop_lr_size 64 --eval_crop_anchor topleft,
fourier_mlp_baseline_s2_psf,6,satburst_synth,Amnesty POI-4-1-1_rgb,4,s2_psf,mlp_tcnn,fourier,8,48,2000,30.76180076599121,30.38006019592285,0.3817405700683594,0.8539565205574036,0.7895834445953369,0.06437307596206665,0.28738489747047424,0.39210137724876404,0.1047164797782898,False,64,256,,,10.277785301208496,0.005138892650604248,13.789166450500488,0.006672840099781752,,,/workspaces/scalef/single_samples/satburst_synth/Amnesty POI-4-1-1_rgb/fourier_mlp_baseline_s2_psf,/workspaces/scalef/optimize.py --dataset satburst_synth --satburst_data_root data --df 4 --lr_shift 1.0 --aug none --num_samples 16 --iters 2000 --batch_size 1 --optimizer adamw --learning_rate 2e-3 --weight_decay 0 --seed 6 --device cuda:0 --sample_id 'Amnesty POI-4-1-1_rgb' --input_projection fourier --projection_dim 256 --fourier_scale 10 --network_depth 4 --network_hidden_dim 256 --weight_decay 0 --model mlp_tcnn --tcnn_mlp_dtype fp16 --lr_degradation s2_psf --run_name fourier_mlp_baseline_s2_psf --eval_crop_lr_size 64 --eval_crop_anchor topleft,
hashgrid_mlp_baseline_area,6,satburst_synth,Amnesty POI-4-1-1_rgb,4,area,mlp_tcnn,hashgrid_tcnn,16,64,2000,36.71344757080078,30.38006019592285,6.33338737487793,0.9412775039672852,0.7895834445953369,0.15169405937194824,0.17193034291267395,0.39210137724876404,0.2201710343360901,False,64,256,,,7.830127477645874,0.003915063738822937,11.281627416610718,0.0015890750801190734,,,/workspaces/scalef/single_samples/satburst_synth/Amnesty POI-4-1-1_rgb/hashgrid_mlp_baseline_area,/workspaces/scalef/optimize.py --dataset satburst_synth --satburst_data_root data --df 4 --lr_shift 1.0 --aug none --num_samples 16 --iters 2000 --batch_size 1 --optimizer adamw --learning_rate 2e-3 --weight_decay 0 --seed 6 --device cuda:0 --sample_id 'Amnesty POI-4-1-1_rgb' --input_projection hashgrid --hash_n_levels 16 --hash_n_features_per_level 2 --hash_log2_hashmap_size 21 --hash_base_resolution 0 --hash_max_resolution 0 --hash_encoding_dtype fp32 --hash_encoding_preset smoothstep_grid --hash_grid_type Hash --network_depth 4 --network_hidden_dim 256 --weight_decay 0 --model mlp_tcnn --tcnn_mlp_dtype fp16 --lr_degradation area --run_name hashgrid_mlp_baseline_area --eval_crop_lr_size 64 --eval_crop_anchor topleft,
hashgrid_mlp_baseline_s2_psf,6,satburst_synth,Amnesty POI-4-1-1_rgb,4,s2_psf,mlp_tcnn,hashgrid_tcnn,16,64,2000,28.854351043701172,30.38006019592285,-1.5257091522216797,0.8083420395851135,0.7895834445953369,0.01875859498977661,0.3092738389968872,0.39210137724876404,0.08282753825187683,False,64,256,,,9.565054655075073,0.004782527327537537,12.916139364242554,0.0037789195775985718,,,/workspaces/scalef/single_samples/satburst_synth/Amnesty POI-4-1-1_rgb/hashgrid_mlp_baseline_s2_psf,/workspaces/scalef/optimize.py --dataset satburst_synth --satburst_data_root data --df 4 --lr_shift 1.0 --aug none --num_samples 16 --iters 2000 --batch_size 1 --optimizer adamw --learning_rate 2e-3 --weight_decay 0 --seed 6 --device cuda:0 --sample_id 'Amnesty POI-4-1-1_rgb' --input_projection hashgrid --hash_n_levels 16 --hash_n_features_per_level 2 --hash_log2_hashmap_size 21 --hash_base_resolution 0 --hash_max_resolution 0 --hash_encoding_dtype fp32 --hash_encoding_preset smoothstep_grid --hash_grid_type Hash --network_depth 4 --network_hidden_dim 256 --weight_decay 0 --model mlp_tcnn --tcnn_mlp_dtype fp16 --lr_degradation s2_psf --run_name hashgrid_mlp_baseline_s2_psf --eval_crop_lr_size 64 --eval_crop_anchor topleft,
hashgrid_level_attention_area,6,satburst_synth,Amnesty POI-4-1-1_rgb,4,area,hash_attn,hashgrid_tcnn,16,64,2000,35.3614501953125,30.38006019592285,4.981389999389648,0.9185056686401367,0.7895834445953369,0.1289222240447998,0.20145399868488312,0.39210137724876404,0.19064737856388092,False,64,256,2.3332035541534424,0.45533204078674316,14.106488227844238,0.007053244113922119,17.717129707336426,0.003347511403262615,,,/workspaces/scalef/single_samples/satburst_synth/Amnesty POI-4-1-1_rgb/hashgrid_level_attention_area,/workspaces/scalef/optimize.py --dataset satburst_synth --satburst_data_root data --df 4 --lr_shift 1.0 --aug none --num_samples 16 --iters 2000 --batch_size 1 --optimizer adamw --learning_rate 2e-3 --weight_decay 0 --seed 6 --device cuda:0 --sample_id 'Amnesty POI-4-1-1_rgb' --input_projection hashgrid --hash_n_levels 16 --hash_n_features_per_level 2 --hash_log2_hashmap_size 21 --hash_base_resolution 0 --hash_max_resolution 0 --hash_encoding_dtype fp32 --hash_encoding_preset smoothstep_grid --hash_grid_type Hash --network_depth 4 --network_hidden_dim 256 --weight_decay 0 --model hash_attn --hash_attn_token_dim 32 --log_attention --lr_degradation area --run_name hashgrid_level_attention_area --eval_crop_lr_size 64 --eval_crop_anchor topleft,"[0.02350057289004326, 0.02608630806207657, 0.02740534022450447, 0.027999205514788628, 0.02796095609664917, 0.027504656463861465, 0.03321909159421921, 0.03411843627691269, 0.042078398168087006, 0.047985292971134186, 0.05657316744327545, 0.07559216767549515, 0.09464438259601593, 0.13394737243652344, 0.15088790655136108, 0.17049673199653625]"
hashgrid_level_attention_s2_psf,6,satburst_synth,Amnesty POI-4-1-1_rgb,4,s2_psf,hash_attn,hashgrid_tcnn,16,64,2000,29.016298294067383,30.38006019592285,-1.3637619018554688,0.8058338761329651,0.7895834445953369,0.016250431537628174,0.29419511556625366,0.39210137724876404,0.09790626168251038,False,64,256,2.041059970855713,0.555931031703949,15.77131724357605,0.007885658621788024,19.3208110332489,0.0066397786140441895,,,/workspaces/scalef/single_samples/satburst_synth/Amnesty POI-4-1-1_rgb/hashgrid_level_attention_s2_psf,/workspaces/scalef/optimize.py --dataset satburst_synth --satburst_data_root data --df 4 --lr_shift 1.0 --aug none --num_samples 16 --iters 2000 --batch_size 1 --optimizer adamw --learning_rate 2e-3 --weight_decay 0 --seed 6 --device cuda:0 --sample_id 'Amnesty POI-4-1-1_rgb' --input_projection hashgrid --hash_n_levels 16 --hash_n_features_per_level 2 --hash_log2_hashmap_size 21 --hash_base_resolution 0 --hash_max_resolution 0 --hash_encoding_dtype fp32 --hash_encoding_preset smoothstep_grid --hash_grid_type Hash --network_depth 4 --network_hidden_dim 256 --weight_decay 0 --model hash_attn --hash_attn_token_dim 32 --log_attention --lr_degradation s2_psf --run_name hashgrid_level_attention_s2_psf --eval_crop_lr_size 64 --eval_crop_anchor topleft,"[0.01765875145792961, 0.021827880293130875, 0.02284667268395424, 0.024190161377191544, 0.02209201455116272, 0.021728476509451866, 0.028130892664194107, 0.029069261625409126, 0.03334049880504608, 0.038496844470500946, 0.042979028075933456, 0.05985051393508911, 0.08185802400112152, 0.15031850337982178, 0.18044942617416382, 0.2251630425453186]"
fourier_band_attention_area,6,satburst_synth,Amnesty POI-4-1-1_rgb,4,area,fourier_band_attn,fourier,8,48,2000,31.156003952026367,30.38006019592285,0.7759437561035156,0.7791433334350586,0.7895834445953369,-0.01044011116027832,0.45909643173217773,0.39210137724876404,-0.0669950544834137,False,64,256,2.005110263824463,0.39973148703575134,12.16744089126587,0.006083720445632935,15.914190530776978,0.03253715857863426,,,/workspaces/scalef/single_samples/satburst_synth/Amnesty POI-4-1-1_rgb/fourier_band_attention_area,/workspaces/scalef/optimize.py --dataset satburst_synth --satburst_data_root data --df 4 --lr_shift 1.0 --aug none --num_samples 16 --iters 2000 --batch_size 1 --optimizer adamw --learning_rate 2e-3 --weight_decay 0 --seed 6 --device cuda:0 --sample_id 'Amnesty POI-4-1-1_rgb' --input_projection fourier --projection_dim 256 --fourier_scale 10 --network_depth 4 --network_hidden_dim 256 --weight_decay 0 --model fourier_band_attn --attn_token_dim 32 --fourier_num_bands 8 --log_attention --lr_degradation area --run_name fourier_band_attention_area --eval_crop_lr_size 64 --eval_crop_anchor topleft,"[0.09617625921964645, 0.11730243265628815, 0.1383465826511383, 0.1498694121837616, 0.09857384860515594, 0.12070391327142715, 0.12203885614871979, 0.1569886952638626]"
fourier_band_attention_s2_psf,6,satburst_synth,Amnesty POI-4-1-1_rgb,4,s2_psf,fourier_band_attn,fourier,8,48,2000,29.05970001220703,30.38006019592285,-1.3203601837158203,0.6904383301734924,0.7895834445953369,-0.09914511442184448,0.49840325117111206,0.39210137724876404,-0.10630187392234802,False,64,256,1.9925419092178345,0.39299988746643066,13.360879182815552,0.006680439591407776,16.807267427444458,0.04873384162783623,,,/workspaces/scalef/single_samples/satburst_synth/Amnesty POI-4-1-1_rgb/fourier_band_attention_s2_psf,/workspaces/scalef/optimize.py --dataset satburst_synth --satburst_data_root data --df 4 --lr_shift 1.0 --aug none --num_samples 16 --iters 2000 --batch_size 1 --optimizer adamw --learning_rate 2e-3 --weight_decay 0 --seed 6 --device cuda:0 --sample_id 'Amnesty POI-4-1-1_rgb' --input_projection fourier --projection_dim 256 --fourier_scale 10 --network_depth 4 --network_hidden_dim 256 --weight_decay 0 --model fourier_band_attn --attn_token_dim 32 --fourier_num_bands 8 --log_attention --lr_degradation s2_psf --run_name fourier_band_attention_s2_psf --eval_crop_lr_size 64 --eval_crop_anchor topleft,"[0.09236941486597061, 0.12054596841335297, 0.13070714473724365, 0.15882274508476257, 0.10455486178398132, 0.1331002116203308, 0.12093928456306458, 0.13896037638187408]"
fourier_mlp_baseline_area,6,satburst_synth,Amnesty POI-5-2-1_rgb,4,area,mlp_tcnn,fourier,8,48,2000,39.8889274597168,34.8807487487793,5.0081787109375,0.9404682517051697,0.8528595566749573,0.0876086950302124,0.15797139704227448,0.3727266788482666,0.21475528180599213,False,64,256,,,8.055241346359253,0.004027620673179627,11.6151602268219,0.0014599328860640526,,,/workspaces/scalef/single_samples/satburst_synth/Amnesty POI-5-2-1_rgb/fourier_mlp_baseline_area,/workspaces/scalef/optimize.py --dataset satburst_synth --satburst_data_root data --df 4 --lr_shift 1.0 --aug none --num_samples 16 --iters 2000 --batch_size 1 --optimizer adamw --learning_rate 2e-3 --weight_decay 0 --seed 6 --device cuda:0 --sample_id 'Amnesty POI-5-2-1_rgb' --input_projection fourier --projection_dim 256 --fourier_scale 10 --network_depth 4 --network_hidden_dim 256 --weight_decay 0 --model mlp_tcnn --tcnn_mlp_dtype fp16 --lr_degradation area --run_name fourier_mlp_baseline_area --eval_crop_lr_size 64 --eval_crop_anchor topleft,
fourier_mlp_baseline_s2_psf,6,satburst_synth,Amnesty POI-5-2-1_rgb,4,s2_psf,mlp_tcnn,fourier,8,48,2000,35.754608154296875,34.8807487487793,0.8738594055175781,0.8924942016601562,0.8528595566749573,0.039634644985198975,0.256368488073349,0.3727266788482666,0.1163581907749176,False,64,256,,,10.217557907104492,0.005108778953552246,13.428912162780762,0.003227127715945244,,,/workspaces/scalef/single_samples/satburst_synth/Amnesty POI-5-2-1_rgb/fourier_mlp_baseline_s2_psf,/workspaces/scalef/optimize.py --dataset satburst_synth --satburst_data_root data --df 4 --lr_shift 1.0 --aug none --num_samples 16 --iters 2000 --batch_size 1 --optimizer adamw --learning_rate 2e-3 --weight_decay 0 --seed 6 --device cuda:0 --sample_id 'Amnesty POI-5-2-1_rgb' --input_projection fourier --projection_dim 256 --fourier_scale 10 --network_depth 4 --network_hidden_dim 256 --weight_decay 0 --model mlp_tcnn --tcnn_mlp_dtype fp16 --lr_degradation s2_psf --run_name fourier_mlp_baseline_s2_psf --eval_crop_lr_size 64 --eval_crop_anchor topleft,
hashgrid_mlp_baseline_area,6,satburst_synth,Amnesty POI-5-2-1_rgb,4,area,mlp_tcnn,hashgrid_tcnn,16,64,2000,39.53813934326172,34.8807487487793,4.657390594482422,0.9368815422058105,0.8528595566749573,0.08402198553085327,0.19253486394882202,0.3727266788482666,0.18019181489944458,False,64,256,,,8.125067949295044,0.004062533974647522,11.671250104904175,0.0014786900719627738,,,/workspaces/scalef/single_samples/satburst_synth/Amnesty POI-5-2-1_rgb/hashgrid_mlp_baseline_area,/workspaces/scalef/optimize.py --dataset satburst_synth --satburst_data_root data --df 4 --lr_shift 1.0 --aug none --num_samples 16 --iters 2000 --batch_size 1 --optimizer adamw --learning_rate 2e-3 --weight_decay 0 --seed 6 --device cuda:0 --sample_id 'Amnesty POI-5-2-1_rgb' --input_projection hashgrid --hash_n_levels 16 --hash_n_features_per_level 2 --hash_log2_hashmap_size 21 --hash_base_resolution 0 --hash_max_resolution 0 --hash_encoding_dtype fp32 --hash_encoding_preset smoothstep_grid --hash_grid_type Hash --network_depth 4 --network_hidden_dim 256 --weight_decay 0 --model mlp_tcnn --tcnn_mlp_dtype fp16 --lr_degradation area --run_name hashgrid_mlp_baseline_area --eval_crop_lr_size 64 --eval_crop_anchor topleft,
hashgrid_mlp_baseline_s2_psf,6,satburst_synth,Amnesty POI-5-2-1_rgb,4,s2_psf,mlp_tcnn,hashgrid_tcnn,16,64,2000,34.455684661865234,34.8807487487793,-0.4250640869140625,0.8728803992271423,0.8528595566749573,0.02002084255218506,0.2867649793624878,0.3727266788482666,0.08596169948577881,False,64,256,,,9.808664560317993,0.004904332280158997,13.1866774559021,0.002586900722235441,,,/workspaces/scalef/single_samples/satburst_synth/Amnesty POI-5-2-1_rgb/hashgrid_mlp_baseline_s2_psf,/workspaces/scalef/optimize.py --dataset satburst_synth --satburst_data_root data --df 4 --lr_shift 1.0 --aug none --num_samples 16 --iters 2000 --batch_size 1 --optimizer adamw --learning_rate 2e-3 --weight_decay 0 --seed 6 --device cuda:0 --sample_id 'Amnesty POI-5-2-1_rgb' --input_projection hashgrid --hash_n_levels 16 --hash_n_features_per_level 2 --hash_log2_hashmap_size 21 --hash_base_resolution 0 --hash_max_resolution 0 --hash_encoding_dtype fp32 --hash_encoding_preset smoothstep_grid --hash_grid_type Hash --network_depth 4 --network_hidden_dim 256 --weight_decay 0 --model mlp_tcnn --tcnn_mlp_dtype fp16 --lr_degradation s2_psf --run_name hashgrid_mlp_baseline_s2_psf --eval_crop_lr_size 64 --eval_crop_anchor topleft,
hashgrid_level_attention_area,6,satburst_synth,Amnesty POI-5-2-1_rgb,4,area,hash_attn,hashgrid_tcnn,16,64,2000,38.26844787597656,34.8807487487793,3.3876991271972656,0.9213849902153015,0.8528595566749573,0.06852543354034424,0.2150387465953827,0.3727266788482666,0.1576879322528839,False,64,256,2.3653674125671387,0.49937787652015686,13.856438875198364,0.006928219437599182,17.200801134109497,0.002780094277113676,,,/workspaces/scalef/single_samples/satburst_synth/Amnesty POI-5-2-1_rgb/hashgrid_level_attention_area,/workspaces/scalef/optimize.py --dataset satburst_synth --satburst_data_root data --df 4 --lr_shift 1.0 --aug none --num_samples 16 --iters 2000 --batch_size 1 --optimizer adamw --learning_rate 2e-3 --weight_decay 0 --seed 6 --device cuda:0 --sample_id 'Amnesty POI-5-2-1_rgb' --input_projection hashgrid --hash_n_levels 16 --hash_n_features_per_level 2 --hash_log2_hashmap_size 21 --hash_base_resolution 0 --hash_max_resolution 0 --hash_encoding_dtype fp32 --hash_encoding_preset smoothstep_grid --hash_grid_type Hash --network_depth 4 --network_hidden_dim 256 --weight_decay 0 --model hash_attn --hash_attn_token_dim 32 --log_attention --lr_degradation area --run_name hashgrid_level_attention_area --eval_crop_lr_size 64 --eval_crop_anchor topleft,"[0.02377399429678917, 0.026481054723262787, 0.024403242394328117, 0.025797974318265915, 0.027588464319705963, 0.027035776525735855, 0.027592763304710388, 0.02922159805893898, 0.030393332242965698, 0.03434763476252556, 0.051295071840286255, 0.05383224040269852, 0.1188589558005333, 0.1449914276599884, 0.16267773509025574, 0.1917087286710739]"
hashgrid_level_attention_s2_psf,6,satburst_synth,Amnesty POI-5-2-1_rgb,4,s2_psf,hash_attn,hashgrid_tcnn,16,64,2000,34.14887619018555,34.8807487487793,-0.73187255859375,0.8592532277107239,0.8528595566749573,0.0063936710357666016,0.30813807249069214,0.3727266788482666,0.06458860635757446,False,64,256,2.1180081367492676,0.6099460124969482,16.063940286636353,0.008031970143318176,19.540607452392578,0.0042161401361227036,,,/workspaces/scalef/single_samples/satburst_synth/Amnesty POI-5-2-1_rgb/hashgrid_level_attention_s2_psf,/workspaces/scalef/optimize.py --dataset satburst_synth --satburst_data_root data --df 4 --lr_shift 1.0 --aug none --num_samples 16 --iters 2000 --batch_size 1 --optimizer adamw --learning_rate 2e-3 --weight_decay 0 --seed 6 --device cuda:0 --sample_id 'Amnesty POI-5-2-1_rgb' --input_projection hashgrid --hash_n_levels 16 --hash_n_features_per_level 2 --hash_log2_hashmap_size 21 --hash_base_resolution 0 --hash_max_resolution 0 --hash_encoding_dtype fp32 --hash_encoding_preset smoothstep_grid --hash_grid_type Hash --network_depth 4 --network_hidden_dim 256 --weight_decay 0 --model hash_attn --hash_attn_token_dim 32 --log_attention --lr_degradation s2_psf --run_name hashgrid_level_attention_s2_psf --eval_crop_lr_size 64 --eval_crop_anchor topleft,"[0.01922895945608616, 0.021840080618858337, 0.019454270601272583, 0.020289266481995583, 0.021719060838222504, 0.02127240039408207, 0.0211486853659153, 0.022549118846654892, 0.022533144801855087, 0.02487374097108841, 0.031475603580474854, 0.0330391526222229, 0.11063045263290405, 0.15785858035087585, 0.20052696764469147, 0.2515605092048645]"
fourier_band_attention_area,6,satburst_synth,Amnesty POI-5-2-1_rgb,4,area,fourier_band_attn,fourier,8,48,2000,32.07551193237305,34.8807487487793,-2.80523681640625,0.7675583958625793,0.8528595566749573,-0.08530116081237793,0.42725929617881775,0.3727266788482666,-0.05453261733055115,False,64,256,1.9658455848693848,0.4428681433200836,11.94085955619812,0.00597042977809906,15.413546562194824,0.020062429830431938,,,/workspaces/scalef/single_samples/satburst_synth/Amnesty POI-5-2-1_rgb/fourier_band_attention_area,/workspaces/scalef/optimize.py --dataset satburst_synth --satburst_data_root data --df 4 --lr_shift 1.0 --aug none --num_samples 16 --iters 2000 --batch_size 1 --optimizer adamw --learning_rate 2e-3 --weight_decay 0 --seed 6 --device cuda:0 --sample_id 'Amnesty POI-5-2-1_rgb' --input_projection fourier --projection_dim 256 --fourier_scale 10 --network_depth 4 --network_hidden_dim 256 --weight_decay 0 --model fourier_band_attn --attn_token_dim 32 --fourier_num_bands 8 --log_attention --lr_degradation area --run_name fourier_band_attention_area --eval_crop_lr_size 64 --eval_crop_anchor topleft,"[0.10169729590415955, 0.1421596258878708, 0.10834994912147522, 0.126508891582489, 0.07841607928276062, 0.13796870410442352, 0.07731962203979492, 0.22757983207702637]"
fourier_band_attention_s2_psf,6,satburst_synth,Amnesty POI-5-2-1_rgb,4,s2_psf,fourier_band_attn,fourier,8,48,2000,30.44891357421875,34.8807487487793,-4.431835174560547,0.6935146450996399,0.8528595566749573,-0.15934491157531738,0.48218461871147156,0.3727266788482666,-0.10945793986320496,False,64,256,1.965388298034668,0.43432527780532837,13.432392597198486,0.006716196298599243,16.8261878490448,0.021943170577287674,,,/workspaces/scalef/single_samples/satburst_synth/Amnesty POI-5-2-1_rgb/fourier_band_attention_s2_psf,/workspaces/scalef/optimize.py --dataset satburst_synth --satburst_data_root data --df 4 --lr_shift 1.0 --aug none --num_samples 16 --iters 2000 --batch_size 1 --optimizer adamw --learning_rate 2e-3 --weight_decay 0 --seed 6 --device cuda:0 --sample_id 'Amnesty POI-5-2-1_rgb' --input_projection fourier --projection_dim 256 --fourier_scale 10 --network_depth 4 --network_hidden_dim 256 --weight_decay 0 --model fourier_band_attn --attn_token_dim 32 --fourier_num_bands 8 --log_attention --lr_degradation s2_psf --run_name fourier_band_attention_s2_psf --eval_crop_lr_size 64 --eval_crop_anchor topleft,"[0.10556192696094513, 0.13862432539463043, 0.10675086081027985, 0.12763574719429016, 0.08710187673568726, 0.1397651582956314, 0.08200989663600922, 0.21255020797252655]"
fourier_mlp_baseline_area,6,satburst_synth,Amnesty POI-7-1-3_rgb,4,area,mlp_tcnn,fourier,8,48,2000,36.16960144042969,33.25794219970703,2.9116592407226562,0.8582459092140198,0.7489996552467346,0.10924625396728516,0.26709747314453125,0.411787211894989,0.14468973875045776,False,64,256,,,7.714982748031616,0.003857491374015808,11.214088916778564,0.0025863624177873135,,,/workspaces/scalef/single_samples/satburst_synth/Amnesty POI-7-1-3_rgb/fourier_mlp_baseline_area,/workspaces/scalef/optimize.py --dataset satburst_synth --satburst_data_root data --df 4 --lr_shift 1.0 --aug none --num_samples 16 --iters 2000 --batch_size 1 --optimizer adamw --learning_rate 2e-3 --weight_decay 0 --seed 6 --device cuda:0 --sample_id 'Amnesty POI-7-1-3_rgb' --input_projection fourier --projection_dim 256 --fourier_scale 10 --network_depth 4 --network_hidden_dim 256 --weight_decay 0 --model mlp_tcnn --tcnn_mlp_dtype fp16 --lr_degradation area --run_name fourier_mlp_baseline_area --eval_crop_lr_size 64 --eval_crop_anchor topleft,
fourier_mlp_baseline_s2_psf,6,satburst_synth,Amnesty POI-7-1-3_rgb,4,s2_psf,mlp_tcnn,fourier,8,48,2000,33.931602478027344,33.25794219970703,0.6736602783203125,0.8145279884338379,0.7489996552467346,0.06552833318710327,0.293268620967865,0.411787211894989,0.11851859092712402,False,64,256,,,9.511746883392334,0.004755873441696167,12.816938400268555,0.0047275591641664505,,,/workspaces/scalef/single_samples/satburst_synth/Amnesty POI-7-1-3_rgb/fourier_mlp_baseline_s2_psf,/workspaces/scalef/optimize.py --dataset satburst_synth --satburst_data_root data --df 4 --lr_shift 1.0 --aug none --num_samples 16 --iters 2000 --batch_size 1 --optimizer adamw --learning_rate 2e-3 --weight_decay 0 --seed 6 --device cuda:0 --sample_id 'Amnesty POI-7-1-3_rgb' --input_projection fourier --projection_dim 256 --fourier_scale 10 --network_depth 4 --network_hidden_dim 256 --weight_decay 0 --model mlp_tcnn --tcnn_mlp_dtype fp16 --lr_degradation s2_psf --run_name fourier_mlp_baseline_s2_psf --eval_crop_lr_size 64 --eval_crop_anchor topleft,
hashgrid_mlp_baseline_area,6,satburst_synth,Amnesty POI-7-1-3_rgb,4,area,mlp_tcnn,hashgrid_tcnn,16,64,2000,35.915306091308594,33.25794219970703,2.6573638916015625,0.8499053120613098,0.7489996552467346,0.1009056568145752,0.2779262363910675,0.411787211894989,0.1338609755039215,False,64,256,,,7.645057201385498,0.003822528600692749,11.066582202911377,0.003945406060665846,,,/workspaces/scalef/single_samples/satburst_synth/Amnesty POI-7-1-3_rgb/hashgrid_mlp_baseline_area,/workspaces/scalef/optimize.py --dataset satburst_synth --satburst_data_root data --df 4 --lr_shift 1.0 --aug none --num_samples 16 --iters 2000 --batch_size 1 --optimizer adamw --learning_rate 2e-3 --weight_decay 0 --seed 6 --device cuda:0 --sample_id 'Amnesty POI-7-1-3_rgb' --input_projection hashgrid --hash_n_levels 16 --hash_n_features_per_level 2 --hash_log2_hashmap_size 21 --hash_base_resolution 0 --hash_max_resolution 0 --hash_encoding_dtype fp32 --hash_encoding_preset smoothstep_grid --hash_grid_type Hash --network_depth 4 --network_hidden_dim 256 --weight_decay 0 --model mlp_tcnn --tcnn_mlp_dtype fp16 --lr_degradation area --run_name hashgrid_mlp_baseline_area --eval_crop_lr_size 64 --eval_crop_anchor topleft,
hashgrid_mlp_baseline_s2_psf,6,satburst_synth,Amnesty POI-7-1-3_rgb,4,s2_psf,mlp_tcnn,hashgrid_tcnn,16,64,2000,33.26171875,33.25794219970703,0.00377655029296875,0.797141969203949,0.7489996552467346,0.048142313957214355,0.31497275829315186,0.411787211894989,0.09681445360183716,False,64,256,,,9.796006917953491,0.004898003458976745,13.117247104644775,0.0050208186730742455,,,/workspaces/scalef/single_samples/satburst_synth/Amnesty POI-7-1-3_rgb/hashgrid_mlp_baseline_s2_psf,/workspaces/scalef/optimize.py --dataset satburst_synth --satburst_data_root data --df 4 --lr_shift 1.0 --aug none --num_samples 16 --iters 2000 --batch_size 1 --optimizer adamw --learning_rate 2e-3 --weight_decay 0 --seed 6 --device cuda:0 --sample_id 'Amnesty POI-7-1-3_rgb' --input_projection hashgrid --hash_n_levels 16 --hash_n_features_per_level 2 --hash_log2_hashmap_size 21 --hash_base_resolution 0 --hash_max_resolution 0 --hash_encoding_dtype fp32 --hash_encoding_preset smoothstep_grid --hash_grid_type Hash --network_depth 4 --network_hidden_dim 256 --weight_decay 0 --model mlp_tcnn --tcnn_mlp_dtype fp16 --lr_degradation s2_psf --run_name hashgrid_mlp_baseline_s2_psf --eval_crop_lr_size 64 --eval_crop_anchor topleft,
hashgrid_level_attention_area,6,satburst_synth,Amnesty POI-7-1-3_rgb,4,area,hash_attn,hashgrid_tcnn,16,64,2000,35.65925598144531,33.25794219970703,2.4013137817382812,0.8460736274719238,0.7489996552467346,0.09707397222518921,0.2838461399078369,0.411787211894989,0.1279410719871521,False,64,256,2.1294331550598145,0.4988507628440857,13.922661066055298,0.006961330533027649,17.34849214553833,0.004367308225482702,,,/workspaces/scalef/single_samples/satburst_synth/Amnesty POI-7-1-3_rgb/hashgrid_level_attention_area,/workspaces/scalef/optimize.py --dataset satburst_synth --satburst_data_root data --df 4 --lr_shift 1.0 --aug none --num_samples 16 --iters 2000 --batch_size 1 --optimizer adamw --learning_rate 2e-3 --weight_decay 0 --seed 6 --device cuda:0 --sample_id 'Amnesty POI-7-1-3_rgb' --input_projection hashgrid --hash_n_levels 16 --hash_n_features_per_level 2 --hash_log2_hashmap_size 21 --hash_base_resolution 0 --hash_max_resolution 0 --hash_encoding_dtype fp32 --hash_encoding_preset smoothstep_grid --hash_grid_type Hash --network_depth 4 --network_hidden_dim 256 --weight_decay 0 --model hash_attn --hash_attn_token_dim 32 --log_attention --lr_degradation area --run_name hashgrid_level_attention_area --eval_crop_lr_size 64 --eval_crop_anchor topleft,"[0.0207783542573452, 0.019460570067167282, 0.019371960312128067, 0.02146674320101738, 0.02236885577440262, 0.024953866377472878, 0.02481311932206154, 0.02857241779565811, 0.03140074759721756, 0.035994455218315125, 0.04959540069103241, 0.06932564824819565, 0.13304710388183594, 0.14129361510276794, 0.16133944690227509, 0.19621767103672028]"
hashgrid_level_attention_s2_psf,6,satburst_synth,Amnesty POI-7-1-3_rgb,4,s2_psf,hash_attn,hashgrid_tcnn,16,64,2000,33.083900451660156,33.25794219970703,-0.174041748046875,0.7908983826637268,0.7489996552467346,0.04189872741699219,0.3207302689552307,0.411787211894989,0.0910569429397583,False,64,256,1.8606045246124268,0.5887877941131592,15.280393600463867,0.007640196800231934,18.500203847885132,0.007676195353269577,,,/workspaces/scalef/single_samples/satburst_synth/Amnesty POI-7-1-3_rgb/hashgrid_level_attention_s2_psf,/workspaces/scalef/optimize.py --dataset satburst_synth --satburst_data_root data --df 4 --lr_shift 1.0 --aug none --num_samples 16 --iters 2000 --batch_size 1 --optimizer adamw --learning_rate 2e-3 --weight_decay 0 --seed 6 --device cuda:0 --sample_id 'Amnesty POI-7-1-3_rgb' --input_projection hashgrid --hash_n_levels 16 --hash_n_features_per_level 2 --hash_log2_hashmap_size 21 --hash_base_resolution 0 --hash_max_resolution 0 --hash_encoding_dtype fp32 --hash_encoding_preset smoothstep_grid --hash_grid_type Hash --network_depth 4 --network_hidden_dim 256 --weight_decay 0 --model hash_attn --hash_attn_token_dim 32 --log_attention --lr_degradation s2_psf --run_name hashgrid_level_attention_s2_psf --eval_crop_lr_size 64 --eval_crop_anchor topleft,"[0.016179587692022324, 0.015790211036801338, 0.015614421106874943, 0.017532829195261, 0.018781019374728203, 0.01868250221014023, 0.018844177946448326, 0.02228720113635063, 0.02050699293613434, 0.021610544994473457, 0.03698468953371048, 0.05423523485660553, 0.13416284322738647, 0.15937277674674988, 0.18095937371253967, 0.24845561385154724]"
fourier_band_attention_area,6,satburst_synth,Amnesty POI-7-1-3_rgb,4,area,fourier_band_attn,fourier,8,48,2000,32.4566535949707,33.25794219970703,-0.8012886047363281,0.7256128191947937,0.7489996552467346,-0.023386836051940918,0.3814800977706909,0.411787211894989,0.030307114124298096,False,64,256,1.9968563318252563,0.4208276867866516,12.071728944778442,0.006035864472389221,15.367953062057495,0.018835723400115967,,,/workspaces/scalef/single_samples/satburst_synth/Amnesty POI-7-1-3_rgb/fourier_band_attention_area,/workspaces/scalef/optimize.py --dataset satburst_synth --satburst_data_root data --df 4 --lr_shift 1.0 --aug none --num_samples 16 --iters 2000 --batch_size 1 --optimizer adamw --learning_rate 2e-3 --weight_decay 0 --seed 6 --device cuda:0 --sample_id 'Amnesty POI-7-1-3_rgb' --input_projection fourier --projection_dim 256 --fourier_scale 10 --network_depth 4 --network_hidden_dim 256 --weight_decay 0 --model fourier_band_attn --attn_token_dim 32 --fourier_num_bands 8 --log_attention --lr_degradation area --run_name fourier_band_attention_area --eval_crop_lr_size 64 --eval_crop_anchor topleft,"[0.09284020960330963, 0.12831233441829681, 0.13513265550136566, 0.12452802807092667, 0.09835906326770782, 0.14185097813606262, 0.10881105810403824, 0.17016565799713135]"
fourier_band_attention_s2_psf,6,satburst_synth,Amnesty POI-7-1-3_rgb,4,s2_psf,fourier_band_attn,fourier,8,48,2000,31.34527015686035,33.25794219970703,-1.9126720428466797,0.6843525767326355,0.7489996552467346,-0.06464707851409912,0.4118475914001465,0.411787211894989,-6.03795051574707e-05,False,64,256,1.9703623056411743,0.4069867730140686,13.531221151351929,0.006765610575675964,16.78284239768982,0.02547263912856579,,,/workspaces/scalef/single_samples/satburst_synth/Amnesty POI-7-1-3_rgb/fourier_band_attention_s2_psf,/workspaces/scalef/optimize.py --dataset satburst_synth --satburst_data_root data --df 4 --lr_shift 1.0 --aug none --num_samples 16 --iters 2000 --batch_size 1 --optimizer adamw --learning_rate 2e-3 --weight_decay 0 --seed 6 --device cuda:0 --sample_id 'Amnesty POI-7-1-3_rgb' --input_projection fourier --projection_dim 256 --fourier_scale 10 --network_depth 4 --network_hidden_dim 256 --weight_decay 0 --model fourier_band_attn --attn_token_dim 32 --fourier_num_bands 8 --log_attention --lr_degradation s2_psf --run_name fourier_band_attention_s2_psf --eval_crop_lr_size 64 --eval_crop_anchor topleft,"[0.0905086100101471, 0.1305231750011444, 0.13288173079490662, 0.12920992076396942, 0.10988976061344147, 0.14106544852256775, 0.10481530427932739, 0.16110603511333466]"
fourier_mlp_baseline_area,6,satburst_synth,Landcover-1055780_rgb,4,area,mlp_tcnn,fourier,8,48,2000,36.79643249511719,28.57100486755371,8.225427627563477,0.9444417357444763,0.8110364079475403,0.13340532779693604,0.12115193903446198,0.3333488702774048,0.2121969312429428,False,64,256,,,7.745462417602539,0.0038727312088012696,11.151223421096802,0.001194771844893694,,,/workspaces/scalef/single_samples/satburst_synth/Landcover-1055780_rgb/fourier_mlp_baseline_area,/workspaces/scalef/optimize.py --dataset satburst_synth --satburst_data_root data --df 4 --lr_shift 1.0 --aug none --num_samples 16 --iters 2000 --batch_size 1 --optimizer adamw --learning_rate 2e-3 --weight_decay 0 --seed 6 --device cuda:0 --sample_id Landcover-1055780_rgb --input_projection fourier --projection_dim 256 --fourier_scale 10 --network_depth 4 --network_hidden_dim 256 --weight_decay 0 --model mlp_tcnn --tcnn_mlp_dtype fp16 --lr_degradation area --run_name fourier_mlp_baseline_area --eval_crop_lr_size 64 --eval_crop_anchor topleft,
fourier_mlp_baseline_s2_psf,6,satburst_synth,Landcover-1055780_rgb,4,s2_psf,mlp_tcnn,fourier,8,48,2000,28.917354583740234,28.57100486755371,0.34634971618652344,0.8454890251159668,0.8110364079475403,0.034452617168426514,0.24088507890701294,0.3333488702774048,0.09246379137039185,False,64,256,,,9.495640277862549,0.004747820138931274,12.819411277770996,0.0031477934680879116,,,/workspaces/scalef/single_samples/satburst_synth/Landcover-1055780_rgb/fourier_mlp_baseline_s2_psf,/workspaces/scalef/optimize.py --dataset satburst_synth --satburst_data_root data --df 4 --lr_shift 1.0 --aug none --num_samples 16 --iters 2000 --batch_size 1 --optimizer adamw --learning_rate 2e-3 --weight_decay 0 --seed 6 --device cuda:0 --sample_id Landcover-1055780_rgb --input_projection fourier --projection_dim 256 --fourier_scale 10 --network_depth 4 --network_hidden_dim 256 --weight_decay 0 --model mlp_tcnn --tcnn_mlp_dtype fp16 --lr_degradation s2_psf --run_name fourier_mlp_baseline_s2_psf --eval_crop_lr_size 64 --eval_crop_anchor topleft,
hashgrid_mlp_baseline_area,6,satburst_synth,Landcover-1055780_rgb,4,area,mlp_tcnn,hashgrid_tcnn,16,64,2000,36.229209899902344,28.57100486755371,7.658205032348633,0.943227231502533,0.8110364079475403,0.13219082355499268,0.17339037358760834,0.3333488702774048,0.15995849668979645,False,64,256,,,7.685563802719116,0.003842781901359558,11.052805185317993,0.0008414153708145022,,,/workspaces/scalef/single_samples/satburst_synth/Landcover-1055780_rgb/hashgrid_mlp_baseline_area,/workspaces/scalef/optimize.py --dataset satburst_synth --satburst_data_root data --df 4 --lr_shift 1.0 --aug none --num_samples 16 --iters 2000 --batch_size 1 --optimizer adamw --learning_rate 2e-3 --weight_decay 0 --seed 6 --device cuda:0 --sample_id Landcover-1055780_rgb --input_projection hashgrid --hash_n_levels 16 --hash_n_features_per_level 2 --hash_log2_hashmap_size 21 --hash_base_resolution 0 --hash_max_resolution 0 --hash_encoding_dtype fp32 --hash_encoding_preset smoothstep_grid --hash_grid_type Hash --network_depth 4 --network_hidden_dim 256 --weight_decay 0 --model mlp_tcnn --tcnn_mlp_dtype fp16 --lr_degradation area --run_name hashgrid_mlp_baseline_area --eval_crop_lr_size 64 --eval_crop_anchor topleft,
hashgrid_mlp_baseline_s2_psf,6,satburst_synth,Landcover-1055780_rgb,4,s2_psf,mlp_tcnn,hashgrid_tcnn,16,64,2000,27.399452209472656,28.57100486755371,-1.1715526580810547,0.8417988419532776,0.8110364079475403,0.030762434005737305,0.2666497528553009,0.3333488702774048,0.06669911742210388,False,64,256,,,9.296725988388062,0.0046483629941940306,12.529048681259155,0.0021393278148025274,,,/workspaces/scalef/single_samples/satburst_synth/Landcover-1055780_rgb/hashgrid_mlp_baseline_s2_psf,/workspaces/scalef/optimize.py --dataset satburst_synth --satburst_data_root data --df 4 --lr_shift 1.0 --aug none --num_samples 16 --iters 2000 --batch_size 1 --optimizer adamw --learning_rate 2e-3 --weight_decay 0 --seed 6 --device cuda:0 --sample_id Landcover-1055780_rgb --input_projection hashgrid --hash_n_levels 16 --hash_n_features_per_level 2 --hash_log2_hashmap_size 21 --hash_base_resolution 0 --hash_max_resolution 0 --hash_encoding_dtype fp32 --hash_encoding_preset smoothstep_grid --hash_grid_type Hash --network_depth 4 --network_hidden_dim 256 --weight_decay 0 --model mlp_tcnn --tcnn_mlp_dtype fp16 --lr_degradation s2_psf --run_name hashgrid_mlp_baseline_s2_psf --eval_crop_lr_size 64 --eval_crop_anchor topleft,
hashgrid_level_attention_area,6,satburst_synth,Landcover-1055780_rgb,4,area,hash_attn,hashgrid_tcnn,16,64,2000,34.43101501464844,28.57100486755371,5.860010147094727,0.9245265126228333,0.8110364079475403,0.11349010467529297,0.1978483945131302,0.3333488702774048,0.1355004757642746,False,64,256,2.4516947269439697,0.42707425355911255,13.708003759384155,0.006854001879692078,17.002461910247803,0.002021022140979767,,,/workspaces/scalef/single_samples/satburst_synth/Landcover-1055780_rgb/hashgrid_level_attention_area,/workspaces/scalef/optimize.py --dataset satburst_synth --satburst_data_root data --df 4 --lr_shift 1.0 --aug none --num_samples 16 --iters 2000 --batch_size 1 --optimizer adamw --learning_rate 2e-3 --weight_decay 0 --seed 6 --device cuda:0 --sample_id Landcover-1055780_rgb --input_projection hashgrid --hash_n_levels 16 --hash_n_features_per_level 2 --hash_log2_hashmap_size 21 --hash_base_resolution 0 --hash_max_resolution 0 --hash_encoding_dtype fp32 --hash_encoding_preset smoothstep_grid --hash_grid_type Hash --network_depth 4 --network_hidden_dim 256 --weight_decay 0 --model hash_attn --hash_attn_token_dim 32 --log_attention --lr_degradation area --run_name hashgrid_level_attention_area --eval_crop_lr_size 64 --eval_crop_anchor topleft,"[0.023000897839665413, 0.023488497361540794, 0.026814719662070274, 0.027429915964603424, 0.027431165799498558, 0.030745428055524826, 0.03194504976272583, 0.036143261939287186, 0.03961937502026558, 0.051897116005420685, 0.06311410665512085, 0.08958862721920013, 0.1017075851559639, 0.11902914941310883, 0.13787689805030823, 0.1701681911945343]"
hashgrid_level_attention_s2_psf,6,satburst_synth,Landcover-1055780_rgb,4,s2_psf,hash_attn,hashgrid_tcnn,16,64,2000,27.782102584838867,28.57100486755371,-0.7889022827148438,0.8176267147064209,0.8110364079475403,0.006590306758880615,0.3177887201309204,0.3333488702774048,0.015560150146484375,False,64,256,2.1654038429260254,0.5595943927764893,15.257230043411255,0.007628615021705628,18.596773862838745,0.004096934571862221,,,/workspaces/scalef/single_samples/satburst_synth/Landcover-1055780_rgb/hashgrid_level_attention_s2_psf,/workspaces/scalef/optimize.py --dataset satburst_synth --satburst_data_root data --df 4 --lr_shift 1.0 --aug none --num_samples 16 --iters 2000 --batch_size 1 --optimizer adamw --learning_rate 2e-3 --weight_decay 0 --seed 6 --device cuda:0 --sample_id Landcover-1055780_rgb --input_projection hashgrid --hash_n_levels 16 --hash_n_features_per_level 2 --hash_log2_hashmap_size 21 --hash_base_resolution 0 --hash_max_resolution 0 --hash_encoding_dtype fp32 --hash_encoding_preset smoothstep_grid --hash_grid_type Hash --network_depth 4 --network_hidden_dim 256 --weight_decay 0 --model hash_attn --hash_attn_token_dim 32 --log_attention --lr_degradation s2_psf --run_name hashgrid_level_attention_s2_psf --eval_crop_lr_size 64 --eval_crop_anchor topleft,"[0.01523762010037899, 0.01613616943359375, 0.019075404852628708, 0.020147498697042465, 0.020063044503331184, 0.02367420867085457, 0.02396223321557045, 0.028281308710575104, 0.02988802269101143, 0.038332730531692505, 0.0417303666472435, 0.06819067895412445, 0.09568638354539871, 0.13410021364688873, 0.17372804880142212, 0.2517660856246948]"
fourier_band_attention_area,6,satburst_synth,Landcover-1055780_rgb,4,area,fourier_band_attn,fourier,8,48,2000,28.204973220825195,28.57100486755371,-0.3660316467285156,0.7110910415649414,0.8110364079475403,-0.09994536638259888,0.4458134174346924,0.3333488702774048,-0.1124645471572876,False,64,256,1.990427851676941,0.4175977110862732,11.823816537857056,0.0059119082689285275,15.174129724502563,0.028555069118738174,,,/workspaces/scalef/single_samples/satburst_synth/Landcover-1055780_rgb/fourier_band_attention_area,/workspaces/scalef/optimize.py --dataset satburst_synth --satburst_data_root data --df 4 --lr_shift 1.0 --aug none --num_samples 16 --iters 2000 --batch_size 1 --optimizer adamw --learning_rate 2e-3 --weight_decay 0 --seed 6 --device cuda:0 --sample_id Landcover-1055780_rgb --input_projection fourier --projection_dim 256 --fourier_scale 10 --network_depth 4 --network_hidden_dim 256 --weight_decay 0 --model fourier_band_attn --attn_token_dim 32 --fourier_num_bands 8 --log_attention --lr_degradation area --run_name fourier_band_attention_area --eval_crop_lr_size 64 --eval_crop_anchor topleft,"[0.09669637680053711, 0.12549763917922974, 0.12852591276168823, 0.13657189905643463, 0.0951104462146759, 0.10731832683086395, 0.10039137303829193, 0.2098880112171173]"
fourier_band_attention_s2_psf,6,satburst_synth,Landcover-1055780_rgb,4,s2_psf,fourier_band_attn,fourier,8,48,2000,25.377309799194336,28.57100486755371,-3.193695068359375,0.5808547139167786,0.8110364079475403,-0.23018169403076172,0.5126325488090515,0.3333488702774048,-0.17928367853164673,False,64,256,1.9779648780822754,0.4068616032600403,13.717170000076294,0.006858585000038147,16.993953704833984,0.03946481645107269,,,/workspaces/scalef/single_samples/satburst_synth/Landcover-1055780_rgb/fourier_band_attention_s2_psf,/workspaces/scalef/optimize.py --dataset satburst_synth --satburst_data_root data --df 4 --lr_shift 1.0 --aug none --num_samples 16 --iters 2000 --batch_size 1 --optimizer adamw --learning_rate 2e-3 --weight_decay 0 --seed 6 --device cuda:0 --sample_id Landcover-1055780_rgb --input_projection fourier --projection_dim 256 --fourier_scale 10 --network_depth 4 --network_hidden_dim 256 --weight_decay 0 --model fourier_band_attn --attn_token_dim 32 --fourier_num_bands 8 --log_attention --lr_degradation s2_psf --run_name fourier_band_attention_s2_psf --eval_crop_lr_size 64 --eval_crop_anchor topleft,"[0.11340457201004028, 0.1251319795846939, 0.13040991127490997, 0.12839244306087494, 0.09579947590827942, 0.10778738558292389, 0.09825626015663147, 0.20081795752048492]"
fourier_mlp_baseline_area,6,satburst_synth,Landcover-1295513_rgb,4,area,mlp_tcnn,fourier,8,48,2000,38.83555603027344,31.149051666259766,7.686504364013672,0.9523839950561523,0.8308073878288269,0.12157660722732544,0.10539073497056961,0.32264333963394165,0.21725260466337204,False,64,256,,,7.6227710247039795,0.00381138551235199,11.007380485534668,0.001614888897165656,,,/workspaces/scalef/single_samples/satburst_synth/Landcover-1295513_rgb/fourier_mlp_baseline_area,/workspaces/scalef/optimize.py --dataset satburst_synth --satburst_data_root data --df 4 --lr_shift 1.0 --aug none --num_samples 16 --iters 2000 --batch_size 1 --optimizer adamw --learning_rate 2e-3 --weight_decay 0 --seed 6 --device cuda:0 --sample_id Landcover-1295513_rgb --input_projection fourier --projection_dim 256 --fourier_scale 10 --network_depth 4 --network_hidden_dim 256 --weight_decay 0 --model mlp_tcnn --tcnn_mlp_dtype fp16 --lr_degradation area --run_name fourier_mlp_baseline_area --eval_crop_lr_size 64 --eval_crop_anchor topleft,
fourier_mlp_baseline_s2_psf,6,satburst_synth,Landcover-1295513_rgb,4,s2_psf,mlp_tcnn,fourier,8,48,2000,31.683748245239258,31.149051666259766,0.5346965789794922,0.880511462688446,0.8308073878288269,0.04970407485961914,0.18335554003715515,0.32264333963394165,0.1392877995967865,False,64,256,,,9.882328271865845,0.0049411641359329225,13.195853471755981,0.0033878828398883343,,,/workspaces/scalef/single_samples/satburst_synth/Landcover-1295513_rgb/fourier_mlp_baseline_s2_psf,/workspaces/scalef/optimize.py --dataset satburst_synth --satburst_data_root data --df 4 --lr_shift 1.0 --aug none --num_samples 16 --iters 2000 --batch_size 1 --optimizer adamw --learning_rate 2e-3 --weight_decay 0 --seed 6 --device cuda:0 --sample_id Landcover-1295513_rgb --input_projection fourier --projection_dim 256 --fourier_scale 10 --network_depth 4 --network_hidden_dim 256 --weight_decay 0 --model mlp_tcnn --tcnn_mlp_dtype fp16 --lr_degradation s2_psf --run_name fourier_mlp_baseline_s2_psf --eval_crop_lr_size 64 --eval_crop_anchor topleft,
hashgrid_mlp_baseline_area,6,satburst_synth,Landcover-1295513_rgb,4,area,mlp_tcnn,hashgrid_tcnn,16,64,2000,38.338417053222656,31.149051666259766,7.189365386962891,0.9508935809135437,0.8308073878288269,0.1200861930847168,0.13776525855064392,0.32264333963394165,0.18487808108329773,False,64,256,,,7.6269447803497314,0.0038134723901748655,10.979138851165771,0.001398041844367981,,,/workspaces/scalef/single_samples/satburst_synth/Landcover-1295513_rgb/hashgrid_mlp_baseline_area,/workspaces/scalef/optimize.py --dataset satburst_synth --satburst_data_root data --df 4 --lr_shift 1.0 --aug none --num_samples 16 --iters 2000 --batch_size 1 --optimizer adamw --learning_rate 2e-3 --weight_decay 0 --seed 6 --device cuda:0 --sample_id Landcover-1295513_rgb --input_projection hashgrid --hash_n_levels 16 --hash_n_features_per_level 2 --hash_log2_hashmap_size 21 --hash_base_resolution 0 --hash_max_resolution 0 --hash_encoding_dtype fp32 --hash_encoding_preset smoothstep_grid --hash_grid_type Hash --network_depth 4 --network_hidden_dim 256 --weight_decay 0 --model mlp_tcnn --tcnn_mlp_dtype fp16 --lr_degradation area --run_name hashgrid_mlp_baseline_area --eval_crop_lr_size 64 --eval_crop_anchor topleft,
hashgrid_mlp_baseline_s2_psf,6,satburst_synth,Landcover-1295513_rgb,4,s2_psf,mlp_tcnn,hashgrid_tcnn,16,64,2000,29.922330856323242,31.149051666259766,-1.2267208099365234,0.8499898910522461,0.8308073878288269,0.01918250322341919,0.2734236419200897,0.32264333963394165,0.04921969771385193,False,64,256,,,9.405483484268188,0.0047027417421340945,12.58144736289978,0.002458690432831645,,,/workspaces/scalef/single_samples/satburst_synth/Landcover-1295513_rgb/hashgrid_mlp_baseline_s2_psf,/workspaces/scalef/optimize.py --dataset satburst_synth --satburst_data_root data --df 4 --lr_shift 1.0 --aug none --num_samples 16 --iters 2000 --batch_size 1 --optimizer adamw --learning_rate 2e-3 --weight_decay 0 --seed 6 --device cuda:0 --sample_id Landcover-1295513_rgb --input_projection hashgrid --hash_n_levels 16 --hash_n_features_per_level 2 --hash_log2_hashmap_size 21 --hash_base_resolution 0 --hash_max_resolution 0 --hash_encoding_dtype fp32 --hash_encoding_preset smoothstep_grid --hash_grid_type Hash --network_depth 4 --network_hidden_dim 256 --weight_decay 0 --model mlp_tcnn --tcnn_mlp_dtype fp16 --lr_degradation s2_psf --run_name hashgrid_mlp_baseline_s2_psf --eval_crop_lr_size 64 --eval_crop_anchor topleft,
hashgrid_level_attention_area,6,satburst_synth,Landcover-1295513_rgb,4,area,hash_attn,hashgrid_tcnn,16,64,2000,36.74520492553711,31.149051666259766,5.596153259277344,0.936425507068634,0.8308073878288269,0.10561811923980713,0.1397687941789627,0.32264333963394165,0.18287454545497894,False,64,256,2.314021110534668,0.5560504794120789,13.562878608703613,0.006781439304351807,17.07333779335022,0.0044187214225530624,,,/workspaces/scalef/single_samples/satburst_synth/Landcover-1295513_rgb/hashgrid_level_attention_area,/workspaces/scalef/optimize.py --dataset satburst_synth --satburst_data_root data --df 4 --lr_shift 1.0 --aug none --num_samples 16 --iters 2000 --batch_size 1 --optimizer adamw --learning_rate 2e-3 --weight_decay 0 --seed 6 --device cuda:0 --sample_id Landcover-1295513_rgb --input_projection hashgrid --hash_n_levels 16 --hash_n_features_per_level 2 --hash_log2_hashmap_size 21 --hash_base_resolution 0 --hash_max_resolution 0 --hash_encoding_dtype fp32 --hash_encoding_preset smoothstep_grid --hash_grid_type Hash --network_depth 4 --network_hidden_dim 256 --weight_decay 0 --model hash_attn --hash_attn_token_dim 32 --log_attention --lr_degradation area --run_name hashgrid_level_attention_area --eval_crop_lr_size 64 --eval_crop_anchor topleft,"[0.02110041305422783, 0.021007653325796127, 0.020866869017481804, 0.02096274122595787, 0.020243164151906967, 0.02079036459326744, 0.0199541337788105, 0.020952902734279633, 0.020197443664073944, 0.029687102884054184, 0.055877260863780975, 0.06101106479763985, 0.11129841953516006, 0.15820680558681488, 0.18356285989284515, 0.21428079903125763]"
hashgrid_level_attention_s2_psf,6,satburst_synth,Landcover-1295513_rgb,4,s2_psf,hash_attn,hashgrid_tcnn,16,64,2000,30.172534942626953,31.149051666259766,-0.9765167236328125,0.8325329422950745,0.8308073878288269,0.0017255544662475586,0.2432367503643036,0.32264333963394165,0.07940658926963806,False,64,256,1.7699894905090332,0.773863673210144,15.229125261306763,0.007614562630653381,18.492771863937378,0.004540897440165281,,,/workspaces/scalef/single_samples/satburst_synth/Landcover-1295513_rgb/hashgrid_level_attention_s2_psf,/workspaces/scalef/optimize.py --dataset satburst_synth --satburst_data_root data --df 4 --lr_shift 1.0 --aug none --num_samples 16 --iters 2000 --batch_size 1 --optimizer adamw --learning_rate 2e-3 --weight_decay 0 --seed 6 --device cuda:0 --sample_id Landcover-1295513_rgb --input_projection hashgrid --hash_n_levels 16 --hash_n_features_per_level 2 --hash_log2_hashmap_size 21 --hash_base_resolution 0 --hash_max_resolution 0 --hash_encoding_dtype fp32 --hash_encoding_preset smoothstep_grid --hash_grid_type Hash --network_depth 4 --network_hidden_dim 256 --weight_decay 0 --model hash_attn --hash_attn_token_dim 32 --log_attention --lr_degradation s2_psf --run_name hashgrid_level_attention_s2_psf --eval_crop_lr_size 64 --eval_crop_anchor topleft,"[0.012883858755230904, 0.01259599905461073, 0.012136542238295078, 0.011722451075911522, 0.011319046840071678, 0.01062068436294794, 0.009647559374570847, 0.009264246560633183, 0.008161055855453014, 0.011168817058205605, 0.017383549362421036, 0.023562802001833916, 0.07566969841718674, 0.16399264335632324, 0.2648478150367737, 0.3450232148170471]"
fourier_band_attention_area,6,satburst_synth,Landcover-1295513_rgb,4,area,fourier_band_attn,fourier,8,48,2000,31.51746940612793,31.149051666259766,0.36841773986816406,0.8056290745735168,0.8308073878288269,-0.02517831325531006,0.3261667788028717,0.32264333963394165,-0.0035234391689300537,False,64,256,2.029263973236084,0.38790541887283325,11.773395299911499,0.00588669764995575,15.089440822601318,0.020132288336753845,,,/workspaces/scalef/single_samples/satburst_synth/Landcover-1295513_rgb/fourier_band_attention_area,/workspaces/scalef/optimize.py --dataset satburst_synth --satburst_data_root data --df 4 --lr_shift 1.0 --aug none --num_samples 16 --iters 2000 --batch_size 1 --optimizer adamw --learning_rate 2e-3 --weight_decay 0 --seed 6 --device cuda:0 --sample_id Landcover-1295513_rgb --input_projection fourier --projection_dim 256 --fourier_scale 10 --network_depth 4 --network_hidden_dim 256 --weight_decay 0 --model fourier_band_attn --attn_token_dim 32 --fourier_num_bands 8 --log_attention --lr_degradation area --run_name fourier_band_attention_area --eval_crop_lr_size 64 --eval_crop_anchor topleft,"[0.10566727817058563, 0.1326015442609787, 0.13211695849895477, 0.13707579672336578, 0.10463300347328186, 0.13617010414600372, 0.10298902541399002, 0.1487462818622589]"
fourier_band_attention_s2_psf,6,satburst_synth,Landcover-1295513_rgb,4,s2_psf,fourier_band_attn,fourier,8,48,2000,28.59183692932129,31.149051666259766,-2.5572147369384766,0.7044873833656311,0.8308073878288269,-0.1263200044631958,0.3878447115421295,0.32264333963394165,-0.06520137190818787,False,64,256,2.0085625648498535,0.3935367465019226,13.62099289894104,0.00681049644947052,16.814886331558228,0.025394894182682037,,,/workspaces/scalef/single_samples/satburst_synth/Landcover-1295513_rgb/fourier_band_attention_s2_psf,/workspaces/scalef/optimize.py --dataset satburst_synth --satburst_data_root data --df 4 --lr_shift 1.0 --aug none --num_samples 16 --iters 2000 --batch_size 1 --optimizer adamw --learning_rate 2e-3 --weight_decay 0 --seed 6 --device cuda:0 --sample_id Landcover-1295513_rgb --input_projection fourier --projection_dim 256 --fourier_scale 10 --network_depth 4 --network_hidden_dim 256 --weight_decay 0 --model fourier_band_attn --attn_token_dim 32 --fourier_num_bands 8 --log_attention --lr_degradation s2_psf --run_name fourier_band_attention_s2_psf --eval_crop_lr_size 64 --eval_crop_anchor topleft,"[0.11328604817390442, 0.12719199061393738, 0.12282034754753113, 0.13735131919384003, 0.10581351816654205, 0.13839656114578247, 0.10706420242786407, 0.14807599782943726]"
fourier_mlp_baseline_area,6,satburst_synth,Landcover-1339590_rgb,4,area,mlp_tcnn,fourier,8,48,2000,32.99502182006836,25.981605529785156,7.013416290283203,0.9019834995269775,0.5296207070350647,0.37236279249191284,0.12600062787532806,0.4121874272823334,0.2861867994070053,False,64,256,,,8.138608694076538,0.004069304347038269,11.45487928390503,0.0021465374156832695,,,/workspaces/scalef/single_samples/satburst_synth/Landcover-1339590_rgb/fourier_mlp_baseline_area,/workspaces/scalef/optimize.py --dataset satburst_synth --satburst_data_root data --df 4 --lr_shift 1.0 --aug none --num_samples 16 --iters 2000 --batch_size 1 --optimizer adamw --learning_rate 2e-3 --weight_decay 0 --seed 6 --device cuda:0 --sample_id Landcover-1339590_rgb --input_projection fourier --projection_dim 256 --fourier_scale 10 --network_depth 4 --network_hidden_dim 256 --weight_decay 0 --model mlp_tcnn --tcnn_mlp_dtype fp16 --lr_degradation area --run_name fourier_mlp_baseline_area --eval_crop_lr_size 64 --eval_crop_anchor topleft,
fourier_mlp_baseline_s2_psf,6,satburst_synth,Landcover-1339590_rgb,4,s2_psf,mlp_tcnn,fourier,8,48,2000,24.434412002563477,25.981605529785156,-1.5471935272216797,0.7310296893119812,0.5296207070350647,0.2014089822769165,0.2144060730934143,0.4121874272823334,0.19778135418891907,False,64,256,,,9.924554824829102,0.004962277412414551,13.163066148757935,0.011368878185749054,,,/workspaces/scalef/single_samples/satburst_synth/Landcover-1339590_rgb/fourier_mlp_baseline_s2_psf,/workspaces/scalef/optimize.py --dataset satburst_synth --satburst_data_root data --df 4 --lr_shift 1.0 --aug none --num_samples 16 --iters 2000 --batch_size 1 --optimizer adamw --learning_rate 2e-3 --weight_decay 0 --seed 6 --device cuda:0 --sample_id Landcover-1339590_rgb --input_projection fourier --projection_dim 256 --fourier_scale 10 --network_depth 4 --network_hidden_dim 256 --weight_decay 0 --model mlp_tcnn --tcnn_mlp_dtype fp16 --lr_degradation s2_psf --run_name fourier_mlp_baseline_s2_psf --eval_crop_lr_size 64 --eval_crop_anchor topleft,
hashgrid_mlp_baseline_area,6,satburst_synth,Landcover-1339590_rgb,4,area,mlp_tcnn,hashgrid_tcnn,16,64,2000,32.54558563232422,25.981605529785156,6.5639801025390625,0.9010148644447327,0.5296207070350647,0.37139415740966797,0.18497082591056824,0.4121874272823334,0.22721660137176514,False,64,256,,,7.888803720474243,0.003944401860237121,11.164606094360352,0.0029671466909348965,,,/workspaces/scalef/single_samples/satburst_synth/Landcover-1339590_rgb/hashgrid_mlp_baseline_area,/workspaces/scalef/optimize.py --dataset satburst_synth --satburst_data_root data --df 4 --lr_shift 1.0 --aug none --num_samples 16 --iters 2000 --batch_size 1 --optimizer adamw --learning_rate 2e-3 --weight_decay 0 --seed 6 --device cuda:0 --sample_id Landcover-1339590_rgb --input_projection hashgrid --hash_n_levels 16 --hash_n_features_per_level 2 --hash_log2_hashmap_size 21 --hash_base_resolution 0 --hash_max_resolution 0 --hash_encoding_dtype fp32 --hash_encoding_preset smoothstep_grid --hash_grid_type Hash --network_depth 4 --network_hidden_dim 256 --weight_decay 0 --model mlp_tcnn --tcnn_mlp_dtype fp16 --lr_degradation area --run_name hashgrid_mlp_baseline_area --eval_crop_lr_size 64 --eval_crop_anchor topleft,
hashgrid_mlp_baseline_s2_psf,6,satburst_synth,Landcover-1339590_rgb,4,s2_psf,mlp_tcnn,hashgrid_tcnn,16,64,2000,20.74227523803711,25.981605529785156,-5.239330291748047,0.6194660067558289,0.5296207070350647,0.08984529972076416,0.310579776763916,0.4121874272823334,0.10160765051841736,False,64,256,,,9.644116163253784,0.0048220580816268925,12.863810539245605,0.006232055835425854,,,/workspaces/scalef/single_samples/satburst_synth/Landcover-1339590_rgb/hashgrid_mlp_baseline_s2_psf,/workspaces/scalef/optimize.py --dataset satburst_synth --satburst_data_root data --df 4 --lr_shift 1.0 --aug none --num_samples 16 --iters 2000 --batch_size 1 --optimizer adamw --learning_rate 2e-3 --weight_decay 0 --seed 6 --device cuda:0 --sample_id Landcover-1339590_rgb --input_projection hashgrid --hash_n_levels 16 --hash_n_features_per_level 2 --hash_log2_hashmap_size 21 --hash_base_resolution 0 --hash_max_resolution 0 --hash_encoding_dtype fp32 --hash_encoding_preset smoothstep_grid --hash_grid_type Hash --network_depth 4 --network_hidden_dim 256 --weight_decay 0 --model mlp_tcnn --tcnn_mlp_dtype fp16 --lr_degradation s2_psf --run_name hashgrid_mlp_baseline_s2_psf --eval_crop_lr_size 64 --eval_crop_anchor topleft,
hashgrid_level_attention_area,6,satburst_synth,Landcover-1339590_rgb,4,area,hash_attn,hashgrid_tcnn,16,64,2000,29.262178421020508,25.981605529785156,3.2805728912353516,0.8098730444908142,0.5296207070350647,0.2802523374557495,0.2922302484512329,0.4121874272823334,0.11995717883110046,False,64,256,1.7390379905700684,0.6758211851119995,13.613540649414062,0.006806770324707031,17.00274968147278,0.009340394288301468,,,/workspaces/scalef/single_samples/satburst_synth/Landcover-1339590_rgb/hashgrid_level_attention_area,/workspaces/scalef/optimize.py --dataset satburst_synth --satburst_data_root data --df 4 --lr_shift 1.0 --aug none --num_samples 16 --iters 2000 --batch_size 1 --optimizer adamw --learning_rate 2e-3 --weight_decay 0 --seed 6 --device cuda:0 --sample_id Landcover-1339590_rgb --input_projection hashgrid --hash_n_levels 16 --hash_n_features_per_level 2 --hash_log2_hashmap_size 21 --hash_base_resolution 0 --hash_max_resolution 0 --hash_encoding_dtype fp32 --hash_encoding_preset smoothstep_grid --hash_grid_type Hash --network_depth 4 --network_hidden_dim 256 --weight_decay 0 --model hash_attn --hash_attn_token_dim 32 --log_attention --lr_degradation area --run_name hashgrid_level_attention_area --eval_crop_lr_size 64 --eval_crop_anchor topleft,"[0.009468615055084229, 0.009542550891637802, 0.009560510516166687, 0.009820573963224888, 0.0102531211450696, 0.010202642530202866, 0.010000219568610191, 0.01018979586660862, 0.011607552878558636, 0.01672517880797386, 0.024923285469412804, 0.07177986949682236, 0.12010487914085388, 0.17040753364562988, 0.22139210999011993, 0.2840215861797333]"
hashgrid_level_attention_s2_psf,6,satburst_synth,Landcover-1339590_rgb,4,s2_psf,hash_attn,hashgrid_tcnn,16,64,2000,22.878643035888672,25.981605529785156,-3.1029624938964844,0.6480875611305237,0.5296207070350647,0.11846685409545898,0.3242151141166687,0.4121874272823334,0.08797231316566467,False,64,256,0.822392463684082,0.9975664019584656,15.67836308479309,0.007839181542396545,18.889315605163574,0.020082511007785797,,,/workspaces/scalef/single_samples/satburst_synth/Landcover-1339590_rgb/hashgrid_level_attention_s2_psf,/workspaces/scalef/optimize.py --dataset satburst_synth --satburst_data_root data --df 4 --lr_shift 1.0 --aug none --num_samples 16 --iters 2000 --batch_size 1 --optimizer adamw --learning_rate 2e-3 --weight_decay 0 --seed 6 --device cuda:0 --sample_id Landcover-1339590_rgb --input_projection hashgrid --hash_n_levels 16 --hash_n_features_per_level 2 --hash_log2_hashmap_size 21 --hash_base_resolution 0 --hash_max_resolution 0 --hash_encoding_dtype fp32 --hash_encoding_preset smoothstep_grid --hash_grid_type Hash --network_depth 4 --network_hidden_dim 256 --weight_decay 0 --model hash_attn --hash_attn_token_dim 32 --log_attention --lr_degradation s2_psf --run_name hashgrid_level_attention_s2_psf --eval_crop_lr_size 64 --eval_crop_anchor topleft,"[0.00017204116738867015, 0.00017195148393511772, 0.00016634019266348332, 0.00016697542741894722, 0.00016033329302445054, 0.00015600032929796726, 0.0001516738411737606, 0.0001460917410440743, 0.00015254113532137126, 0.00015256850747391582, 0.0001632052008062601, 0.000249805161729455, 0.0004240282578393817, 0.1664505898952484, 0.3535938262939453, 0.477522075176239]"
fourier_band_attention_area,6,satburst_synth,Landcover-1339590_rgb,4,area,fourier_band_attn,fourier,8,48,2000,26.023935317993164,25.981605529785156,0.04232978820800781,0.575150191783905,0.5296207070350647,0.04552948474884033,0.3901611566543579,0.4121874272823334,0.022026270627975464,False,64,256,1.9841374158859253,0.39477065205574036,11.72999095916748,0.00586499547958374,15.100561141967773,0.07020986080169678,,,/workspaces/scalef/single_samples/satburst_synth/Landcover-1339590_rgb/fourier_band_attention_area,/workspaces/scalef/optimize.py --dataset satburst_synth --satburst_data_root data --df 4 --lr_shift 1.0 --aug none --num_samples 16 --iters 2000 --batch_size 1 --optimizer adamw --learning_rate 2e-3 --weight_decay 0 --seed 6 --device cuda:0 --sample_id Landcover-1339590_rgb --input_projection fourier --projection_dim 256 --fourier_scale 10 --network_depth 4 --network_hidden_dim 256 --weight_decay 0 --model fourier_band_attn --attn_token_dim 32 --fourier_num_bands 8 --log_attention --lr_degradation area --run_name fourier_band_attention_area --eval_crop_lr_size 64 --eval_crop_anchor topleft,"[0.11621509492397308, 0.1312178075313568, 0.10896365344524384, 0.1507072150707245, 0.09812556952238083, 0.10425528883934021, 0.09955409914255142, 0.19096125662326813]"
fourier_band_attention_s2_psf,6,satburst_synth,Landcover-1339590_rgb,4,s2_psf,fourier_band_attn,fourier,8,48,2000,24.880346298217773,25.981605529785156,-1.1012592315673828,0.5145724415779114,0.5296207070350647,-0.01504826545715332,0.42948755621910095,0.4121874272823334,-0.017300128936767578,False,64,256,1.9653315544128418,0.39398786425590515,13.391225337982178,0.006695612668991089,16.53057622909546,0.1326780766248703,,,/workspaces/scalef/single_samples/satburst_synth/Landcover-1339590_rgb/fourier_band_attention_s2_psf,/workspaces/scalef/optimize.py --dataset satburst_synth --satburst_data_root data --df 4 --lr_shift 1.0 --aug none --num_samples 16 --iters 2000 --batch_size 1 --optimizer adamw --learning_rate 2e-3 --weight_decay 0 --seed 6 --device cuda:0 --sample_id Landcover-1339590_rgb --input_projection fourier --projection_dim 256 --fourier_scale 10 --network_depth 4 --network_hidden_dim 256 --weight_decay 0 --model fourier_band_attn --attn_token_dim 32 --fourier_num_bands 8 --log_attention --lr_degradation s2_psf --run_name fourier_band_attention_s2_psf --eval_crop_lr_size 64 --eval_crop_anchor topleft,"[0.12192512303590775, 0.12779177725315094, 0.1157739982008934, 0.13964739441871643, 0.10087384283542633, 0.1068328320980072, 0.08811170607805252, 0.19904331862926483]"
fourier_mlp_baseline_area,6,satburst_synth,Landcover-242541_rgb,4,area,mlp_tcnn,fourier,8,48,2000,41.81692123413086,39.530208587646484,2.286712646484375,0.9490299224853516,0.9255897402763367,0.023440182209014893,0.21443690359592438,0.35531550645828247,0.1408786028623581,False,64,256,,,7.909470319747925,0.003954735159873962,11.247952461242676,0.0011068067979067564,,,/workspaces/scalef/single_samples/satburst_synth/Landcover-242541_rgb/fourier_mlp_baseline_area,/workspaces/scalef/optimize.py --dataset satburst_synth --satburst_data_root data --df 4 --lr_shift 1.0 --aug none --num_samples 16 --iters 2000 --batch_size 1 --optimizer adamw --learning_rate 2e-3 --weight_decay 0 --seed 6 --device cuda:0 --sample_id Landcover-242541_rgb --input_projection fourier --projection_dim 256 --fourier_scale 10 --network_depth 4 --network_hidden_dim 256 --weight_decay 0 --model mlp_tcnn --tcnn_mlp_dtype fp16 --lr_degradation area --run_name fourier_mlp_baseline_area --eval_crop_lr_size 64 --eval_crop_anchor topleft,
fourier_mlp_baseline_s2_psf,6,satburst_synth,Landcover-242541_rgb,4,s2_psf,mlp_tcnn,fourier,8,48,2000,40.019493103027344,39.530208587646484,0.4892845153808594,0.9328120350837708,0.9255897402763367,0.007222294807434082,0.24905340373516083,0.35531550645828247,0.10626210272312164,False,64,256,,,9.570713758468628,0.004785356879234314,12.784736394882202,0.0015651321737095714,,,/workspaces/scalef/single_samples/satburst_synth/Landcover-242541_rgb/fourier_mlp_baseline_s2_psf,/workspaces/scalef/optimize.py --dataset satburst_synth --satburst_data_root data --df 4 --lr_shift 1.0 --aug none --num_samples 16 --iters 2000 --batch_size 1 --optimizer adamw --learning_rate 2e-3 --weight_decay 0 --seed 6 --device cuda:0 --sample_id Landcover-242541_rgb --input_projection fourier --projection_dim 256 --fourier_scale 10 --network_depth 4 --network_hidden_dim 256 --weight_decay 0 --model mlp_tcnn --tcnn_mlp_dtype fp16 --lr_degradation s2_psf --run_name fourier_mlp_baseline_s2_psf --eval_crop_lr_size 64 --eval_crop_anchor topleft,
hashgrid_mlp_baseline_area,6,satburst_synth,Landcover-242541_rgb,4,area,mlp_tcnn,hashgrid_tcnn,16,64,2000,42.438636779785156,39.530208587646484,2.908428192138672,0.9547631144523621,0.9255897402763367,0.02917337417602539,0.19337406754493713,0.35531550645828247,0.16194143891334534,False,64,256,,,7.668410062789917,0.0038342050313949585,10.966716527938843,0.0015596980229020119,,,/workspaces/scalef/single_samples/satburst_synth/Landcover-242541_rgb/hashgrid_mlp_baseline_area,/workspaces/scalef/optimize.py --dataset satburst_synth --satburst_data_root data --df 4 --lr_shift 1.0 --aug none --num_samples 16 --iters 2000 --batch_size 1 --optimizer adamw --learning_rate 2e-3 --weight_decay 0 --seed 6 --device cuda:0 --sample_id Landcover-242541_rgb --input_projection hashgrid --hash_n_levels 16 --hash_n_features_per_level 2 --hash_log2_hashmap_size 21 --hash_base_resolution 0 --hash_max_resolution 0 --hash_encoding_dtype fp32 --hash_encoding_preset smoothstep_grid --hash_grid_type Hash --network_depth 4 --network_hidden_dim 256 --weight_decay 0 --model mlp_tcnn --tcnn_mlp_dtype fp16 --lr_degradation area --run_name hashgrid_mlp_baseline_area --eval_crop_lr_size 64 --eval_crop_anchor topleft,
hashgrid_mlp_baseline_s2_psf,6,satburst_synth,Landcover-242541_rgb,4,s2_psf,mlp_tcnn,hashgrid_tcnn,16,64,2000,40.20216751098633,39.530208587646484,0.6719589233398438,0.935384213924408,0.9255897402763367,0.009794473648071289,0.23692695796489716,0.35531550645828247,0.11838854849338531,False,64,256,,,10.08031940460205,0.005040159702301025,13.28103518486023,0.0020876890048384666,,,/workspaces/scalef/single_samples/satburst_synth/Landcover-242541_rgb/hashgrid_mlp_baseline_s2_psf,/workspaces/scalef/optimize.py --dataset satburst_synth --satburst_data_root data --df 4 --lr_shift 1.0 --aug none --num_samples 16 --iters 2000 --batch_size 1 --optimizer adamw --learning_rate 2e-3 --weight_decay 0 --seed 6 --device cuda:0 --sample_id Landcover-242541_rgb --input_projection hashgrid --hash_n_levels 16 --hash_n_features_per_level 2 --hash_log2_hashmap_size 21 --hash_base_resolution 0 --hash_max_resolution 0 --hash_encoding_dtype fp32 --hash_encoding_preset smoothstep_grid --hash_grid_type Hash --network_depth 4 --network_hidden_dim 256 --weight_decay 0 --model mlp_tcnn --tcnn_mlp_dtype fp16 --lr_degradation s2_psf --run_name hashgrid_mlp_baseline_s2_psf --eval_crop_lr_size 64 --eval_crop_anchor topleft,
hashgrid_level_attention_area,6,satburst_synth,Landcover-242541_rgb,4,area,hash_attn,hashgrid_tcnn,16,64,2000,41.59923553466797,39.530208587646484,2.0690269470214844,0.9470989108085632,0.9255897402763367,0.021509170532226562,0.24234133958816528,0.35531550645828247,0.11297416687011719,False,64,256,2.098968505859375,0.5807989239692688,13.80896258354187,0.006904481291770935,17.0860435962677,0.0011610311921685934,,,/workspaces/scalef/single_samples/satburst_synth/Landcover-242541_rgb/hashgrid_level_attention_area,/workspaces/scalef/optimize.py --dataset satburst_synth --satburst_data_root data --df 4 --lr_shift 1.0 --aug none --num_samples 16 --iters 2000 --batch_size 1 --optimizer adamw --learning_rate 2e-3 --weight_decay 0 --seed 6 --device cuda:0 --sample_id Landcover-242541_rgb --input_projection hashgrid --hash_n_levels 16 --hash_n_features_per_level 2 --hash_log2_hashmap_size 21 --hash_base_resolution 0 --hash_max_resolution 0 --hash_encoding_dtype fp32 --hash_encoding_preset smoothstep_grid --hash_grid_type Hash --network_depth 4 --network_hidden_dim 256 --weight_decay 0 --model hash_attn --hash_attn_token_dim 32 --log_attention --lr_degradation area --run_name hashgrid_level_attention_area --eval_crop_lr_size 64 --eval_crop_anchor topleft,"[0.01564510352909565, 0.014440778642892838, 0.01513156108558178, 0.015561049804091454, 0.015187155455350876, 0.01624055579304695, 0.014247091487050056, 0.017685066908597946, 0.01765567436814308, 0.020910847932100296, 0.0231701098382473, 0.050827767699956894, 0.18249830603599548, 0.10441315174102783, 0.2325715720653534, 0.24381420016288757]"
hashgrid_level_attention_s2_psf,6,satburst_synth,Landcover-242541_rgb,4,s2_psf,hash_attn,hashgrid_tcnn,16,64,2000,39.94105911254883,39.530208587646484,0.41085052490234375,0.9310216903686523,0.9255897402763367,0.005431950092315674,0.27964258193969727,0.35531550645828247,0.0756729245185852,False,64,256,1.8879237174987793,0.6282393336296082,15.282037496566772,0.007641018748283386,18.450854539871216,0.001845287042669952,,,/workspaces/scalef/single_samples/satburst_synth/Landcover-242541_rgb/hashgrid_level_attention_s2_psf,/workspaces/scalef/optimize.py --dataset satburst_synth --satburst_data_root data --df 4 --lr_shift 1.0 --aug none --num_samples 16 --iters 2000 --batch_size 1 --optimizer adamw --learning_rate 2e-3 --weight_decay 0 --seed 6 --device cuda:0 --sample_id Landcover-242541_rgb --input_projection hashgrid --hash_n_levels 16 --hash_n_features_per_level 2 --hash_log2_hashmap_size 21 --hash_base_resolution 0 --hash_max_resolution 0 --hash_encoding_dtype fp32 --hash_encoding_preset smoothstep_grid --hash_grid_type Hash --network_depth 4 --network_hidden_dim 256 --weight_decay 0 --model hash_attn --hash_attn_token_dim 32 --log_attention --lr_degradation s2_psf --run_name hashgrid_level_attention_s2_psf --eval_crop_lr_size 64 --eval_crop_anchor topleft,"[0.012599571608006954, 0.012469196692109108, 0.012154855765402317, 0.012789638713002205, 0.012549318373203278, 0.012992220930755138, 0.012047800235450268, 0.014007177203893661, 0.015007483772933483, 0.017762145027518272, 0.01627884805202484, 0.038018591701984406, 0.18308377265930176, 0.03952707722783089, 0.2543298006057739, 0.33438247442245483]"
fourier_band_attention_area,6,satburst_synth,Landcover-242541_rgb,4,area,fourier_band_attn,fourier,8,48,2000,37.92209243774414,39.530208587646484,-1.6081161499023438,0.90240079164505,0.9255897402763367,-0.02318894863128662,0.34546130895614624,0.35531550645828247,0.00985419750213623,False,64,256,2.034470558166504,0.40962034463882446,11.75928807258606,0.00587964403629303,15.00773572921753,0.00831720232963562,,,/workspaces/scalef/single_samples/satburst_synth/Landcover-242541_rgb/fourier_band_attention_area,/workspaces/scalef/optimize.py --dataset satburst_synth --satburst_data_root data --df 4 --lr_shift 1.0 --aug none --num_samples 16 --iters 2000 --batch_size 1 --optimizer adamw --learning_rate 2e-3 --weight_decay 0 --seed 6 --device cuda:0 --sample_id Landcover-242541_rgb --input_projection fourier --projection_dim 256 --fourier_scale 10 --network_depth 4 --network_hidden_dim 256 --weight_decay 0 --model fourier_band_attn --attn_token_dim 32 --fourier_num_bands 8 --log_attention --lr_degradation area --run_name fourier_band_attention_area --eval_crop_lr_size 64 --eval_crop_anchor topleft,"[0.09260778874158859, 0.1555807888507843, 0.10833920538425446, 0.12173904478549957, 0.11211282014846802, 0.13081349432468414, 0.10359810292720795, 0.17520876228809357]"
fourier_band_attention_s2_psf,6,satburst_synth,Landcover-242541_rgb,4,s2_psf,fourier_band_attn,fourier,8,48,2000,37.03343200683594,39.530208587646484,-2.496776580810547,0.8841846585273743,0.9255897402763367,-0.0414050817489624,0.35762643814086914,0.35531550645828247,-0.00231093168258667,False,64,256,2.0373501777648926,0.3947502374649048,13.727884531021118,0.006863942265510559,16.84090304374695,0.008201655000448227,,,/workspaces/scalef/single_samples/satburst_synth/Landcover-242541_rgb/fourier_band_attention_s2_psf,/workspaces/scalef/optimize.py --dataset satburst_synth --satburst_data_root data --df 4 --lr_shift 1.0 --aug none --num_samples 16 --iters 2000 --batch_size 1 --optimizer adamw --learning_rate 2e-3 --weight_decay 0 --seed 6 --device cuda:0 --sample_id Landcover-242541_rgb --input_projection fourier --projection_dim 256 --fourier_scale 10 --network_depth 4 --network_hidden_dim 256 --weight_decay 0 --model fourier_band_attn --attn_token_dim 32 --fourier_num_bands 8 --log_attention --lr_degradation s2_psf --run_name fourier_band_attention_s2_psf --eval_crop_lr_size 64 --eval_crop_anchor topleft,"[0.09695245325565338, 0.1533203125, 0.11102530360221863, 0.13010850548744202, 0.11384317278862, 0.12387076765298843, 0.10307438671588898, 0.16780509054660797]"
fourier_mlp_baseline_area,6,satburst_synth,Landcover-743192_rgb,4,area,mlp_tcnn,fourier,8,48,2000,38.12704849243164,32.57484436035156,5.552204132080078,0.936381995677948,0.8256102204322815,0.1107717752456665,0.1535208821296692,0.33404815196990967,0.18052726984024048,False,64,256,,,7.699091911315918,0.003849545955657959,11.091331958770752,0.0022243342828005552,,,/workspaces/scalef/single_samples/satburst_synth/Landcover-743192_rgb/fourier_mlp_baseline_area,/workspaces/scalef/optimize.py --dataset satburst_synth --satburst_data_root data --df 4 --lr_shift 1.0 --aug none --num_samples 16 --iters 2000 --batch_size 1 --optimizer adamw --learning_rate 2e-3 --weight_decay 0 --seed 6 --device cuda:0 --sample_id Landcover-743192_rgb --input_projection fourier --projection_dim 256 --fourier_scale 10 --network_depth 4 --network_hidden_dim 256 --weight_decay 0 --model mlp_tcnn --tcnn_mlp_dtype fp16 --lr_degradation area --run_name fourier_mlp_baseline_area --eval_crop_lr_size 64 --eval_crop_anchor topleft,
fourier_mlp_baseline_s2_psf,6,satburst_synth,Landcover-743192_rgb,4,s2_psf,mlp_tcnn,fourier,8,48,2000,33.67776870727539,32.57484436035156,1.1029243469238281,0.8831413388252258,0.8256102204322815,0.057531118392944336,0.22928428649902344,0.33404815196990967,0.10476386547088623,False,64,256,,,9.72935700416565,0.004864678502082825,12.892598628997803,0.0036604655906558037,,,/workspaces/scalef/single_samples/satburst_synth/Landcover-743192_rgb/fourier_mlp_baseline_s2_psf,/workspaces/scalef/optimize.py --dataset satburst_synth --satburst_data_root data --df 4 --lr_shift 1.0 --aug none --num_samples 16 --iters 2000 --batch_size 1 --optimizer adamw --learning_rate 2e-3 --weight_decay 0 --seed 6 --device cuda:0 --sample_id Landcover-743192_rgb --input_projection fourier --projection_dim 256 --fourier_scale 10 --network_depth 4 --network_hidden_dim 256 --weight_decay 0 --model mlp_tcnn --tcnn_mlp_dtype fp16 --lr_degradation s2_psf --run_name fourier_mlp_baseline_s2_psf --eval_crop_lr_size 64 --eval_crop_anchor topleft,
hashgrid_mlp_baseline_area,6,satburst_synth,Landcover-743192_rgb,4,area,mlp_tcnn,hashgrid_tcnn,16,64,2000,38.4249382019043,32.57484436035156,5.850093841552734,0.9416859745979309,0.8256102204322815,0.11607575416564941,0.17176984250545502,0.33404815196990967,0.16227830946445465,False,64,256,,,7.708793640136719,0.0038543968200683595,10.948737859725952,0.0008466692524962127,,,/workspaces/scalef/single_samples/satburst_synth/Landcover-743192_rgb/hashgrid_mlp_baseline_area,/workspaces/scalef/optimize.py --dataset satburst_synth --satburst_data_root data --df 4 --lr_shift 1.0 --aug none --num_samples 16 --iters 2000 --batch_size 1 --optimizer adamw --learning_rate 2e-3 --weight_decay 0 --seed 6 --device cuda:0 --sample_id Landcover-743192_rgb --input_projection hashgrid --hash_n_levels 16 --hash_n_features_per_level 2 --hash_log2_hashmap_size 21 --hash_base_resolution 0 --hash_max_resolution 0 --hash_encoding_dtype fp32 --hash_encoding_preset smoothstep_grid --hash_grid_type Hash --network_depth 4 --network_hidden_dim 256 --weight_decay 0 --model mlp_tcnn --tcnn_mlp_dtype fp16 --lr_degradation area --run_name hashgrid_mlp_baseline_area --eval_crop_lr_size 64 --eval_crop_anchor topleft,
hashgrid_mlp_baseline_s2_psf,6,satburst_synth,Landcover-743192_rgb,4,s2_psf,mlp_tcnn,hashgrid_tcnn,16,64,2000,31.83521270751953,32.57484436035156,-0.7396316528320312,0.8585643768310547,0.8256102204322815,0.03295415639877319,0.2648276686668396,0.33404815196990967,0.06922048330307007,False,64,256,,,9.66856050491333,0.004834280252456665,12.869934558868408,0.0015396582894027233,,,/workspaces/scalef/single_samples/satburst_synth/Landcover-743192_rgb/hashgrid_mlp_baseline_s2_psf,/workspaces/scalef/optimize.py --dataset satburst_synth --satburst_data_root data --df 4 --lr_shift 1.0 --aug none --num_samples 16 --iters 2000 --batch_size 1 --optimizer adamw --learning_rate 2e-3 --weight_decay 0 --seed 6 --device cuda:0 --sample_id Landcover-743192_rgb --input_projection hashgrid --hash_n_levels 16 --hash_n_features_per_level 2 --hash_log2_hashmap_size 21 --hash_base_resolution 0 --hash_max_resolution 0 --hash_encoding_dtype fp32 --hash_encoding_preset smoothstep_grid --hash_grid_type Hash --network_depth 4 --network_hidden_dim 256 --weight_decay 0 --model mlp_tcnn --tcnn_mlp_dtype fp16 --lr_degradation s2_psf --run_name hashgrid_mlp_baseline_s2_psf --eval_crop_lr_size 64 --eval_crop_anchor topleft,
hashgrid_level_attention_area,6,satburst_synth,Landcover-743192_rgb,4,area,hash_attn,hashgrid_tcnn,16,64,2000,37.45969772338867,32.57484436035156,4.884853363037109,0.9292966723442078,0.8256102204322815,0.10368645191192627,0.17271125316619873,0.33404815196990967,0.16133689880371094,False,64,256,1.7485151290893555,0.7421917915344238,13.61729621887207,0.006808648109436035,16.93201470375061,0.001555364578962326,,,/workspaces/scalef/single_samples/satburst_synth/Landcover-743192_rgb/hashgrid_level_attention_area,/workspaces/scalef/optimize.py --dataset satburst_synth --satburst_data_root data --df 4 --lr_shift 1.0 --aug none --num_samples 16 --iters 2000 --batch_size 1 --optimizer adamw --learning_rate 2e-3 --weight_decay 0 --seed 6 --device cuda:0 --sample_id Landcover-743192_rgb --input_projection hashgrid --hash_n_levels 16 --hash_n_features_per_level 2 --hash_log2_hashmap_size 21 --hash_base_resolution 0 --hash_max_resolution 0 --hash_encoding_dtype fp32 --hash_encoding_preset smoothstep_grid --hash_grid_type Hash --network_depth 4 --network_hidden_dim 256 --weight_decay 0 --model hash_attn --hash_attn_token_dim 32 --log_attention --lr_degradation area --run_name hashgrid_level_attention_area --eval_crop_lr_size 64 --eval_crop_anchor topleft,"[0.006318681873381138, 0.006208880804479122, 0.006071656942367554, 0.005850146058946848, 0.005923036020249128, 0.005940941162407398, 0.0063049206510186195, 0.006007125601172447, 0.006335697136819363, 0.008040105924010277, 0.014952593483030796, 0.028565028682351112, 0.15128940343856812, 0.20753273367881775, 0.25034022331237793, 0.28431886434555054]"
hashgrid_level_attention_s2_psf,6,satburst_synth,Landcover-743192_rgb,4,s2_psf,hash_attn,hashgrid_tcnn,16,64,2000,32.089500427246094,32.57484436035156,-0.48534393310546875,0.8485236167907715,0.8256102204322815,0.02291339635848999,0.2522374391555786,0.33404815196990967,0.08181071281433105,False,64,256,1.5507400035858154,0.8720012903213501,15.27561354637146,0.00763780677318573,18.52311682701111,0.002757747657597065,,,/workspaces/scalef/single_samples/satburst_synth/Landcover-743192_rgb/hashgrid_level_attention_s2_psf,/workspaces/scalef/optimize.py --dataset satburst_synth --satburst_data_root data --df 4 --lr_shift 1.0 --aug none --num_samples 16 --iters 2000 --batch_size 1 --optimizer adamw --learning_rate 2e-3 --weight_decay 0 --seed 6 --device cuda:0 --sample_id Landcover-743192_rgb --input_projection hashgrid --hash_n_levels 16 --hash_n_features_per_level 2 --hash_log2_hashmap_size 21 --hash_base_resolution 0 --hash_max_resolution 0 --hash_encoding_dtype fp32 --hash_encoding_preset smoothstep_grid --hash_grid_type Hash --network_depth 4 --network_hidden_dim 256 --weight_decay 0 --model hash_attn --hash_attn_token_dim 32 --log_attention --lr_degradation s2_psf --run_name hashgrid_level_attention_s2_psf --eval_crop_lr_size 64 --eval_crop_anchor topleft,"[0.00588384922593832, 0.006131529342383146, 0.0058688814751803875, 0.005896572023630142, 0.006026793271303177, 0.006037662737071514, 0.006252930499613285, 0.006122719496488571, 0.006695065647363663, 0.007532741408795118, 0.009129198268055916, 0.012414788827300072, 0.04400599002838135, 0.19957636296749115, 0.28943270444869995, 0.3829922080039978]"
fourier_band_attention_area,6,satburst_synth,Landcover-743192_rgb,4,area,fourier_band_attn,fourier,8,48,2000,31.297853469848633,32.57484436035156,-1.2769908905029297,0.7580671310424805,0.8256102204322815,-0.06754308938980103,0.3975696563720703,0.33404815196990967,-0.06352150440216064,False,64,256,1.9990077018737793,0.3846336603164673,11.726281881332397,0.005863140940666199,15.071751832962036,0.014497223310172558,,,/workspaces/scalef/single_samples/satburst_synth/Landcover-743192_rgb/fourier_band_attention_area,/workspaces/scalef/optimize.py --dataset satburst_synth --satburst_data_root data --df 4 --lr_shift 1.0 --aug none --num_samples 16 --iters 2000 --batch_size 1 --optimizer adamw --learning_rate 2e-3 --weight_decay 0 --seed 6 --device cuda:0 --sample_id Landcover-743192_rgb --input_projection fourier --projection_dim 256 --fourier_scale 10 --network_depth 4 --network_hidden_dim 256 --weight_decay 0 --model fourier_band_attn --attn_token_dim 32 --fourier_num_bands 8 --log_attention --lr_degradation area --run_name fourier_band_attention_area --eval_crop_lr_size 64 --eval_crop_anchor topleft,"[0.10030587017536163, 0.13421480357646942, 0.11991462111473083, 0.1760050356388092, 0.08492600172758102, 0.13167816400527954, 0.10153886675834656, 0.1514166295528412]"
fourier_band_attention_s2_psf,6,satburst_synth,Landcover-743192_rgb,4,s2_psf,fourier_band_attn,fourier,8,48,2000,29.31645965576172,32.57484436035156,-3.2583847045898438,0.6730623841285706,0.8256102204322815,-0.15254783630371094,0.4510890245437622,0.33404815196990967,-0.11704087257385254,False,64,256,1.9789607524871826,0.36711350083351135,13.556098222732544,0.006778049111366272,16.719810009002686,0.017420021817088127,,,/workspaces/scalef/single_samples/satburst_synth/Landcover-743192_rgb/fourier_band_attention_s2_psf,/workspaces/scalef/optimize.py --dataset satburst_synth --satburst_data_root data --df 4 --lr_shift 1.0 --aug none --num_samples 16 --iters 2000 --batch_size 1 --optimizer adamw --learning_rate 2e-3 --weight_decay 0 --seed 6 --device cuda:0 --sample_id Landcover-743192_rgb --input_projection fourier --projection_dim 256 --fourier_scale 10 --network_depth 4 --network_hidden_dim 256 --weight_decay 0 --model fourier_band_attn --attn_token_dim 32 --fourier_num_bands 8 --log_attention --lr_degradation s2_psf --run_name fourier_band_attention_s2_psf --eval_crop_lr_size 64 --eval_crop_anchor topleft,"[0.11119045317173004, 0.1324504017829895, 0.12266828864812851, 0.17980748414993286, 0.08676989376544952, 0.13013072311878204, 0.09365589916706085, 0.14332687854766846]"
fourier_mlp_baseline_area,6,satburst_synth,Landcover-770726_rgb,4,area,mlp_tcnn,fourier,8,48,2000,31.75727081298828,24.814496994018555,6.942773818969727,0.9095869660377502,0.6665512919425964,0.2430356740951538,0.16596505045890808,0.3842477798461914,0.21828272938728333,False,64,256,,,7.940222501754761,0.003970111250877381,11.220121145248413,0.0029179127886891365,,,/workspaces/scalef/single_samples/satburst_synth/Landcover-770726_rgb/fourier_mlp_baseline_area,/workspaces/scalef/optimize.py --dataset satburst_synth --satburst_data_root data --df 4 --lr_shift 1.0 --aug none --num_samples 16 --iters 2000 --batch_size 1 --optimizer adamw --learning_rate 2e-3 --weight_decay 0 --seed 6 --device cuda:0 --sample_id Landcover-770726_rgb --input_projection fourier --projection_dim 256 --fourier_scale 10 --network_depth 4 --network_hidden_dim 256 --weight_decay 0 --model mlp_tcnn --tcnn_mlp_dtype fp16 --lr_degradation area --run_name fourier_mlp_baseline_area --eval_crop_lr_size 64 --eval_crop_anchor topleft,
fourier_mlp_baseline_s2_psf,6,satburst_synth,Landcover-770726_rgb,4,s2_psf,mlp_tcnn,fourier,8,48,2000,25.466766357421875,24.814496994018555,0.6522693634033203,0.801367461681366,0.6665512919425964,0.13481616973876953,0.25890079140663147,0.3842477798461914,0.12534698843955994,False,64,256,,,9.347065448760986,0.004673532724380493,12.583687782287598,0.008089969865977764,,,/workspaces/scalef/single_samples/satburst_synth/Landcover-770726_rgb/fourier_mlp_baseline_s2_psf,/workspaces/scalef/optimize.py --dataset satburst_synth --satburst_data_root data --df 4 --lr_shift 1.0 --aug none --num_samples 16 --iters 2000 --batch_size 1 --optimizer adamw --learning_rate 2e-3 --weight_decay 0 --seed 6 --device cuda:0 --sample_id Landcover-770726_rgb --input_projection fourier --projection_dim 256 --fourier_scale 10 --network_depth 4 --network_hidden_dim 256 --weight_decay 0 --model mlp_tcnn --tcnn_mlp_dtype fp16 --lr_degradation s2_psf --run_name fourier_mlp_baseline_s2_psf --eval_crop_lr_size 64 --eval_crop_anchor topleft,
hashgrid_mlp_baseline_area,6,satburst_synth,Landcover-770726_rgb,4,area,mlp_tcnn,hashgrid_tcnn,16,64,2000,31.46792984008789,24.814496994018555,6.653432846069336,0.9144813418388367,0.6665512919425964,0.24793004989624023,0.21398872137069702,0.3842477798461914,0.17025905847549438,False,64,256,,,7.531468629837036,0.003765734314918518,10.886621713638306,0.002054668962955475,,,/workspaces/scalef/single_samples/satburst_synth/Landcover-770726_rgb/hashgrid_mlp_baseline_area,/workspaces/scalef/optimize.py --dataset satburst_synth --satburst_data_root data --df 4 --lr_shift 1.0 --aug none --num_samples 16 --iters 2000 --batch_size 1 --optimizer adamw --learning_rate 2e-3 --weight_decay 0 --seed 6 --device cuda:0 --sample_id Landcover-770726_rgb --input_projection hashgrid --hash_n_levels 16 --hash_n_features_per_level 2 --hash_log2_hashmap_size 21 --hash_base_resolution 0 --hash_max_resolution 0 --hash_encoding_dtype fp32 --hash_encoding_preset smoothstep_grid --hash_grid_type Hash --network_depth 4 --network_hidden_dim 256 --weight_decay 0 --model mlp_tcnn --tcnn_mlp_dtype fp16 --lr_degradation area --run_name hashgrid_mlp_baseline_area --eval_crop_lr_size 64 --eval_crop_anchor topleft,
hashgrid_mlp_baseline_s2_psf,6,satburst_synth,Landcover-770726_rgb,4,s2_psf,mlp_tcnn,hashgrid_tcnn,16,64,2000,23.424083709716797,24.814496994018555,-1.3904132843017578,0.7555310726165771,0.6665512919425964,0.08897978067398071,0.34387677907943726,0.3842477798461914,0.04037100076675415,False,64,256,,,9.291405439376831,0.0046457027196884155,12.512760162353516,0.005440117325633764,,,/workspaces/scalef/single_samples/satburst_synth/Landcover-770726_rgb/hashgrid_mlp_baseline_s2_psf,/workspaces/scalef/optimize.py --dataset satburst_synth --satburst_data_root data --df 4 --lr_shift 1.0 --aug none --num_samples 16 --iters 2000 --batch_size 1 --optimizer adamw --learning_rate 2e-3 --weight_decay 0 --seed 6 --device cuda:0 --sample_id Landcover-770726_rgb --input_projection hashgrid --hash_n_levels 16 --hash_n_features_per_level 2 --hash_log2_hashmap_size 21 --hash_base_resolution 0 --hash_max_resolution 0 --hash_encoding_dtype fp32 --hash_encoding_preset smoothstep_grid --hash_grid_type Hash --network_depth 4 --network_hidden_dim 256 --weight_decay 0 --model mlp_tcnn --tcnn_mlp_dtype fp16 --lr_degradation s2_psf --run_name hashgrid_mlp_baseline_s2_psf --eval_crop_lr_size 64 --eval_crop_anchor topleft,
hashgrid_level_attention_area,6,satburst_synth,Landcover-770726_rgb,4,area,hash_attn,hashgrid_tcnn,16,64,2000,29.85071563720703,24.814496994018555,5.036218643188477,0.88286954164505,0.6665512919425964,0.2163182497024536,0.27150410413742065,0.3842477798461914,0.11274367570877075,False,64,256,2.10086727142334,0.5560404062271118,13.485045194625854,0.006742522597312927,16.742815494537354,0.006871843710541725,,,/workspaces/scalef/single_samples/satburst_synth/Landcover-770726_rgb/hashgrid_level_attention_area,/workspaces/scalef/optimize.py --dataset satburst_synth --satburst_data_root data --df 4 --lr_shift 1.0 --aug none --num_samples 16 --iters 2000 --batch_size 1 --optimizer adamw --learning_rate 2e-3 --weight_decay 0 --seed 6 --device cuda:0 --sample_id Landcover-770726_rgb --input_projection hashgrid --hash_n_levels 16 --hash_n_features_per_level 2 --hash_log2_hashmap_size 21 --hash_base_resolution 0 --hash_max_resolution 0 --hash_encoding_dtype fp32 --hash_encoding_preset smoothstep_grid --hash_grid_type Hash --network_depth 4 --network_hidden_dim 256 --weight_decay 0 --model hash_attn --hash_attn_token_dim 32 --log_attention --lr_degradation area --run_name hashgrid_level_attention_area --eval_crop_lr_size 64 --eval_crop_anchor topleft,"[0.014216933399438858, 0.014453817158937454, 0.016689740121364594, 0.01573784276843071, 0.018105830997228622, 0.01789528876543045, 0.02069757506251335, 0.02419326826930046, 0.03351854532957077, 0.03680439665913582, 0.04976426437497139, 0.07027967274188995, 0.11160248517990112, 0.14237715303897858, 0.18186603486537933, 0.23179715871810913]"
hashgrid_level_attention_s2_psf,6,satburst_synth,Landcover-770726_rgb,4,s2_psf,hash_attn,hashgrid_tcnn,16,64,2000,23.1573543548584,24.814496994018555,-1.6571426391601562,0.7337868809700012,0.6665512919425964,0.06723558902740479,0.36835235357284546,0.3842477798461914,0.015895426273345947,False,64,256,1.6776666641235352,0.6857258081436157,14.84170651435852,0.00742085325717926,18.11047649383545,0.0115347970277071,,,/workspaces/scalef/single_samples/satburst_synth/Landcover-770726_rgb/hashgrid_level_attention_s2_psf,/workspaces/scalef/optimize.py --dataset satburst_synth --satburst_data_root data --df 4 --lr_shift 1.0 --aug none --num_samples 16 --iters 2000 --batch_size 1 --optimizer adamw --learning_rate 2e-3 --weight_decay 0 --seed 6 --device cuda:0 --sample_id Landcover-770726_rgb --input_projection hashgrid --hash_n_levels 16 --hash_n_features_per_level 2 --hash_log2_hashmap_size 21 --hash_base_resolution 0 --hash_max_resolution 0 --hash_encoding_dtype fp32 --hash_encoding_preset smoothstep_grid --hash_grid_type Hash --network_depth 4 --network_hidden_dim 256 --weight_decay 0 --model hash_attn --hash_attn_token_dim 32 --log_attention --lr_degradation s2_psf --run_name hashgrid_level_attention_s2_psf --eval_crop_lr_size 64 --eval_crop_anchor topleft,"[0.009741809219121933, 0.009464547038078308, 0.010572170838713646, 0.010762096382677555, 0.013516467064619064, 0.012989401817321777, 0.015149815939366817, 0.01854572258889675, 0.024303991347551346, 0.025314221158623695, 0.03344735503196716, 0.04537796229124069, 0.08508867025375366, 0.14120179414749146, 0.217657208442688, 0.3268667757511139]"
fourier_band_attention_area,6,satburst_synth,Landcover-770726_rgb,4,area,fourier_band_attn,fourier,8,48,2000,26.24826431274414,24.814496994018555,1.433767318725586,0.6940111517906189,0.6665512919425964,0.02745985984802246,0.4637947678565979,0.3842477798461914,-0.0795469880104065,False,64,256,2.0260775089263916,0.41968727111816406,11.669947862625122,0.005834973931312561,15.102421283721924,0.02777106687426567,,,/workspaces/scalef/single_samples/satburst_synth/Landcover-770726_rgb/fourier_band_attention_area,/workspaces/scalef/optimize.py --dataset satburst_synth --satburst_data_root data --df 4 --lr_shift 1.0 --aug none --num_samples 16 --iters 2000 --batch_size 1 --optimizer adamw --learning_rate 2e-3 --weight_decay 0 --seed 6 --device cuda:0 --sample_id Landcover-770726_rgb --input_projection fourier --projection_dim 256 --fourier_scale 10 --network_depth 4 --network_hidden_dim 256 --weight_decay 0 --model fourier_band_attn --attn_token_dim 32 --fourier_num_bands 8 --log_attention --lr_degradation area --run_name fourier_band_attention_area --eval_crop_lr_size 64 --eval_crop_anchor topleft,"[0.11437809467315674, 0.12054842710494995, 0.12173911929130554, 0.12618204951286316, 0.09746499359607697, 0.11680164933204651, 0.1317785382270813, 0.17110712826251984]"
fourier_band_attention_s2_psf,6,satburst_synth,Landcover-770726_rgb,4,s2_psf,fourier_band_attn,fourier,8,48,2000,23.73164176940918,24.814496994018555,-1.082855224609375,0.5888630747795105,0.6665512919425964,-0.07768821716308594,0.49975278973579407,0.3842477798461914,-0.11550500988960266,False,64,256,2.0059056282043457,0.41032883524894714,13.37219762802124,0.00668609881401062,16.56199812889099,0.04228406399488449,,,/workspaces/scalef/single_samples/satburst_synth/Landcover-770726_rgb/fourier_band_attention_s2_psf,/workspaces/scalef/optimize.py --dataset satburst_synth --satburst_data_root data --df 4 --lr_shift 1.0 --aug none --num_samples 16 --iters 2000 --batch_size 1 --optimizer adamw --learning_rate 2e-3 --weight_decay 0 --seed 6 --device cuda:0 --sample_id Landcover-770726_rgb --input_projection fourier --projection_dim 256 --fourier_scale 10 --network_depth 4 --network_hidden_dim 256 --weight_decay 0 --model fourier_band_attn --attn_token_dim 32 --fourier_num_bands 8 --log_attention --lr_degradation s2_psf --run_name fourier_band_attention_s2_psf --eval_crop_lr_size 64 --eval_crop_anchor topleft,"[0.11772052943706512, 0.11771242320537567, 0.12075600028038025, 0.12993085384368896, 0.10355135798454285, 0.11577913165092468, 0.13108518719673157, 0.1634645164012909]"
fourier_mlp_baseline_area,6,satburst_synth,Landcover-772328_rgb,4,area,mlp_tcnn,fourier,8,48,2000,34.411033630371094,27.32716941833496,7.083864212036133,0.9227738976478577,0.6636244654655457,0.259149432182312,0.19629648327827454,0.4367906153202057,0.24049413204193115,False,64,256,,,8.05077576637268,0.00402538788318634,11.3521888256073,0.0018379294779151678,,,/workspaces/scalef/single_samples/satburst_synth/Landcover-772328_rgb/fourier_mlp_baseline_area,/workspaces/scalef/optimize.py --dataset satburst_synth --satburst_data_root data --df 4 --lr_shift 1.0 --aug none --num_samples 16 --iters 2000 --batch_size 1 --optimizer adamw --learning_rate 2e-3 --weight_decay 0 --seed 6 --device cuda:0 --sample_id Landcover-772328_rgb --input_projection fourier --projection_dim 256 --fourier_scale 10 --network_depth 4 --network_hidden_dim 256 --weight_decay 0 --model mlp_tcnn --tcnn_mlp_dtype fp16 --lr_degradation area --run_name fourier_mlp_baseline_area --eval_crop_lr_size 64 --eval_crop_anchor topleft,
fourier_mlp_baseline_s2_psf,6,satburst_synth,Landcover-772328_rgb,4,s2_psf,mlp_tcnn,fourier,8,48,2000,26.954715728759766,27.32716941833496,-0.3724536895751953,0.7899362444877625,0.6636244654655457,0.1263117790222168,0.32839012145996094,0.4367906153202057,0.10840049386024475,False,64,256,,,9.994770288467407,0.004997385144233704,13.166425228118896,0.005651077255606651,,,/workspaces/scalef/single_samples/satburst_synth/Landcover-772328_rgb/fourier_mlp_baseline_s2_psf,/workspaces/scalef/optimize.py --dataset satburst_synth --satburst_data_root data --df 4 --lr_shift 1.0 --aug none --num_samples 16 --iters 2000 --batch_size 1 --optimizer adamw --learning_rate 2e-3 --weight_decay 0 --seed 6 --device cuda:0 --sample_id Landcover-772328_rgb --input_projection fourier --projection_dim 256 --fourier_scale 10 --network_depth 4 --network_hidden_dim 256 --weight_decay 0 --model mlp_tcnn --tcnn_mlp_dtype fp16 --lr_degradation s2_psf --run_name fourier_mlp_baseline_s2_psf --eval_crop_lr_size 64 --eval_crop_anchor topleft,
hashgrid_mlp_baseline_area,6,satburst_synth,Landcover-772328_rgb,4,area,mlp_tcnn,hashgrid_tcnn,16,64,2000,34.1072883605957,27.32716941833496,6.780118942260742,0.9230995178222656,0.6636244654655457,0.25947505235671997,0.19146765768527985,0.4367906153202057,0.24532295763492584,False,64,256,,,7.447510480880737,0.0037237552404403686,10.756074905395508,0.0015511004021391273,,,/workspaces/scalef/single_samples/satburst_synth/Landcover-772328_rgb/hashgrid_mlp_baseline_area,/workspaces/scalef/optimize.py --dataset satburst_synth --satburst_data_root data --df 4 --lr_shift 1.0 --aug none --num_samples 16 --iters 2000 --batch_size 1 --optimizer adamw --learning_rate 2e-3 --weight_decay 0 --seed 6 --device cuda:0 --sample_id Landcover-772328_rgb --input_projection hashgrid --hash_n_levels 16 --hash_n_features_per_level 2 --hash_log2_hashmap_size 21 --hash_base_resolution 0 --hash_max_resolution 0 --hash_encoding_dtype fp32 --hash_encoding_preset smoothstep_grid --hash_grid_type Hash --network_depth 4 --network_hidden_dim 256 --weight_decay 0 --model mlp_tcnn --tcnn_mlp_dtype fp16 --lr_degradation area --run_name hashgrid_mlp_baseline_area --eval_crop_lr_size 64 --eval_crop_anchor topleft,
hashgrid_mlp_baseline_s2_psf,6,satburst_synth,Landcover-772328_rgb,4,s2_psf,mlp_tcnn,hashgrid_tcnn,16,64,2000,24.334577560424805,27.32716941833496,-2.9925918579101562,0.7198484539985657,0.6636244654655457,0.05622398853302002,0.34308022260665894,0.4367906153202057,0.09371039271354675,False,64,256,,,9.187058925628662,0.004593529462814331,12.437966585159302,0.003805113723501563,,,/workspaces/scalef/single_samples/satburst_synth/Landcover-772328_rgb/hashgrid_mlp_baseline_s2_psf,/workspaces/scalef/optimize.py --dataset satburst_synth --satburst_data_root data --df 4 --lr_shift 1.0 --aug none --num_samples 16 --iters 2000 --batch_size 1 --optimizer adamw --learning_rate 2e-3 --weight_decay 0 --seed 6 --device cuda:0 --sample_id Landcover-772328_rgb --input_projection hashgrid --hash_n_levels 16 --hash_n_features_per_level 2 --hash_log2_hashmap_size 21 --hash_base_resolution 0 --hash_max_resolution 0 --hash_encoding_dtype fp32 --hash_encoding_preset smoothstep_grid --hash_grid_type Hash --network_depth 4 --network_hidden_dim 256 --weight_decay 0 --model mlp_tcnn --tcnn_mlp_dtype fp16 --lr_degradation s2_psf --run_name hashgrid_mlp_baseline_s2_psf --eval_crop_lr_size 64 --eval_crop_anchor topleft,
hashgrid_level_attention_area,6,satburst_synth,Landcover-772328_rgb,4,area,hash_attn,hashgrid_tcnn,16,64,2000,31.69680404663086,27.32716941833496,4.369634628295898,0.8719425201416016,0.6636244654655457,0.2083180546760559,0.2961069941520691,0.4367906153202057,0.1406836211681366,False,64,256,2.1717851161956787,0.5455374121665955,13.499672889709473,0.006749836444854737,16.795727491378784,0.005518408492207527,,,/workspaces/scalef/single_samples/satburst_synth/Landcover-772328_rgb/hashgrid_level_attention_area,/workspaces/scalef/optimize.py --dataset satburst_synth --satburst_data_root data --df 4 --lr_shift 1.0 --aug none --num_samples 16 --iters 2000 --batch_size 1 --optimizer adamw --learning_rate 2e-3 --weight_decay 0 --seed 6 --device cuda:0 --sample_id Landcover-772328_rgb --input_projection hashgrid --hash_n_levels 16 --hash_n_features_per_level 2 --hash_log2_hashmap_size 21 --hash_base_resolution 0 --hash_max_resolution 0 --hash_encoding_dtype fp32 --hash_encoding_preset smoothstep_grid --hash_grid_type Hash --network_depth 4 --network_hidden_dim 256 --weight_decay 0 --model hash_attn --hash_attn_token_dim 32 --log_attention --lr_degradation area --run_name hashgrid_level_attention_area --eval_crop_lr_size 64 --eval_crop_anchor topleft,"[0.01638696901500225, 0.016964921727776527, 0.017877846956253052, 0.018207527697086334, 0.021324675530195236, 0.021066777408123016, 0.023534543812274933, 0.024439647793769836, 0.024748392403125763, 0.0394287109375, 0.045686960220336914, 0.07565425336360931, 0.10914137959480286, 0.14455866813659668, 0.19170451164245605, 0.20927421748638153]"
hashgrid_level_attention_s2_psf,6,satburst_synth,Landcover-772328_rgb,4,s2_psf,hash_attn,hashgrid_tcnn,16,64,2000,25.034473419189453,27.32716941833496,-2.292695999145508,0.7101776003837585,0.6636244654655457,0.04655313491821289,0.42850348353385925,0.4367906153202057,0.008287131786346436,False,64,256,1.6845170259475708,0.7358499765396118,15.410288095474243,0.007705144047737121,18.629494190216064,0.01010899618268013,,,/workspaces/scalef/single_samples/satburst_synth/Landcover-772328_rgb/hashgrid_level_attention_s2_psf,/workspaces/scalef/optimize.py --dataset satburst_synth --satburst_data_root data --df 4 --lr_shift 1.0 --aug none --num_samples 16 --iters 2000 --batch_size 1 --optimizer adamw --learning_rate 2e-3 --weight_decay 0 --seed 6 --device cuda:0 --sample_id Landcover-772328_rgb --input_projection hashgrid --hash_n_levels 16 --hash_n_features_per_level 2 --hash_log2_hashmap_size 21 --hash_base_resolution 0 --hash_max_resolution 0 --hash_encoding_dtype fp32 --hash_encoding_preset smoothstep_grid --hash_grid_type Hash --network_depth 4 --network_hidden_dim 256 --weight_decay 0 --model hash_attn --hash_attn_token_dim 32 --log_attention --lr_degradation s2_psf --run_name hashgrid_level_attention_s2_psf --eval_crop_lr_size 64 --eval_crop_anchor topleft,"[0.00914737954735756, 0.009637316688895226, 0.010128334164619446, 0.010272752493619919, 0.011714914813637733, 0.01141112670302391, 0.012503218837082386, 0.01309257186949253, 0.01255149394273758, 0.01794414222240448, 0.02026481181383133, 0.04232100024819374, 0.08316095173358917, 0.16258707642555237, 0.2598298192024231, 0.31343305110931396]"
fourier_band_attention_area,6,satburst_synth,Landcover-772328_rgb,4,area,fourier_band_attn,fourier,8,48,2000,27.965410232543945,27.32716941833496,0.6382408142089844,0.691248893737793,0.6636244654655457,0.027624428272247314,0.46749523282051086,0.4367906153202057,-0.030704617500305176,False,64,256,2.0152945518493652,0.37850719690322876,11.331224203109741,0.005665612101554871,14.574165344238281,0.049424849450588226,,,/workspaces/scalef/single_samples/satburst_synth/Landcover-772328_rgb/fourier_band_attention_area,/workspaces/scalef/optimize.py --dataset satburst_synth --satburst_data_root data --df 4 --lr_shift 1.0 --aug none --num_samples 16 --iters 2000 --batch_size 1 --optimizer adamw --learning_rate 2e-3 --weight_decay 0 --seed 6 --device cuda:0 --sample_id Landcover-772328_rgb --input_projection fourier --projection_dim 256 --fourier_scale 10 --network_depth 4 --network_hidden_dim 256 --weight_decay 0 --model fourier_band_attn --attn_token_dim 32 --fourier_num_bands 8 --log_attention --lr_degradation area --run_name fourier_band_attention_area --eval_crop_lr_size 64 --eval_crop_anchor topleft,"[0.11959633231163025, 0.13632234930992126, 0.11997191607952118, 0.11982720345258713, 0.12577500939369202, 0.1316920518875122, 0.10870508849620819, 0.13811004161834717]"
fourier_band_attention_s2_psf,6,satburst_synth,Landcover-772328_rgb,4,s2_psf,fourier_band_attn,fourier,8,48,2000,25.55049705505371,27.32716941833496,-1.77667236328125,0.5821917653083801,0.6636244654655457,-0.08143270015716553,0.4993996322154999,0.4367906153202057,-0.06260901689529419,False,64,256,1.9857492446899414,0.3836987614631653,13.500604391098022,0.006750302195549012,16.948789358139038,0.0877944678068161,,,/workspaces/scalef/single_samples/satburst_synth/Landcover-772328_rgb/fourier_band_attention_s2_psf,/workspaces/scalef/optimize.py --dataset satburst_synth --satburst_data_root data --df 4 --lr_shift 1.0 --aug none --num_samples 16 --iters 2000 --batch_size 1 --optimizer adamw --learning_rate 2e-3 --weight_decay 0 --seed 6 --device cuda:0 --sample_id Landcover-772328_rgb --input_projection fourier --projection_dim 256 --fourier_scale 10 --network_depth 4 --network_hidden_dim 256 --weight_decay 0 --model fourier_band_attn --attn_token_dim 32 --fourier_num_bands 8 --log_attention --lr_degradation s2_psf --run_name fourier_band_attention_s2_psf --eval_crop_lr_size 64 --eval_crop_anchor topleft,"[0.12528756260871887, 0.12926273047924042, 0.11988238990306854, 0.11983083933591843, 0.12203770875930786, 0.1372855007648468, 0.10771925747394562, 0.13869401812553406]"
fourier_mlp_baseline_area,6,satburst_synth,Landcover-775262_rgb,4,area,mlp_tcnn,fourier,8,48,2000,35.55381774902344,27.960044860839844,7.593772888183594,0.9305174350738525,0.5773771405220032,0.35314029455184937,0.14863644540309906,0.4979979693889618,0.34936152398586273,False,64,256,,,7.588062286376953,0.0037940311431884765,10.965546131134033,0.0032212096266448498,,,/workspaces/scalef/single_samples/satburst_synth/Landcover-775262_rgb/fourier_mlp_baseline_area,/workspaces/scalef/optimize.py --dataset satburst_synth --satburst_data_root data --df 4 --lr_shift 1.0 --aug none --num_samples 16 --iters 2000 --batch_size 1 --optimizer adamw --learning_rate 2e-3 --weight_decay 0 --seed 6 --device cuda:0 --sample_id Landcover-775262_rgb --input_projection fourier --projection_dim 256 --fourier_scale 10 --network_depth 4 --network_hidden_dim 256 --weight_decay 0 --model mlp_tcnn --tcnn_mlp_dtype fp16 --lr_degradation area --run_name fourier_mlp_baseline_area --eval_crop_lr_size 64 --eval_crop_anchor topleft,
fourier_mlp_baseline_s2_psf,6,satburst_synth,Landcover-775262_rgb,4,s2_psf,mlp_tcnn,fourier,8,48,2000,27.214170455932617,27.960044860839844,-0.7458744049072266,0.7799599170684814,0.5773771405220032,0.20258277654647827,0.25172966718673706,0.4979979693889618,0.24626830220222473,False,64,256,,,9.499329566955566,0.004749664783477783,12.708888053894043,0.0175572969019413,,,/workspaces/scalef/single_samples/satburst_synth/Landcover-775262_rgb/fourier_mlp_baseline_s2_psf,/workspaces/scalef/optimize.py --dataset satburst_synth --satburst_data_root data --df 4 --lr_shift 1.0 --aug none --num_samples 16 --iters 2000 --batch_size 1 --optimizer adamw --learning_rate 2e-3 --weight_decay 0 --seed 6 --device cuda:0 --sample_id Landcover-775262_rgb --input_projection fourier --projection_dim 256 --fourier_scale 10 --network_depth 4 --network_hidden_dim 256 --weight_decay 0 --model mlp_tcnn --tcnn_mlp_dtype fp16 --lr_degradation s2_psf --run_name fourier_mlp_baseline_s2_psf --eval_crop_lr_size 64 --eval_crop_anchor topleft,
hashgrid_mlp_baseline_area,6,satburst_synth,Landcover-775262_rgb,4,area,mlp_tcnn,hashgrid_tcnn,16,64,2000,34.84553909301758,27.960044860839844,6.885494232177734,0.9235675930976868,0.5773771405220032,0.3461904525756836,0.2271895855665207,0.4979979693889618,0.2708083838224411,False,64,256,,,7.535567998886108,0.003767783999443054,10.80571174621582,0.0030705935787409544,,,/workspaces/scalef/single_samples/satburst_synth/Landcover-775262_rgb/hashgrid_mlp_baseline_area,/workspaces/scalef/optimize.py --dataset satburst_synth --satburst_data_root data --df 4 --lr_shift 1.0 --aug none --num_samples 16 --iters 2000 --batch_size 1 --optimizer adamw --learning_rate 2e-3 --weight_decay 0 --seed 6 --device cuda:0 --sample_id Landcover-775262_rgb --input_projection hashgrid --hash_n_levels 16 --hash_n_features_per_level 2 --hash_log2_hashmap_size 21 --hash_base_resolution 0 --hash_max_resolution 0 --hash_encoding_dtype fp32 --hash_encoding_preset smoothstep_grid --hash_grid_type Hash --network_depth 4 --network_hidden_dim 256 --weight_decay 0 --model mlp_tcnn --tcnn_mlp_dtype fp16 --lr_degradation area --run_name hashgrid_mlp_baseline_area --eval_crop_lr_size 64 --eval_crop_anchor topleft,
hashgrid_mlp_baseline_s2_psf,6,satburst_synth,Landcover-775262_rgb,4,s2_psf,mlp_tcnn,hashgrid_tcnn,16,64,2000,23.1009521484375,27.960044860839844,-4.859092712402344,0.6412654519081116,0.5773771405220032,0.0638883113861084,0.35167598724365234,0.4979979693889618,0.14632198214530945,False,64,256,,,9.385313749313354,0.004692656874656677,12.54980754852295,0.007224345114082098,,,/workspaces/scalef/single_samples/satburst_synth/Landcover-775262_rgb/hashgrid_mlp_baseline_s2_psf,/workspaces/scalef/optimize.py --dataset satburst_synth --satburst_data_root data --df 4 --lr_shift 1.0 --aug none --num_samples 16 --iters 2000 --batch_size 1 --optimizer adamw --learning_rate 2e-3 --weight_decay 0 --seed 6 --device cuda:0 --sample_id Landcover-775262_rgb --input_projection hashgrid --hash_n_levels 16 --hash_n_features_per_level 2 --hash_log2_hashmap_size 21 --hash_base_resolution 0 --hash_max_resolution 0 --hash_encoding_dtype fp32 --hash_encoding_preset smoothstep_grid --hash_grid_type Hash --network_depth 4 --network_hidden_dim 256 --weight_decay 0 --model mlp_tcnn --tcnn_mlp_dtype fp16 --lr_degradation s2_psf --run_name hashgrid_mlp_baseline_s2_psf --eval_crop_lr_size 64 --eval_crop_anchor topleft,
hashgrid_level_attention_area,6,satburst_synth,Landcover-775262_rgb,4,area,hash_attn,hashgrid_tcnn,16,64,2000,33.58100128173828,27.960044860839844,5.6209564208984375,0.9005184173583984,0.5773771405220032,0.32314127683639526,0.21378780901432037,0.4979979693889618,0.2842101603746414,False,64,256,1.0822815895080566,0.82187420129776,13.778257608413696,0.006889128804206848,17.083470106124878,0.0047624679282307625,,,/workspaces/scalef/single_samples/satburst_synth/Landcover-775262_rgb/hashgrid_level_attention_area,/workspaces/scalef/optimize.py --dataset satburst_synth --satburst_data_root data --df 4 --lr_shift 1.0 --aug none --num_samples 16 --iters 2000 --batch_size 1 --optimizer adamw --learning_rate 2e-3 --weight_decay 0 --seed 6 --device cuda:0 --sample_id Landcover-775262_rgb --input_projection hashgrid --hash_n_levels 16 --hash_n_features_per_level 2 --hash_log2_hashmap_size 21 --hash_base_resolution 0 --hash_max_resolution 0 --hash_encoding_dtype fp32 --hash_encoding_preset smoothstep_grid --hash_grid_type Hash --network_depth 4 --network_hidden_dim 256 --weight_decay 0 --model hash_attn --hash_attn_token_dim 32 --log_attention --lr_degradation area --run_name hashgrid_level_attention_area --eval_crop_lr_size 64 --eval_crop_anchor topleft,"[0.0018115041311830282, 0.0018581417389214039, 0.0018510990776121616, 0.0017348756082355976, 0.0016580350929871202, 0.001605662633664906, 0.0014070637989789248, 0.0014324495568871498, 0.0013071128632873297, 0.0014749218244105577, 0.0039002334233373404, 0.01937362551689148, 0.13871106505393982, 0.20923569798469543, 0.26831355690956116, 0.3443249464035034]"
hashgrid_level_attention_s2_psf,6,satburst_synth,Landcover-775262_rgb,4,s2_psf,hash_attn,hashgrid_tcnn,16,64,2000,24.10555076599121,27.960044860839844,-3.854494094848633,0.6384472250938416,0.5773771405220032,0.06107008457183838,0.36224550008773804,0.4979979693889618,0.13575246930122375,False,64,256,1.1782443523406982,0.8238011002540588,15.391417980194092,0.007695708990097046,18.58478307723999,0.019400227814912796,,,/workspaces/scalef/single_samples/satburst_synth/Landcover-775262_rgb/hashgrid_level_attention_s2_psf,/workspaces/scalef/optimize.py --dataset satburst_synth --satburst_data_root data --df 4 --lr_shift 1.0 --aug none --num_samples 16 --iters 2000 --batch_size 1 --optimizer adamw --learning_rate 2e-3 --weight_decay 0 --seed 6 --device cuda:0 --sample_id Landcover-775262_rgb --input_projection hashgrid --hash_n_levels 16 --hash_n_features_per_level 2 --hash_log2_hashmap_size 21 --hash_base_resolution 0 --hash_max_resolution 0 --hash_encoding_dtype fp32 --hash_encoding_preset smoothstep_grid --hash_grid_type Hash --network_depth 4 --network_hidden_dim 256 --weight_decay 0 --model hash_attn --hash_attn_token_dim 32 --log_attention --lr_degradation s2_psf --run_name hashgrid_level_attention_s2_psf --eval_crop_lr_size 64 --eval_crop_anchor topleft,"[0.006834347732365131, 0.0075660692527890205, 0.0072831688448786736, 0.007423923816531897, 0.0065876394510269165, 0.007065012585371733, 0.00681698601692915, 0.006483934354037046, 0.006910312455147505, 0.006809175480157137, 0.01115613803267479, 0.01623295620083809, 0.07902925461530685, 0.1502363085746765, 0.27867376804351807, 0.39489102363586426]"
fourier_band_attention_area,6,satburst_synth,Landcover-775262_rgb,4,area,fourier_band_attn,fourier,8,48,2000,28.46701431274414,27.960044860839844,0.5069694519042969,0.6379789710044861,0.5773771405220032,0.06060183048248291,0.4800756573677063,0.4979979693889618,0.017922312021255493,False,64,256,2.0029826164245605,0.3865254819393158,11.650247573852539,0.0058251237869262696,14.932260990142822,0.054709773510694504,,,/workspaces/scalef/single_samples/satburst_synth/Landcover-775262_rgb/fourier_band_attention_area,/workspaces/scalef/optimize.py --dataset satburst_synth --satburst_data_root data --df 4 --lr_shift 1.0 --aug none --num_samples 16 --iters 2000 --batch_size 1 --optimizer adamw --learning_rate 2e-3 --weight_decay 0 --seed 6 --device cuda:0 --sample_id Landcover-775262_rgb --input_projection fourier --projection_dim 256 --fourier_scale 10 --network_depth 4 --network_hidden_dim 256 --weight_decay 0 --model fourier_band_attn --attn_token_dim 32 --fourier_num_bands 8 --log_attention --lr_degradation area --run_name fourier_band_attention_area --eval_crop_lr_size 64 --eval_crop_anchor topleft,"[0.09833313524723053, 0.16383802890777588, 0.127282053232193, 0.1218319684267044, 0.1021893173456192, 0.11878980696201324, 0.10183102637529373, 0.16590464115142822]"
fourier_band_attention_s2_psf,6,satburst_synth,Landcover-775262_rgb,4,s2_psf,fourier_band_attn,fourier,8,48,2000,27.01654052734375,27.960044860839844,-0.9435043334960938,0.5615423321723938,0.5773771405220032,-0.015834808349609375,0.4948499798774719,0.4979979693889618,0.003147989511489868,False,64,256,1.9893412590026855,0.37358105182647705,13.398610591888428,0.006699305295944214,16.58506178855896,0.08405476808547974,,,/workspaces/scalef/single_samples/satburst_synth/Landcover-775262_rgb/fourier_band_attention_s2_psf,/workspaces/scalef/optimize.py --dataset satburst_synth --satburst_data_root data --df 4 --lr_shift 1.0 --aug none --num_samples 16 --iters 2000 --batch_size 1 --optimizer adamw --learning_rate 2e-3 --weight_decay 0 --seed 6 --device cuda:0 --sample_id Landcover-775262_rgb --input_projection fourier --projection_dim 256 --fourier_scale 10 --network_depth 4 --network_hidden_dim 256 --weight_decay 0 --model fourier_band_attn --attn_token_dim 32 --fourier_num_bands 8 --log_attention --lr_degradation s2_psf --run_name fourier_band_attention_s2_psf --eval_crop_lr_size 64 --eval_crop_anchor topleft,"[0.10529424250125885, 0.16878584027290344, 0.11679945886135101, 0.12467074394226074, 0.11086868494749069, 0.11749381572008133, 0.09750209003686905, 0.15858513116836548]"
fourier_mlp_baseline_area,6,satburst_synth,Landcover-776340_rgb,4,area,mlp_tcnn,fourier,8,48,2000,31.622188568115234,23.76113510131836,7.861053466796875,0.9171764850616455,0.6397183537483215,0.277458131313324,0.16028186678886414,0.3649824261665344,0.2047005593776703,False,64,256,,,7.85707426071167,0.003928537130355835,11.093843698501587,0.0009331271285191178,,,/workspaces/scalef/single_samples/satburst_synth/Landcover-776340_rgb/fourier_mlp_baseline_area,/workspaces/scalef/optimize.py --dataset satburst_synth --satburst_data_root data --df 4 --lr_shift 1.0 --aug none --num_samples 16 --iters 2000 --batch_size 1 --optimizer adamw --learning_rate 2e-3 --weight_decay 0 --seed 6 --device cuda:0 --sample_id Landcover-776340_rgb --input_projection fourier --projection_dim 256 --fourier_scale 10 --network_depth 4 --network_hidden_dim 256 --weight_decay 0 --model mlp_tcnn --tcnn_mlp_dtype fp16 --lr_degradation area --run_name fourier_mlp_baseline_area --eval_crop_lr_size 64 --eval_crop_anchor topleft,
fourier_mlp_baseline_s2_psf,6,satburst_synth,Landcover-776340_rgb,4,s2_psf,mlp_tcnn,fourier,8,48,2000,23.734399795532227,23.76113510131836,-0.026735305786132812,0.778658926486969,0.6397183537483215,0.13894057273864746,0.2884208858013153,0.3649824261665344,0.07656154036521912,False,64,256,,,10.02428150177002,0.0050121407508850096,13.260005950927734,0.00361222168430686,,,/workspaces/scalef/single_samples/satburst_synth/Landcover-776340_rgb/fourier_mlp_baseline_s2_psf,/workspaces/scalef/optimize.py --dataset satburst_synth --satburst_data_root data --df 4 --lr_shift 1.0 --aug none --num_samples 16 --iters 2000 --batch_size 1 --optimizer adamw --learning_rate 2e-3 --weight_decay 0 --seed 6 --device cuda:0 --sample_id Landcover-776340_rgb --input_projection fourier --projection_dim 256 --fourier_scale 10 --network_depth 4 --network_hidden_dim 256 --weight_decay 0 --model mlp_tcnn --tcnn_mlp_dtype fp16 --lr_degradation s2_psf --run_name fourier_mlp_baseline_s2_psf --eval_crop_lr_size 64 --eval_crop_anchor topleft,
hashgrid_mlp_baseline_area,6,satburst_synth,Landcover-776340_rgb,4,area,mlp_tcnn,hashgrid_tcnn,16,64,2000,31.099712371826172,23.76113510131836,7.3385772705078125,0.9135282635688782,0.6397183537483215,0.27380990982055664,0.2066362500190735,0.3649824261665344,0.15834617614746094,False,64,256,,,7.5653088092803955,0.003782654404640198,10.873595237731934,0.0013873133575543761,,,/workspaces/scalef/single_samples/satburst_synth/Landcover-776340_rgb/hashgrid_mlp_baseline_area,/workspaces/scalef/optimize.py --dataset satburst_synth --satburst_data_root data --df 4 --lr_shift 1.0 --aug none --num_samples 16 --iters 2000 --batch_size 1 --optimizer adamw --learning_rate 2e-3 --weight_decay 0 --seed 6 --device cuda:0 --sample_id Landcover-776340_rgb --input_projection hashgrid --hash_n_levels 16 --hash_n_features_per_level 2 --hash_log2_hashmap_size 21 --hash_base_resolution 0 --hash_max_resolution 0 --hash_encoding_dtype fp32 --hash_encoding_preset smoothstep_grid --hash_grid_type Hash --network_depth 4 --network_hidden_dim 256 --weight_decay 0 --model mlp_tcnn --tcnn_mlp_dtype fp16 --lr_degradation area --run_name hashgrid_mlp_baseline_area --eval_crop_lr_size 64 --eval_crop_anchor topleft,
hashgrid_mlp_baseline_s2_psf,6,satburst_synth,Landcover-776340_rgb,4,s2_psf,mlp_tcnn,hashgrid_tcnn,16,64,2000,21.968395233154297,23.76113510131836,-1.7927398681640625,0.7439374327659607,0.6397183537483215,0.10421907901763916,0.3630298972129822,0.3649824261665344,0.001952528953552246,False,64,256,,,9.185341358184814,0.004592670679092407,12.414860963821411,0.0034168909769505262,,,/workspaces/scalef/single_samples/satburst_synth/Landcover-776340_rgb/hashgrid_mlp_baseline_s2_psf,/workspaces/scalef/optimize.py --dataset satburst_synth --satburst_data_root data --df 4 --lr_shift 1.0 --aug none --num_samples 16 --iters 2000 --batch_size 1 --optimizer adamw --learning_rate 2e-3 --weight_decay 0 --seed 6 --device cuda:0 --sample_id Landcover-776340_rgb --input_projection hashgrid --hash_n_levels 16 --hash_n_features_per_level 2 --hash_log2_hashmap_size 21 --hash_base_resolution 0 --hash_max_resolution 0 --hash_encoding_dtype fp32 --hash_encoding_preset smoothstep_grid --hash_grid_type Hash --network_depth 4 --network_hidden_dim 256 --weight_decay 0 --model mlp_tcnn --tcnn_mlp_dtype fp16 --lr_degradation s2_psf --run_name hashgrid_mlp_baseline_s2_psf --eval_crop_lr_size 64 --eval_crop_anchor topleft,
hashgrid_level_attention_area,6,satburst_synth,Landcover-776340_rgb,4,area,hash_attn,hashgrid_tcnn,16,64,2000,29.062576293945312,23.76113510131836,5.301441192626953,0.8755165934562683,0.6397183537483215,0.23579823970794678,0.2631794810295105,0.3649824261665344,0.10180294513702393,False,64,256,2.02468204498291,0.5534669160842896,13.767701387405396,0.006883850693702698,17.0507709980011,0.0056898086331784725,,,/workspaces/scalef/single_samples/satburst_synth/Landcover-776340_rgb/hashgrid_level_attention_area,/workspaces/scalef/optimize.py --dataset satburst_synth --satburst_data_root data --df 4 --lr_shift 1.0 --aug none --num_samples 16 --iters 2000 --batch_size 1 --optimizer adamw --learning_rate 2e-3 --weight_decay 0 --seed 6 --device cuda:0 --sample_id Landcover-776340_rgb --input_projection hashgrid --hash_n_levels 16 --hash_n_features_per_level 2 --hash_log2_hashmap_size 21 --hash_base_resolution 0 --hash_max_resolution 0 --hash_encoding_dtype fp32 --hash_encoding_preset smoothstep_grid --hash_grid_type Hash --network_depth 4 --network_hidden_dim 256 --weight_decay 0 --model hash_attn --hash_attn_token_dim 32 --log_attention --lr_degradation area --run_name hashgrid_level_attention_area --eval_crop_lr_size 64 --eval_crop_anchor topleft,"[0.013756820000708103, 0.014313909225165844, 0.015173621475696564, 0.017479494214057922, 0.018423445522785187, 0.019611449912190437, 0.02108505181968212, 0.025768334046006203, 0.03055012784898281, 0.03707338869571686, 0.04615532234311104, 0.07749629020690918, 0.10964581370353699, 0.1424928605556488, 0.1869896948337555, 0.22398439049720764]"
hashgrid_level_attention_s2_psf,6,satburst_synth,Landcover-776340_rgb,4,s2_psf,hash_attn,hashgrid_tcnn,16,64,2000,22.13639259338379,23.76113510131836,-1.6247425079345703,0.7196628451347351,0.6397183537483215,0.07994449138641357,0.3717433214187622,0.3649824261665344,-0.006760895252227783,False,64,256,1.661062240600586,0.6626451015472412,15.387699365615845,0.007693849682807922,18.60210919380188,0.00733551662415266,,,/workspaces/scalef/single_samples/satburst_synth/Landcover-776340_rgb/hashgrid_level_attention_s2_psf,/workspaces/scalef/optimize.py --dataset satburst_synth --satburst_data_root data --df 4 --lr_shift 1.0 --aug none --num_samples 16 --iters 2000 --batch_size 1 --optimizer adamw --learning_rate 2e-3 --weight_decay 0 --seed 6 --device cuda:0 --sample_id Landcover-776340_rgb --input_projection hashgrid --hash_n_levels 16 --hash_n_features_per_level 2 --hash_log2_hashmap_size 21 --hash_base_resolution 0 --hash_max_resolution 0 --hash_encoding_dtype fp32 --hash_encoding_preset smoothstep_grid --hash_grid_type Hash --network_depth 4 --network_hidden_dim 256 --weight_decay 0 --model hash_attn --hash_attn_token_dim 32 --log_attention --lr_degradation s2_psf --run_name hashgrid_level_attention_s2_psf --eval_crop_lr_size 64 --eval_crop_anchor topleft,"[0.010223896242678165, 0.010829844512045383, 0.011445349082350731, 0.012998608872294426, 0.013575172983109951, 0.014384537935256958, 0.017254222184419632, 0.018856629729270935, 0.021988583728671074, 0.025244874879717827, 0.030842062085866928, 0.05816835165023804, 0.09154275059700012, 0.15045981109142303, 0.2284581959247589, 0.28372710943222046]"
fourier_band_attention_area,6,satburst_synth,Landcover-776340_rgb,4,area,fourier_band_attn,fourier,8,48,2000,23.728328704833984,23.76113510131836,-0.032806396484375,0.6103252172470093,0.6397183537483215,-0.029393136501312256,0.4927389621734619,0.3649824261665344,-0.1277565360069275,False,64,256,1.9757490158081055,0.4093155264854431,11.770659685134888,0.005885329842567444,15.055514097213745,0.026286225765943527,,,/workspaces/scalef/single_samples/satburst_synth/Landcover-776340_rgb/fourier_band_attention_area,/workspaces/scalef/optimize.py --dataset satburst_synth --satburst_data_root data --df 4 --lr_shift 1.0 --aug none --num_samples 16 --iters 2000 --batch_size 1 --optimizer adamw --learning_rate 2e-3 --weight_decay 0 --seed 6 --device cuda:0 --sample_id Landcover-776340_rgb --input_projection fourier --projection_dim 256 --fourier_scale 10 --network_depth 4 --network_hidden_dim 256 --weight_decay 0 --model fourier_band_attn --attn_token_dim 32 --fourier_num_bands 8 --log_attention --lr_degradation area --run_name fourier_band_attention_area --eval_crop_lr_size 64 --eval_crop_anchor topleft,"[0.10610800236463547, 0.1429191529750824, 0.13919052481651306, 0.12520721554756165, 0.0772596001625061, 0.13919109106063843, 0.10769932717084885, 0.16242511570453644]"
fourier_band_attention_s2_psf,6,satburst_synth,Landcover-776340_rgb,4,s2_psf,fourier_band_attn,fourier,8,48,2000,21.338253021240234,23.76113510131836,-2.422882080078125,0.49234065413475037,0.6397183537483215,-0.14737769961357117,0.5188628435134888,0.3649824261665344,-0.15388041734695435,False,64,256,1.9304916858673096,0.4224376082420349,13.677629709243774,0.0068388148546218875,16.84355401992798,0.04079699143767357,,,/workspaces/scalef/single_samples/satburst_synth/Landcover-776340_rgb/fourier_band_attention_s2_psf,/workspaces/scalef/optimize.py --dataset satburst_synth --satburst_data_root data --df 4 --lr_shift 1.0 --aug none --num_samples 16 --iters 2000 --batch_size 1 --optimizer adamw --learning_rate 2e-3 --weight_decay 0 --seed 6 --device cuda:0 --sample_id Landcover-776340_rgb --input_projection fourier --projection_dim 256 --fourier_scale 10 --network_depth 4 --network_hidden_dim 256 --weight_decay 0 --model fourier_band_attn --attn_token_dim 32 --fourier_num_bands 8 --log_attention --lr_degradation s2_psf --run_name fourier_band_attention_s2_psf --eval_crop_lr_size 64 --eval_crop_anchor topleft,"[0.10153041779994965, 0.13477298617362976, 0.13725155591964722, 0.12594860792160034, 0.07805886119604111, 0.14761589467525482, 0.11071635037660599, 0.1641053557395935]"
fourier_mlp_baseline_area,6,satburst_synth,Landcover-823696_rgb,4,area,mlp_tcnn,fourier,8,48,2000,36.4751091003418,30.015811920166016,6.459297180175781,0.9315183758735657,0.7828893065452576,0.1486290693283081,0.15863551199436188,0.36435842514038086,0.20572291314601898,False,64,256,,,7.824802398681641,0.00391240119934082,11.160974979400635,0.0014596693217754364,,,/workspaces/scalef/single_samples/satburst_synth/Landcover-823696_rgb/fourier_mlp_baseline_area,/workspaces/scalef/optimize.py --dataset satburst_synth --satburst_data_root data --df 4 --lr_shift 1.0 --aug none --num_samples 16 --iters 2000 --batch_size 1 --optimizer adamw --learning_rate 2e-3 --weight_decay 0 --seed 6 --device cuda:0 --sample_id Landcover-823696_rgb --input_projection fourier --projection_dim 256 --fourier_scale 10 --network_depth 4 --network_hidden_dim 256 --weight_decay 0 --model mlp_tcnn --tcnn_mlp_dtype fp16 --lr_degradation area --run_name fourier_mlp_baseline_area --eval_crop_lr_size 64 --eval_crop_anchor topleft,
fourier_mlp_baseline_s2_psf,6,satburst_synth,Landcover-823696_rgb,4,s2_psf,mlp_tcnn,fourier,8,48,2000,31.113475799560547,30.015811920166016,1.0976638793945312,0.85443115234375,0.7828893065452576,0.07154184579849243,0.24516236782073975,0.36435842514038086,0.11919605731964111,False,64,256,,,9.448673725128174,0.004724336862564087,12.644910097122192,0.002874298021197319,,,/workspaces/scalef/single_samples/satburst_synth/Landcover-823696_rgb/fourier_mlp_baseline_s2_psf,/workspaces/scalef/optimize.py --dataset satburst_synth --satburst_data_root data --df 4 --lr_shift 1.0 --aug none --num_samples 16 --iters 2000 --batch_size 1 --optimizer adamw --learning_rate 2e-3 --weight_decay 0 --seed 6 --device cuda:0 --sample_id Landcover-823696_rgb --input_projection fourier --projection_dim 256 --fourier_scale 10 --network_depth 4 --network_hidden_dim 256 --weight_decay 0 --model mlp_tcnn --tcnn_mlp_dtype fp16 --lr_degradation s2_psf --run_name fourier_mlp_baseline_s2_psf --eval_crop_lr_size 64 --eval_crop_anchor topleft,
hashgrid_mlp_baseline_area,6,satburst_synth,Landcover-823696_rgb,4,area,mlp_tcnn,hashgrid_tcnn,16,64,2000,36.37168884277344,30.015811920166016,6.355876922607422,0.932933509349823,0.7828893065452576,0.15004420280456543,0.18534085154533386,0.36435842514038086,0.179017573595047,False,64,256,,,7.8504860401153564,0.003925243020057678,11.197242975234985,0.0009896282572299242,,,/workspaces/scalef/single_samples/satburst_synth/Landcover-823696_rgb/hashgrid_mlp_baseline_area,/workspaces/scalef/optimize.py --dataset satburst_synth --satburst_data_root data --df 4 --lr_shift 1.0 --aug none --num_samples 16 --iters 2000 --batch_size 1 --optimizer adamw --learning_rate 2e-3 --weight_decay 0 --seed 6 --device cuda:0 --sample_id Landcover-823696_rgb --input_projection hashgrid --hash_n_levels 16 --hash_n_features_per_level 2 --hash_log2_hashmap_size 21 --hash_base_resolution 0 --hash_max_resolution 0 --hash_encoding_dtype fp32 --hash_encoding_preset smoothstep_grid --hash_grid_type Hash --network_depth 4 --network_hidden_dim 256 --weight_decay 0 --model mlp_tcnn --tcnn_mlp_dtype fp16 --lr_degradation area --run_name hashgrid_mlp_baseline_area --eval_crop_lr_size 64 --eval_crop_anchor topleft,
hashgrid_mlp_baseline_s2_psf,6,satburst_synth,Landcover-823696_rgb,4,s2_psf,mlp_tcnn,hashgrid_tcnn,16,64,2000,29.3455810546875,30.015811920166016,-0.6702308654785156,0.8344187140464783,0.7828893065452576,0.0515294075012207,0.2862142324447632,0.36435842514038086,0.07814419269561768,False,64,256,,,9.770092248916626,0.004885046124458313,12.961714506149292,0.001889296225272119,,,/workspaces/scalef/single_samples/satburst_synth/Landcover-823696_rgb/hashgrid_mlp_baseline_s2_psf,/workspaces/scalef/optimize.py --dataset satburst_synth --satburst_data_root data --df 4 --lr_shift 1.0 --aug none --num_samples 16 --iters 2000 --batch_size 1 --optimizer adamw --learning_rate 2e-3 --weight_decay 0 --seed 6 --device cuda:0 --sample_id Landcover-823696_rgb --input_projection hashgrid --hash_n_levels 16 --hash_n_features_per_level 2 --hash_log2_hashmap_size 21 --hash_base_resolution 0 --hash_max_resolution 0 --hash_encoding_dtype fp32 --hash_encoding_preset smoothstep_grid --hash_grid_type Hash --network_depth 4 --network_hidden_dim 256 --weight_decay 0 --model mlp_tcnn --tcnn_mlp_dtype fp16 --lr_degradation s2_psf --run_name hashgrid_mlp_baseline_s2_psf --eval_crop_lr_size 64 --eval_crop_anchor topleft,
hashgrid_level_attention_area,6,satburst_synth,Landcover-823696_rgb,4,area,hash_attn,hashgrid_tcnn,16,64,2000,34.495296478271484,30.015811920166016,4.479484558105469,0.9077016711235046,0.7828893065452576,0.12481236457824707,0.2265457808971405,0.36435842514038086,0.13781264424324036,False,64,256,2.315345287322998,0.5269954204559326,13.689424991607666,0.006844712495803833,16.962852954864502,0.002840386237949133,,,/workspaces/scalef/single_samples/satburst_synth/Landcover-823696_rgb/hashgrid_level_attention_area,/workspaces/scalef/optimize.py --dataset satburst_synth --satburst_data_root data --df 4 --lr_shift 1.0 --aug none --num_samples 16 --iters 2000 --batch_size 1 --optimizer adamw --learning_rate 2e-3 --weight_decay 0 --seed 6 --device cuda:0 --sample_id Landcover-823696_rgb --input_projection hashgrid --hash_n_levels 16 --hash_n_features_per_level 2 --hash_log2_hashmap_size 21 --hash_base_resolution 0 --hash_max_resolution 0 --hash_encoding_dtype fp32 --hash_encoding_preset smoothstep_grid --hash_grid_type Hash --network_depth 4 --network_hidden_dim 256 --weight_decay 0 --model hash_attn --hash_attn_token_dim 32 --log_attention --lr_degradation area --run_name hashgrid_level_attention_area --eval_crop_lr_size 64 --eval_crop_anchor topleft,"[0.02031683176755905, 0.02242015115916729, 0.02008976601064205, 0.023318687453866005, 0.02504822239279747, 0.025076869875192642, 0.026414070278406143, 0.02602311223745346, 0.030044469982385635, 0.038479678332805634, 0.05101890116930008, 0.0686056911945343, 0.09614808857440948, 0.14336012303829193, 0.17462968826293945, 0.209005668759346]"
hashgrid_level_attention_s2_psf,6,satburst_synth,Landcover-823696_rgb,4,s2_psf,hash_attn,hashgrid_tcnn,16,64,2000,29.376914978027344,30.015811920166016,-0.6388969421386719,0.8156547546386719,0.7828893065452576,0.03276544809341431,0.3307090997695923,0.36435842514038086,0.033649325370788574,False,64,256,1.9540348052978516,0.684411346912384,15.254554748535156,0.007627277374267578,18.498934984207153,0.003699201624840498,,,/workspaces/scalef/single_samples/satburst_synth/Landcover-823696_rgb/hashgrid_level_attention_s2_psf,/workspaces/scalef/optimize.py --dataset satburst_synth --satburst_data_root data --df 4 --lr_shift 1.0 --aug none --num_samples 16 --iters 2000 --batch_size 1 --optimizer adamw --learning_rate 2e-3 --weight_decay 0 --seed 6 --device cuda:0 --sample_id Landcover-823696_rgb --input_projection hashgrid --hash_n_levels 16 --hash_n_features_per_level 2 --hash_log2_hashmap_size 21 --hash_base_resolution 0 --hash_max_resolution 0 --hash_encoding_dtype fp32 --hash_encoding_preset smoothstep_grid --hash_grid_type Hash --network_depth 4 --network_hidden_dim 256 --weight_decay 0 --model hash_attn --hash_attn_token_dim 32 --log_attention --lr_degradation s2_psf --run_name hashgrid_level_attention_s2_psf --eval_crop_lr_size 64 --eval_crop_anchor topleft,"[0.013489173725247383, 0.01549488678574562, 0.013161072507500648, 0.016058417037129402, 0.01768580451607704, 0.017671937122941017, 0.017383988946676254, 0.018044713884592056, 0.020143121480941772, 0.023378975689411163, 0.029012778773903847, 0.03893544524908066, 0.07512836903333664, 0.16339948773384094, 0.22641336917877197, 0.2945984899997711]"
fourier_band_attention_area,6,satburst_synth,Landcover-823696_rgb,4,area,fourier_band_attn,fourier,8,48,2000,28.779752731323242,30.015811920166016,-1.2360591888427734,0.7080777287483215,0.7828893065452576,-0.07481157779693604,0.4213927388191223,0.36435842514038086,-0.057034313678741455,False,64,256,1.9552891254425049,0.39229291677474976,11.912486791610718,0.005956243395805359,15.267317533493042,0.013404374942183495,,,/workspaces/scalef/single_samples/satburst_synth/Landcover-823696_rgb/fourier_band_attention_area,/workspaces/scalef/optimize.py --dataset satburst_synth --satburst_data_root data --df 4 --lr_shift 1.0 --aug none --num_samples 16 --iters 2000 --batch_size 1 --optimizer adamw --learning_rate 2e-3 --weight_decay 0 --seed 6 --device cuda:0 --sample_id Landcover-823696_rgb --input_projection fourier --projection_dim 256 --fourier_scale 10 --network_depth 4 --network_hidden_dim 256 --weight_decay 0 --model fourier_band_attn --attn_token_dim 32 --fourier_num_bands 8 --log_attention --lr_degradation area --run_name fourier_band_attention_area --eval_crop_lr_size 64 --eval_crop_anchor topleft,"[0.11105099320411682, 0.11069773882627487, 0.10356111079454422, 0.20627722144126892, 0.07611998915672302, 0.11965063959360123, 0.06935379654169083, 0.2032884955406189]"
fourier_band_attention_s2_psf,6,satburst_synth,Landcover-823696_rgb,4,s2_psf,fourier_band_attn,fourier,8,48,2000,26.5526180267334,30.015811920166016,-3.463193893432617,0.5935062766075134,0.7828893065452576,-0.18938302993774414,0.48594772815704346,0.36435842514038086,-0.1215893030166626,False,64,256,1.9657411575317383,0.38620224595069885,13.57064437866211,0.006785322189331055,16.765562772750854,0.020324015989899635,,,/workspaces/scalef/single_samples/satburst_synth/Landcover-823696_rgb/fourier_band_attention_s2_psf,/workspaces/scalef/optimize.py --dataset satburst_synth --satburst_data_root data --df 4 --lr_shift 1.0 --aug none --num_samples 16 --iters 2000 --batch_size 1 --optimizer adamw --learning_rate 2e-3 --weight_decay 0 --seed 6 --device cuda:0 --sample_id Landcover-823696_rgb --input_projection fourier --projection_dim 256 --fourier_scale 10 --network_depth 4 --network_hidden_dim 256 --weight_decay 0 --model fourier_band_attn --attn_token_dim 32 --fourier_num_bands 8 --log_attention --lr_degradation s2_psf --run_name fourier_band_attention_s2_psf --eval_crop_lr_size 64 --eval_crop_anchor topleft,"[0.11390011012554169, 0.11801528185606003, 0.10672962665557861, 0.19084587693214417, 0.08430685102939606, 0.128000408411026, 0.07402260601520538, 0.18417924642562866]"
fourier_mlp_baseline_area,6,satburst_synth,UNHCR-NERs009690_rgb,4,area,mlp_tcnn,fourier,8,48,2000,31.350080490112305,24.78452491760254,6.565555572509766,0.9029642939567566,0.6044699549674988,0.2984943389892578,0.20963622629642487,0.4128844738006592,0.20324824750423431,False,64,256,,,8.084811449050903,0.004042405724525452,11.395251989364624,0.001475095166824758,,,/workspaces/scalef/single_samples/satburst_synth/UNHCR-NERs009690_rgb/fourier_mlp_baseline_area,/workspaces/scalef/optimize.py --dataset satburst_synth --satburst_data_root data --df 4 --lr_shift 1.0 --aug none --num_samples 16 --iters 2000 --batch_size 1 --optimizer adamw --learning_rate 2e-3 --weight_decay 0 --seed 6 --device cuda:0 --sample_id UNHCR-NERs009690_rgb --input_projection fourier --projection_dim 256 --fourier_scale 10 --network_depth 4 --network_hidden_dim 256 --weight_decay 0 --model mlp_tcnn --tcnn_mlp_dtype fp16 --lr_degradation area --run_name fourier_mlp_baseline_area --eval_crop_lr_size 64 --eval_crop_anchor topleft,
fourier_mlp_baseline_s2_psf,6,satburst_synth,UNHCR-NERs009690_rgb,4,s2_psf,mlp_tcnn,fourier,8,48,2000,24.786521911621094,24.78452491760254,0.0019969940185546875,0.7720687389373779,0.6044699549674988,0.16759878396987915,0.35020312666893005,0.4128844738006592,0.06268134713172913,False,64,256,,,9.938008069992065,0.004969004034996033,13.186325550079346,0.007637209724634886,,,/workspaces/scalef/single_samples/satburst_synth/UNHCR-NERs009690_rgb/fourier_mlp_baseline_s2_psf,/workspaces/scalef/optimize.py --dataset satburst_synth --satburst_data_root data --df 4 --lr_shift 1.0 --aug none --num_samples 16 --iters 2000 --batch_size 1 --optimizer adamw --learning_rate 2e-3 --weight_decay 0 --seed 6 --device cuda:0 --sample_id UNHCR-NERs009690_rgb --input_projection fourier --projection_dim 256 --fourier_scale 10 --network_depth 4 --network_hidden_dim 256 --weight_decay 0 --model mlp_tcnn --tcnn_mlp_dtype fp16 --lr_degradation s2_psf --run_name fourier_mlp_baseline_s2_psf --eval_crop_lr_size 64 --eval_crop_anchor topleft,
hashgrid_mlp_baseline_area,6,satburst_synth,UNHCR-NERs009690_rgb,4,area,mlp_tcnn,hashgrid_tcnn,16,64,2000,31.145830154418945,24.78452491760254,6.361305236816406,0.9037312865257263,0.6044699549674988,0.29926133155822754,0.2557852864265442,0.4128844738006592,0.157099187374115,False,64,256,,,7.740506887435913,0.0038702534437179566,12.312418937683105,0.0017497976077720523,,,/workspaces/scalef/single_samples/satburst_synth/UNHCR-NERs009690_rgb/hashgrid_mlp_baseline_area,/workspaces/scalef/optimize.py --dataset satburst_synth --satburst_data_root data --df 4 --lr_shift 1.0 --aug none --num_samples 16 --iters 2000 --batch_size 1 --optimizer adamw --learning_rate 2e-3 --weight_decay 0 --seed 6 --device cuda:0 --sample_id UNHCR-NERs009690_rgb --input_projection hashgrid --hash_n_levels 16 --hash_n_features_per_level 2 --hash_log2_hashmap_size 21 --hash_base_resolution 0 --hash_max_resolution 0 --hash_encoding_dtype fp32 --hash_encoding_preset smoothstep_grid --hash_grid_type Hash --network_depth 4 --network_hidden_dim 256 --weight_decay 0 --model mlp_tcnn --tcnn_mlp_dtype fp16 --lr_degradation area --run_name hashgrid_mlp_baseline_area --eval_crop_lr_size 64 --eval_crop_anchor topleft,
hashgrid_mlp_baseline_s2_psf,6,satburst_synth,UNHCR-NERs009690_rgb,4,s2_psf,mlp_tcnn,hashgrid_tcnn,16,64,2000,21.969430923461914,24.78452491760254,-2.815093994140625,0.6973735690116882,0.6044699549674988,0.09290361404418945,0.4050300717353821,0.4128844738006592,0.0078544020652771,False,64,256,,,9.739516496658325,0.004869758248329163,12.967926502227783,0.003881243523210287,,,/workspaces/scalef/single_samples/satburst_synth/UNHCR-NERs009690_rgb/hashgrid_mlp_baseline_s2_psf,/workspaces/scalef/optimize.py --dataset satburst_synth --satburst_data_root data --df 4 --lr_shift 1.0 --aug none --num_samples 16 --iters 2000 --batch_size 1 --optimizer adamw --learning_rate 2e-3 --weight_decay 0 --seed 6 --device cuda:0 --sample_id UNHCR-NERs009690_rgb --input_projection hashgrid --hash_n_levels 16 --hash_n_features_per_level 2 --hash_log2_hashmap_size 21 --hash_base_resolution 0 --hash_max_resolution 0 --hash_encoding_dtype fp32 --hash_encoding_preset smoothstep_grid --hash_grid_type Hash --network_depth 4 --network_hidden_dim 256 --weight_decay 0 --model mlp_tcnn --tcnn_mlp_dtype fp16 --lr_degradation s2_psf --run_name hashgrid_mlp_baseline_s2_psf --eval_crop_lr_size 64 --eval_crop_anchor topleft,
hashgrid_level_attention_area,6,satburst_synth,UNHCR-NERs009690_rgb,4,area,hash_attn,hashgrid_tcnn,16,64,2000,29.214845657348633,24.78452491760254,4.430320739746094,0.8539393544197083,0.6044699549674988,0.24946939945220947,0.25724077224731445,0.4128844738006592,0.15564370155334473,False,64,256,2.0463905334472656,0.6155256032943726,13.676798820495605,0.006838399410247803,17.048890590667725,0.004930604249238968,,,/workspaces/scalef/single_samples/satburst_synth/UNHCR-NERs009690_rgb/hashgrid_level_attention_area,/workspaces/scalef/optimize.py --dataset satburst_synth --satburst_data_root data --df 4 --lr_shift 1.0 --aug none --num_samples 16 --iters 2000 --batch_size 1 --optimizer adamw --learning_rate 2e-3 --weight_decay 0 --seed 6 --device cuda:0 --sample_id UNHCR-NERs009690_rgb --input_projection hashgrid --hash_n_levels 16 --hash_n_features_per_level 2 --hash_log2_hashmap_size 21 --hash_base_resolution 0 --hash_max_resolution 0 --hash_encoding_dtype fp32 --hash_encoding_preset smoothstep_grid --hash_grid_type Hash --network_depth 4 --network_hidden_dim 256 --weight_decay 0 --model hash_attn --hash_attn_token_dim 32 --log_attention --lr_degradation area --run_name hashgrid_level_attention_area --eval_crop_lr_size 64 --eval_crop_anchor topleft,"[0.01217010896652937, 0.012582606635987759, 0.013348854146897793, 0.013217572122812271, 0.013468966819345951, 0.014013583771884441, 0.01384289376437664, 0.015631934627890587, 0.016385186463594437, 0.029133621603250504, 0.03611590713262558, 0.0717737153172493, 0.12278947234153748, 0.16074004769325256, 0.20947906374931335, 0.24530646204948425]"
hashgrid_level_attention_s2_psf,6,satburst_synth,UNHCR-NERs009690_rgb,4,s2_psf,hash_attn,hashgrid_tcnn,16,64,2000,23.515552520751953,24.78452491760254,-1.268972396850586,0.7264527678489685,0.6044699549674988,0.12198281288146973,0.36139631271362305,0.4128844738006592,0.05148816108703613,False,64,256,1.4579678773880005,0.8483408689498901,15.189339399337769,0.0075946696996688845,18.52726984024048,0.009445616975426674,,,/workspaces/scalef/single_samples/satburst_synth/UNHCR-NERs009690_rgb/hashgrid_level_attention_s2_psf,/workspaces/scalef/optimize.py --dataset satburst_synth --satburst_data_root data --df 4 --lr_shift 1.0 --aug none --num_samples 16 --iters 2000 --batch_size 1 --optimizer adamw --learning_rate 2e-3 --weight_decay 0 --seed 6 --device cuda:0 --sample_id UNHCR-NERs009690_rgb --input_projection hashgrid --hash_n_levels 16 --hash_n_features_per_level 2 --hash_log2_hashmap_size 21 --hash_base_resolution 0 --hash_max_resolution 0 --hash_encoding_dtype fp32 --hash_encoding_preset smoothstep_grid --hash_grid_type Hash --network_depth 4 --network_hidden_dim 256 --weight_decay 0 --model hash_attn --hash_attn_token_dim 32 --log_attention --lr_degradation s2_psf --run_name hashgrid_level_attention_s2_psf --eval_crop_lr_size 64 --eval_crop_anchor topleft,"[0.0045943111181259155, 0.0045554861426353455, 0.0044694277457892895, 0.004670146852731705, 0.004586722701787949, 0.004746805876493454, 0.004514994565397501, 0.004551819991320372, 0.004714425653219223, 0.005231824703514576, 0.007125315256416798, 0.01898067630827427, 0.07891722023487091, 0.18646273016929626, 0.291903018951416, 0.3699750602245331]"
fourier_band_attention_area,6,satburst_synth,UNHCR-NERs009690_rgb,4,area,fourier_band_attn,fourier,8,48,2000,25.30841827392578,24.78452491760254,0.5238933563232422,0.6362943649291992,0.6044699549674988,0.03182440996170044,0.44113314151763916,0.4128844738006592,-0.02824866771697998,False,64,256,2.020987033843994,0.36900603771209717,11.814801931381226,0.005907400965690613,15.26087474822998,0.04621889442205429,,,/workspaces/scalef/single_samples/satburst_synth/UNHCR-NERs009690_rgb/fourier_band_attention_area,/workspaces/scalef/optimize.py --dataset satburst_synth --satburst_data_root data --df 4 --lr_shift 1.0 --aug none --num_samples 16 --iters 2000 --batch_size 1 --optimizer adamw --learning_rate 2e-3 --weight_decay 0 --seed 6 --device cuda:0 --sample_id UNHCR-NERs009690_rgb --input_projection fourier --projection_dim 256 --fourier_scale 10 --network_depth 4 --network_hidden_dim 256 --weight_decay 0 --model fourier_band_attn --attn_token_dim 32 --fourier_num_bands 8 --log_attention --lr_degradation area --run_name fourier_band_attention_area --eval_crop_lr_size 64 --eval_crop_anchor topleft,"[0.10500454902648926, 0.13494990766048431, 0.1372712254524231, 0.1307748407125473, 0.12299342453479767, 0.10353890061378479, 0.1330132782459259, 0.13245385885238647]"
fourier_band_attention_s2_psf,6,satburst_synth,UNHCR-NERs009690_rgb,4,s2_psf,fourier_band_attn,fourier,8,48,2000,23.23436737060547,24.78452491760254,-1.5501575469970703,0.5363278388977051,0.6044699549674988,-0.0681421160697937,0.486163854598999,0.4128844738006592,-0.07327938079833984,False,64,256,2.010622262954712,0.369075745344162,13.199357748031616,0.006599678874015808,16.402840614318848,0.07299797236919403,,,/workspaces/scalef/single_samples/satburst_synth/UNHCR-NERs009690_rgb/fourier_band_attention_s2_psf,/workspaces/scalef/optimize.py --dataset satburst_synth --satburst_data_root data --df 4 --lr_shift 1.0 --aug none --num_samples 16 --iters 2000 --batch_size 1 --optimizer adamw --learning_rate 2e-3 --weight_decay 0 --seed 6 --device cuda:0 --sample_id UNHCR-NERs009690_rgb --input_projection fourier --projection_dim 256 --fourier_scale 10 --network_depth 4 --network_hidden_dim 256 --weight_decay 0 --model fourier_band_attn --attn_token_dim 32 --fourier_num_bands 8 --log_attention --lr_degradation s2_psf --run_name fourier_band_attention_s2_psf --eval_crop_lr_size 64 --eval_crop_anchor topleft,"[0.1178167462348938, 0.13351520895957947, 0.13362912833690643, 0.1255364865064621, 0.1204267144203186, 0.10620217770338058, 0.13800276815891266, 0.12487079203128815]"
fourier_mlp_baseline_area,6,satburst_synth,UNHCR-SYRs008164_rgb,4,area,mlp_tcnn,fourier,8,48,2000,36.94933319091797,30.646678924560547,6.302654266357422,0.9357393383979797,0.7823564410209656,0.15338289737701416,0.16851584613323212,0.37031546235084534,0.20179961621761322,False,64,256,,,7.756517648696899,0.0038782588243484496,11.07043719291687,0.00222032587043941,,,/workspaces/scalef/single_samples/satburst_synth/UNHCR-SYRs008164_rgb/fourier_mlp_baseline_area,/workspaces/scalef/optimize.py --dataset satburst_synth --satburst_data_root data --df 4 --lr_shift 1.0 --aug none --num_samples 16 --iters 2000 --batch_size 1 --optimizer adamw --learning_rate 2e-3 --weight_decay 0 --seed 6 --device cuda:0 --sample_id UNHCR-SYRs008164_rgb --input_projection fourier --projection_dim 256 --fourier_scale 10 --network_depth 4 --network_hidden_dim 256 --weight_decay 0 --model mlp_tcnn --tcnn_mlp_dtype fp16 --lr_degradation area --run_name fourier_mlp_baseline_area --eval_crop_lr_size 64 --eval_crop_anchor topleft,
fourier_mlp_baseline_s2_psf,6,satburst_synth,UNHCR-SYRs008164_rgb,4,s2_psf,mlp_tcnn,fourier,8,48,2000,31.289541244506836,30.646678924560547,0.6428623199462891,0.8567497134208679,0.7823564410209656,0.07439327239990234,0.2677014470100403,0.37031546235084534,0.10261401534080505,False,64,256,,,10.257894277572632,0.005128947138786316,13.48145318031311,0.004839844070374966,,,/workspaces/scalef/single_samples/satburst_synth/UNHCR-SYRs008164_rgb/fourier_mlp_baseline_s2_psf,/workspaces/scalef/optimize.py --dataset satburst_synth --satburst_data_root data --df 4 --lr_shift 1.0 --aug none --num_samples 16 --iters 2000 --batch_size 1 --optimizer adamw --learning_rate 2e-3 --weight_decay 0 --seed 6 --device cuda:0 --sample_id UNHCR-SYRs008164_rgb --input_projection fourier --projection_dim 256 --fourier_scale 10 --network_depth 4 --network_hidden_dim 256 --weight_decay 0 --model mlp_tcnn --tcnn_mlp_dtype fp16 --lr_degradation s2_psf --run_name fourier_mlp_baseline_s2_psf --eval_crop_lr_size 64 --eval_crop_anchor topleft,
hashgrid_mlp_baseline_area,6,satburst_synth,UNHCR-SYRs008164_rgb,4,area,mlp_tcnn,hashgrid_tcnn,16,64,2000,36.747859954833984,30.646678924560547,6.1011810302734375,0.9360907673835754,0.7823564410209656,0.15373432636260986,0.17843973636627197,0.37031546235084534,0.19187572598457336,False,64,256,,,8.135293960571289,0.004067646980285645,11.458948135375977,0.0013598952209576964,,,/workspaces/scalef/single_samples/satburst_synth/UNHCR-SYRs008164_rgb/hashgrid_mlp_baseline_area,/workspaces/scalef/optimize.py --dataset satburst_synth --satburst_data_root data --df 4 --lr_shift 1.0 --aug none --num_samples 16 --iters 2000 --batch_size 1 --optimizer adamw --learning_rate 2e-3 --weight_decay 0 --seed 6 --device cuda:0 --sample_id UNHCR-SYRs008164_rgb --input_projection hashgrid --hash_n_levels 16 --hash_n_features_per_level 2 --hash_log2_hashmap_size 21 --hash_base_resolution 0 --hash_max_resolution 0 --hash_encoding_dtype fp32 --hash_encoding_preset smoothstep_grid --hash_grid_type Hash --network_depth 4 --network_hidden_dim 256 --weight_decay 0 --model mlp_tcnn --tcnn_mlp_dtype fp16 --lr_degradation area --run_name hashgrid_mlp_baseline_area --eval_crop_lr_size 64 --eval_crop_anchor topleft,
hashgrid_mlp_baseline_s2_psf,6,satburst_synth,UNHCR-SYRs008164_rgb,4,s2_psf,mlp_tcnn,hashgrid_tcnn,16,64,2000,29.0460262298584,30.646678924560547,-1.6006526947021484,0.8142078518867493,0.7823564410209656,0.03185141086578369,0.2994484007358551,0.37031546235084534,0.07086706161499023,False,64,256,,,10.02508020401001,0.0050125401020050045,13.227917909622192,0.0026925108395516872,,,/workspaces/scalef/single_samples/satburst_synth/UNHCR-SYRs008164_rgb/hashgrid_mlp_baseline_s2_psf,/workspaces/scalef/optimize.py --dataset satburst_synth --satburst_data_root data --df 4 --lr_shift 1.0 --aug none --num_samples 16 --iters 2000 --batch_size 1 --optimizer adamw --learning_rate 2e-3 --weight_decay 0 --seed 6 --device cuda:0 --sample_id UNHCR-SYRs008164_rgb --input_projection hashgrid --hash_n_levels 16 --hash_n_features_per_level 2 --hash_log2_hashmap_size 21 --hash_base_resolution 0 --hash_max_resolution 0 --hash_encoding_dtype fp32 --hash_encoding_preset smoothstep_grid --hash_grid_type Hash --network_depth 4 --network_hidden_dim 256 --weight_decay 0 --model mlp_tcnn --tcnn_mlp_dtype fp16 --lr_degradation s2_psf --run_name hashgrid_mlp_baseline_s2_psf --eval_crop_lr_size 64 --eval_crop_anchor topleft,
hashgrid_level_attention_area,6,satburst_synth,UNHCR-SYRs008164_rgb,4,area,hash_attn,hashgrid_tcnn,16,64,2000,35.771888732910156,30.646678924560547,5.125209808349609,0.9244775772094727,0.7823564410209656,0.14212113618850708,0.17126138508319855,0.37031546235084534,0.1990540772676468,False,64,256,1.7421257495880127,0.7366117238998413,13.63436245918274,0.00681718122959137,16.950117111206055,0.0019912528805434704,,,/workspaces/scalef/single_samples/satburst_synth/UNHCR-SYRs008164_rgb/hashgrid_level_attention_area,/workspaces/scalef/optimize.py --dataset satburst_synth --satburst_data_root data --df 4 --lr_shift 1.0 --aug none --num_samples 16 --iters 2000 --batch_size 1 --optimizer adamw --learning_rate 2e-3 --weight_decay 0 --seed 6 --device cuda:0 --sample_id UNHCR-SYRs008164_rgb --input_projection hashgrid --hash_n_levels 16 --hash_n_features_per_level 2 --hash_log2_hashmap_size 21 --hash_base_resolution 0 --hash_max_resolution 0 --hash_encoding_dtype fp32 --hash_encoding_preset smoothstep_grid --hash_grid_type Hash --network_depth 4 --network_hidden_dim 256 --weight_decay 0 --model hash_attn --hash_attn_token_dim 32 --log_attention --lr_degradation area --run_name hashgrid_level_attention_area --eval_crop_lr_size 64 --eval_crop_anchor topleft,"[0.00864535104483366, 0.008340821601450443, 0.008717222139239311, 0.008293187245726585, 0.008743103593587875, 0.00843075755983591, 0.007577504031360149, 0.008608005940914154, 0.008525276556611061, 0.012106560170650482, 0.027845507487654686, 0.04049782082438469, 0.10705716907978058, 0.17671328783035278, 0.25412601232528687, 0.30577242374420166]"
hashgrid_level_attention_s2_psf,6,satburst_synth,UNHCR-SYRs008164_rgb,4,s2_psf,hash_attn,hashgrid_tcnn,16,64,2000,29.699338912963867,30.646678924560547,-0.9473400115966797,0.8194911479949951,0.7823564410209656,0.03713470697402954,0.27691972255706787,0.37031546235084534,0.09339573979377747,False,64,256,1.2898683547973633,0.9178764224052429,15.70865535736084,0.00785432767868042,18.959948539733887,0.0043708221055567265,,,/workspaces/scalef/single_samples/satburst_synth/UNHCR-SYRs008164_rgb/hashgrid_level_attention_s2_psf,/workspaces/scalef/optimize.py --dataset satburst_synth --satburst_data_root data --df 4 --lr_shift 1.0 --aug none --num_samples 16 --iters 2000 --batch_size 1 --optimizer adamw --learning_rate 2e-3 --weight_decay 0 --seed 6 --device cuda:0 --sample_id UNHCR-SYRs008164_rgb --input_projection hashgrid --hash_n_levels 16 --hash_n_features_per_level 2 --hash_log2_hashmap_size 21 --hash_base_resolution 0 --hash_max_resolution 0 --hash_encoding_dtype fp32 --hash_encoding_preset smoothstep_grid --hash_grid_type Hash --network_depth 4 --network_hidden_dim 256 --weight_decay 0 --model hash_attn --hash_attn_token_dim 32 --log_attention --lr_degradation s2_psf --run_name hashgrid_level_attention_s2_psf --eval_crop_lr_size 64 --eval_crop_anchor topleft,"[0.004318517632782459, 0.0043314495123922825, 0.004168543498963118, 0.003947770223021507, 0.003978673368692398, 0.003985591698437929, 0.003564332379028201, 0.003604789962992072, 0.003395716194063425, 0.00424556341022253, 0.006116868928074837, 0.008154734969139099, 0.028311029076576233, 0.15782716870307922, 0.32554203271865845, 0.43450725078582764]"
fourier_band_attention_area,6,satburst_synth,UNHCR-SYRs008164_rgb,4,area,fourier_band_attn,fourier,8,48,2000,30.426372528076172,30.646678924560547,-0.220306396484375,0.7510910034179688,0.7823564410209656,-0.031265437602996826,0.4409744441509247,0.37031546235084534,-0.07065898180007935,False,64,256,1.9976978302001953,0.4068455100059509,11.719899415969849,0.005859949707984925,14.978902816772461,0.027388622984290123,,,/workspaces/scalef/single_samples/satburst_synth/UNHCR-SYRs008164_rgb/fourier_band_attention_area,/workspaces/scalef/optimize.py --dataset satburst_synth --satburst_data_root data --df 4 --lr_shift 1.0 --aug none --num_samples 16 --iters 2000 --batch_size 1 --optimizer adamw --learning_rate 2e-3 --weight_decay 0 --seed 6 --device cuda:0 --sample_id UNHCR-SYRs008164_rgb --input_projection fourier --projection_dim 256 --fourier_scale 10 --network_depth 4 --network_hidden_dim 256 --weight_decay 0 --model fourier_band_attn --attn_token_dim 32 --fourier_num_bands 8 --log_attention --lr_degradation area --run_name fourier_band_attention_area --eval_crop_lr_size 64 --eval_crop_anchor topleft,"[0.09788353741168976, 0.10758711397647858, 0.13707928359508514, 0.1484190821647644, 0.10218545794487, 0.13035443425178528, 0.08980819582939148, 0.18668287992477417]"
fourier_band_attention_s2_psf,6,satburst_synth,UNHCR-SYRs008164_rgb,4,s2_psf,fourier_band_attn,fourier,8,48,2000,28.45931625366211,30.646678924560547,-2.1873626708984375,0.6588291525840759,0.7823564410209656,-0.12352728843688965,0.4912887215614319,0.37031546235084534,-0.12097325921058655,False,64,256,1.985766887664795,0.4168030023574829,13.697442770004272,0.006848721385002136,16.980136394500732,0.03664861246943474,,,/workspaces/scalef/single_samples/satburst_synth/UNHCR-SYRs008164_rgb/fourier_band_attention_s2_psf,/workspaces/scalef/optimize.py --dataset satburst_synth --satburst_data_root data --df 4 --lr_shift 1.0 --aug none --num_samples 16 --iters 2000 --batch_size 1 --optimizer adamw --learning_rate 2e-3 --weight_decay 0 --seed 6 --device cuda:0 --sample_id UNHCR-SYRs008164_rgb --input_projection fourier --projection_dim 256 --fourier_scale 10 --network_depth 4 --network_hidden_dim 256 --weight_decay 0 --model fourier_band_attn --attn_token_dim 32 --fourier_num_bands 8 --log_attention --lr_degradation s2_psf --run_name fourier_band_attention_s2_psf --eval_crop_lr_size 64 --eval_crop_anchor topleft,"[0.09612385928630829, 0.10663671791553497, 0.128347247838974, 0.1443287432193756, 0.10776044428348541, 0.1338796615600586, 0.0996970385313034, 0.18322628736495972]"
fourier_mlp_baseline_area,6,satburst_synth,UNHCR-YEMs035290_rgb,4,area,mlp_tcnn,fourier,8,48,2000,33.3727912902832,26.805137634277344,6.567653656005859,0.9090952277183533,0.6593056321144104,0.24978959560394287,0.2254292517900467,0.4100230634212494,0.1845938116312027,False,64,256,,,7.86969780921936,0.00393484890460968,11.20388388633728,0.003643738804385066,,,/workspaces/scalef/single_samples/satburst_synth/UNHCR-YEMs035290_rgb/fourier_mlp_baseline_area,/workspaces/scalef/optimize.py --dataset satburst_synth --satburst_data_root data --df 4 --lr_shift 1.0 --aug none --num_samples 16 --iters 2000 --batch_size 1 --optimizer adamw --learning_rate 2e-3 --weight_decay 0 --seed 6 --device cuda:0 --sample_id UNHCR-YEMs035290_rgb --input_projection fourier --projection_dim 256 --fourier_scale 10 --network_depth 4 --network_hidden_dim 256 --weight_decay 0 --model mlp_tcnn --tcnn_mlp_dtype fp16 --lr_degradation area --run_name fourier_mlp_baseline_area --eval_crop_lr_size 64 --eval_crop_anchor topleft,
fourier_mlp_baseline_s2_psf,6,satburst_synth,UNHCR-YEMs035290_rgb,4,s2_psf,mlp_tcnn,fourier,8,48,2000,26.87047004699707,26.805137634277344,0.06533241271972656,0.7828161120414734,0.6593056321144104,0.12351047992706299,0.3217726945877075,0.4100230634212494,0.08825036883354187,False,64,256,,,9.931848764419556,0.004965924382209778,13.12719464302063,0.006537748500704765,,,/workspaces/scalef/single_samples/satburst_synth/UNHCR-YEMs035290_rgb/fourier_mlp_baseline_s2_psf,/workspaces/scalef/optimize.py --dataset satburst_synth --satburst_data_root data --df 4 --lr_shift 1.0 --aug none --num_samples 16 --iters 2000 --batch_size 1 --optimizer adamw --learning_rate 2e-3 --weight_decay 0 --seed 6 --device cuda:0 --sample_id UNHCR-YEMs035290_rgb --input_projection fourier --projection_dim 256 --fourier_scale 10 --network_depth 4 --network_hidden_dim 256 --weight_decay 0 --model mlp_tcnn --tcnn_mlp_dtype fp16 --lr_degradation s2_psf --run_name fourier_mlp_baseline_s2_psf --eval_crop_lr_size 64 --eval_crop_anchor topleft,
hashgrid_mlp_baseline_area,6,satburst_synth,UNHCR-YEMs035290_rgb,4,area,mlp_tcnn,hashgrid_tcnn,16,64,2000,33.38885498046875,26.805137634277344,6.583717346191406,0.9137769341468811,0.6593056321144104,0.2544713020324707,0.2160283327102661,0.4100230634212494,0.19399473071098328,False,64,256,,,7.706560373306274,0.003853280186653137,10.986278295516968,0.00250571989454329,,,/workspaces/scalef/single_samples/satburst_synth/UNHCR-YEMs035290_rgb/hashgrid_mlp_baseline_area,/workspaces/scalef/optimize.py --dataset satburst_synth --satburst_data_root data --df 4 --lr_shift 1.0 --aug none --num_samples 16 --iters 2000 --batch_size 1 --optimizer adamw --learning_rate 2e-3 --weight_decay 0 --seed 6 --device cuda:0 --sample_id UNHCR-YEMs035290_rgb --input_projection hashgrid --hash_n_levels 16 --hash_n_features_per_level 2 --hash_log2_hashmap_size 21 --hash_base_resolution 0 --hash_max_resolution 0 --hash_encoding_dtype fp32 --hash_encoding_preset smoothstep_grid --hash_grid_type Hash --network_depth 4 --network_hidden_dim 256 --weight_decay 0 --model mlp_tcnn --tcnn_mlp_dtype fp16 --lr_degradation area --run_name hashgrid_mlp_baseline_area --eval_crop_lr_size 64 --eval_crop_anchor topleft,
hashgrid_mlp_baseline_s2_psf,6,satburst_synth,UNHCR-YEMs035290_rgb,4,s2_psf,mlp_tcnn,hashgrid_tcnn,16,64,2000,24.985849380493164,26.805137634277344,-1.8192882537841797,0.7384429574012756,0.6593056321144104,0.07913732528686523,0.33140313625335693,0.4100230634212494,0.07861992716789246,False,64,256,,,9.709415674209595,0.004854707837104798,12.92604947090149,0.004308389034122229,,,/workspaces/scalef/single_samples/satburst_synth/UNHCR-YEMs035290_rgb/hashgrid_mlp_baseline_s2_psf,/workspaces/scalef/optimize.py --dataset satburst_synth --satburst_data_root data --df 4 --lr_shift 1.0 --aug none --num_samples 16 --iters 2000 --batch_size 1 --optimizer adamw --learning_rate 2e-3 --weight_decay 0 --seed 6 --device cuda:0 --sample_id UNHCR-YEMs035290_rgb --input_projection hashgrid --hash_n_levels 16 --hash_n_features_per_level 2 --hash_log2_hashmap_size 21 --hash_base_resolution 0 --hash_max_resolution 0 --hash_encoding_dtype fp32 --hash_encoding_preset smoothstep_grid --hash_grid_type Hash --network_depth 4 --network_hidden_dim 256 --weight_decay 0 --model mlp_tcnn --tcnn_mlp_dtype fp16 --lr_degradation s2_psf --run_name hashgrid_mlp_baseline_s2_psf --eval_crop_lr_size 64 --eval_crop_anchor topleft,
hashgrid_level_attention_area,6,satburst_synth,UNHCR-YEMs035290_rgb,4,area,hash_attn,hashgrid_tcnn,16,64,2000,31.8150634765625,26.805137634277344,5.009925842285156,0.8806861042976379,0.6593056321144104,0.22138047218322754,0.24050267040729523,0.4100230634212494,0.16952039301395416,False,64,256,2.330307722091675,0.47831428050994873,13.742022037506104,0.006871011018753052,17.081795930862427,0.008118148893117905,,,/workspaces/scalef/single_samples/satburst_synth/UNHCR-YEMs035290_rgb/hashgrid_level_attention_area,/workspaces/scalef/optimize.py --dataset satburst_synth --satburst_data_root data --df 4 --lr_shift 1.0 --aug none --num_samples 16 --iters 2000 --batch_size 1 --optimizer adamw --learning_rate 2e-3 --weight_decay 0 --seed 6 --device cuda:0 --sample_id UNHCR-YEMs035290_rgb --input_projection hashgrid --hash_n_levels 16 --hash_n_features_per_level 2 --hash_log2_hashmap_size 21 --hash_base_resolution 0 --hash_max_resolution 0 --hash_encoding_dtype fp32 --hash_encoding_preset smoothstep_grid --hash_grid_type Hash --network_depth 4 --network_hidden_dim 256 --weight_decay 0 --model hash_attn --hash_attn_token_dim 32 --log_attention --lr_degradation area --run_name hashgrid_level_attention_area --eval_crop_lr_size 64 --eval_crop_anchor topleft,"[0.0236116461455822, 0.023427501320838928, 0.024455228820443153, 0.02501390129327774, 0.025559253990650177, 0.027354532852768898, 0.028576740995049477, 0.029860515147447586, 0.03429248929023743, 0.04124249890446663, 0.05504855141043663, 0.08112810552120209, 0.102114737033844, 0.1371324360370636, 0.16212616860866547, 0.17905567586421967]"
hashgrid_level_attention_s2_psf,6,satburst_synth,UNHCR-YEMs035290_rgb,4,s2_psf,hash_attn,hashgrid_tcnn,16,64,2000,25.300107955932617,26.805137634277344,-1.5050296783447266,0.7316733002662659,0.6593056321144104,0.07236766815185547,0.32837095856666565,0.4100230634212494,0.08165210485458374,False,64,256,1.972402811050415,0.603486180305481,15.671633958816528,0.007835816979408263,18.855023622512817,0.011701194569468498,,,/workspaces/scalef/single_samples/satburst_synth/UNHCR-YEMs035290_rgb/hashgrid_level_attention_s2_psf,/workspaces/scalef/optimize.py --dataset satburst_synth --satburst_data_root data --df 4 --lr_shift 1.0 --aug none --num_samples 16 --iters 2000 --batch_size 1 --optimizer adamw --learning_rate 2e-3 --weight_decay 0 --seed 6 --device cuda:0 --sample_id UNHCR-YEMs035290_rgb --input_projection hashgrid --hash_n_levels 16 --hash_n_features_per_level 2 --hash_log2_hashmap_size 21 --hash_base_resolution 0 --hash_max_resolution 0 --hash_encoding_dtype fp32 --hash_encoding_preset smoothstep_grid --hash_grid_type Hash --network_depth 4 --network_hidden_dim 256 --weight_decay 0 --model hash_attn --hash_attn_token_dim 32 --log_attention --lr_degradation s2_psf --run_name hashgrid_level_attention_s2_psf --eval_crop_lr_size 64 --eval_crop_anchor topleft,"[0.015809908509254456, 0.015914514660835266, 0.01720592938363552, 0.017719460651278496, 0.017787210643291473, 0.020464850589632988, 0.021334638819098473, 0.02244383841753006, 0.022878173738718033, 0.02615044265985489, 0.03342787176370621, 0.05775362253189087, 0.10762333869934082, 0.15123659372329712, 0.20899420976638794, 0.2432554066181183]"
fourier_band_attention_area,6,satburst_synth,UNHCR-YEMs035290_rgb,4,area,fourier_band_attn,fourier,8,48,2000,27.979610443115234,26.805137634277344,1.1744728088378906,0.7047200202941895,0.6593056321144104,0.04541438817977905,0.4634774327278137,0.4100230634212494,-0.05345436930656433,False,64,256,2.0382370948791504,0.42672431468963623,11.715300798416138,0.005857650399208069,14.990451097488403,0.03580140322446823,,,/workspaces/scalef/single_samples/satburst_synth/UNHCR-YEMs035290_rgb/fourier_band_attention_area,/workspaces/scalef/optimize.py --dataset satburst_synth --satburst_data_root data --df 4 --lr_shift 1.0 --aug none --num_samples 16 --iters 2000 --batch_size 1 --optimizer adamw --learning_rate 2e-3 --weight_decay 0 --seed 6 --device cuda:0 --sample_id UNHCR-YEMs035290_rgb --input_projection fourier --projection_dim 256 --fourier_scale 10 --network_depth 4 --network_hidden_dim 256 --weight_decay 0 --model fourier_band_attn --attn_token_dim 32 --fourier_num_bands 8 --log_attention --lr_degradation area --run_name fourier_band_attention_area --eval_crop_lr_size 64 --eval_crop_anchor topleft,"[0.09214146435260773, 0.10806494951248169, 0.133137047290802, 0.1303834468126297, 0.10954877734184265, 0.13964048027992249, 0.1297227293252945, 0.15736110508441925]"
fourier_band_attention_s2_psf,6,satburst_synth,UNHCR-YEMs035290_rgb,4,s2_psf,fourier_band_attn,fourier,8,48,2000,25.78961753845215,26.805137634277344,-1.0155200958251953,0.6057088971138,0.6593056321144104,-0.05359673500061035,0.5038456320762634,0.4100230634212494,-0.09382256865501404,False,64,256,2.0355966091156006,0.4211949110031128,13.577991247177124,0.006788995623588562,16.775513172149658,0.05462320148944855,,,/workspaces/scalef/single_samples/satburst_synth/UNHCR-YEMs035290_rgb/fourier_band_attention_s2_psf,/workspaces/scalef/optimize.py --dataset satburst_synth --satburst_data_root data --df 4 --lr_shift 1.0 --aug none --num_samples 16 --iters 2000 --batch_size 1 --optimizer adamw --learning_rate 2e-3 --weight_decay 0 --seed 6 --device cuda:0 --sample_id UNHCR-YEMs035290_rgb --input_projection fourier --projection_dim 256 --fourier_scale 10 --network_depth 4 --network_hidden_dim 256 --weight_decay 0 --model fourier_band_attn --attn_token_dim 32 --fourier_num_bands 8 --log_attention --lr_degradation s2_psf --run_name fourier_band_attention_s2_psf --eval_crop_lr_size 64 --eval_crop_anchor topleft,"[0.09802447259426117, 0.10540439933538437, 0.130164235830307, 0.12709598243236542, 0.11811600625514984, 0.13929082453250885, 0.1322866827249527, 0.14961740374565125]"
