experiment,seed,dataset,sample_id,df,lr_degradation,model,input_projection,hash_base_resolution,hash_max_resolution,iters,psnr_model,psnr_bilinear,psnr_improvement,ssim_model,ssim_bilinear,ssim_improvement,lpips_model,lpips_bilinear,lpips_improvement,eval_crop_applied,eval_crop_lr,eval_crop_hr,attn_entropy_mean,attn_fine_mass_last3,training_time_seconds,time_per_iteration_seconds,total_runtime_seconds,final_recon_loss,ttq_psnr_seconds,ttq_psnr_iteration,artifact_dir,command,attn_mean_by_level
fourier_mlp_baseline_area,6,worldstrat_sweet,Amnesty POI-13-1-1,4,area,mlp_tcnn,fourier,8,48,2000,32.95420837402344,34.252140045166016,-1.2979316711425781,0.8462276458740234,0.8516321778297424,-0.005404531955718994,0.5207092761993408,0.5548014640808105,0.03409218788146973,False,64,256,,,7.707115173339844,0.003853557586669922,11.002788782119751,0.547508955001831,,,/workspaces/scalef/single_samples/worldstrat_sweet/Amnesty POI-13-1-1/fourier_mlp_baseline_area,/workspaces/scalef/optimize.py --dataset worldstrat_sweet --num_samples 16 --iters 2000 --batch_size 1 --optimizer adamw --learning_rate 2e-3 --weight_decay 0 --seed 6 --device cuda:1 --worldstrat_data_root worldstrat_datasets/worldstrat_sweet --df 4 --sample_id 'Amnesty POI-13-1-1' --input_projection fourier --projection_dim 256 --fourier_scale 10 --network_depth 4 --network_hidden_dim 256 --weight_decay 0 --model mlp_tcnn --tcnn_mlp_dtype fp16 --lr_degradation area --run_name fourier_mlp_baseline_area --eval_crop_lr_size 64 --eval_crop_anchor topleft,
fourier_mlp_baseline_s2_psf,6,worldstrat_sweet,Amnesty POI-13-1-1,4,s2_psf,mlp_tcnn,fourier,8,48,2000,32.8383903503418,34.252140045166016,-1.4137496948242188,0.8426898121833801,0.8516321778297424,-0.008942365646362305,0.5129929780960083,0.5548014640808105,0.041808485984802246,False,64,256,,,9.684803247451782,0.004842401623725891,12.849884986877441,0.5470664501190186,,,/workspaces/scalef/single_samples/worldstrat_sweet/Amnesty POI-13-1-1/fourier_mlp_baseline_s2_psf,/workspaces/scalef/optimize.py --dataset worldstrat_sweet --num_samples 16 --iters 2000 --batch_size 1 --optimizer adamw --learning_rate 2e-3 --weight_decay 0 --seed 6 --device cuda:1 --worldstrat_data_root worldstrat_datasets/worldstrat_sweet --df 4 --sample_id 'Amnesty POI-13-1-1' --input_projection fourier --projection_dim 256 --fourier_scale 10 --network_depth 4 --network_hidden_dim 256 --weight_decay 0 --model mlp_tcnn --tcnn_mlp_dtype fp16 --lr_degradation s2_psf --run_name fourier_mlp_baseline_s2_psf --eval_crop_lr_size 64 --eval_crop_anchor topleft,
hashgrid_mlp_baseline_area,6,worldstrat_sweet,Amnesty POI-13-1-1,4,area,mlp_tcnn,hashgrid_tcnn,16,64,2000,32.802093505859375,34.252140045166016,-1.4500465393066406,0.8402461409568787,0.8516321778297424,-0.01138603687286377,0.5276176929473877,0.5548014640808105,0.02718377113342285,False,64,256,,,7.656834363937378,0.003828417181968689,10.868090152740479,0.5264614820480347,,,/workspaces/scalef/single_samples/worldstrat_sweet/Amnesty POI-13-1-1/hashgrid_mlp_baseline_area,/workspaces/scalef/optimize.py --dataset worldstrat_sweet --num_samples 16 --iters 2000 --batch_size 1 --optimizer adamw --learning_rate 2e-3 --weight_decay 0 --seed 6 --device cuda:1 --worldstrat_data_root worldstrat_datasets/worldstrat_sweet --df 4 --sample_id 'Amnesty POI-13-1-1' --input_projection hashgrid --hash_n_levels 16 --hash_n_features_per_level 2 --hash_log2_hashmap_size 21 --hash_base_resolution 0 --hash_max_resolution 0 --hash_encoding_dtype fp32 --hash_encoding_preset smoothstep_grid --hash_grid_type Hash --network_depth 4 --network_hidden_dim 256 --weight_decay 0 --model mlp_tcnn --tcnn_mlp_dtype fp16 --lr_degradation area --run_name hashgrid_mlp_baseline_area --eval_crop_lr_size 64 --eval_crop_anchor topleft,
hashgrid_mlp_baseline_s2_psf,6,worldstrat_sweet,Amnesty POI-13-1-1,4,s2_psf,mlp_tcnn,hashgrid_tcnn,16,64,2000,32.69856643676758,34.252140045166016,-1.5535736083984375,0.8364939093589783,0.8516321778297424,-0.01513826847076416,0.5137343406677246,0.5548014640808105,0.04106712341308594,False,64,256,,,9.671315431594849,0.004835657715797424,12.851529836654663,0.530805230140686,,,/workspaces/scalef/single_samples/worldstrat_sweet/Amnesty POI-13-1-1/hashgrid_mlp_baseline_s2_psf,/workspaces/scalef/optimize.py --dataset worldstrat_sweet --num_samples 16 --iters 2000 --batch_size 1 --optimizer adamw --learning_rate 2e-3 --weight_decay 0 --seed 6 --device cuda:1 --worldstrat_data_root worldstrat_datasets/worldstrat_sweet --df 4 --sample_id 'Amnesty POI-13-1-1' --input_projection hashgrid --hash_n_levels 16 --hash_n_features_per_level 2 --hash_log2_hashmap_size 21 --hash_base_resolution 0 --hash_max_resolution 0 --hash_encoding_dtype fp32 --hash_encoding_preset smoothstep_grid --hash_grid_type Hash --network_depth 4 --network_hidden_dim 256 --weight_decay 0 --model mlp_tcnn --tcnn_mlp_dtype fp16 --lr_degradation s2_psf --run_name hashgrid_mlp_baseline_s2_psf --eval_crop_lr_size 64 --eval_crop_anchor topleft,
hashgrid_level_attention_area,6,worldstrat_sweet,Amnesty POI-13-1-1,4,area,hash_attn,hashgrid_tcnn,16,64,2000,33.21213912963867,34.252140045166016,-1.0400009155273438,0.8553776741027832,0.8516321778297424,0.0037454962730407715,0.529383659362793,0.5548014640808105,0.025417804718017578,False,64,256,2.741103172302246,0.25496599078178406,13.859848260879517,0.0069299241304397585,17.128101348876953,0.5440642833709717,,,/workspaces/scalef/single_samples/worldstrat_sweet/Amnesty POI-13-1-1/hashgrid_level_attention_area,/workspaces/scalef/optimize.py --dataset worldstrat_sweet --num_samples 16 --iters 2000 --batch_size 1 --optimizer adamw --learning_rate 2e-3 --weight_decay 0 --seed 6 --device cuda:1 --worldstrat_data_root worldstrat_datasets/worldstrat_sweet --df 4 --sample_id 'Amnesty POI-13-1-1' --input_projection hashgrid --hash_n_levels 16 --hash_n_features_per_level 2 --hash_log2_hashmap_size 21 --hash_base_resolution 0 --hash_max_resolution 0 --hash_encoding_dtype fp32 --hash_encoding_preset smoothstep_grid --hash_grid_type Hash --network_depth 4 --network_hidden_dim 256 --weight_decay 0 --model hash_attn --hash_attn_token_dim 32 --log_attention --lr_degradation area --run_name hashgrid_level_attention_area --eval_crop_lr_size 64 --eval_crop_anchor topleft,"[0.050570327788591385, 0.05140800029039383, 0.051624078303575516, 0.052457816898822784, 0.05370651185512543, 0.05329010263085365, 0.05449165403842926, 0.056224822998046875, 0.05876169353723526, 0.06084973365068436, 0.06299404799938202, 0.06778685748577118, 0.0708683580160141, 0.07687152922153473, 0.08263589441776276, 0.09545856714248657]"
hashgrid_level_attention_s2_psf,6,worldstrat_sweet,Amnesty POI-13-1-1,4,s2_psf,hash_attn,hashgrid_tcnn,16,64,2000,33.19005584716797,34.252140045166016,-1.0620841979980469,0.8558761477470398,0.8516321778297424,0.004243969917297363,0.5176178812980652,0.5548014640808105,0.03718358278274536,False,64,256,2.7029573917388916,0.29558587074279785,15.890477895736694,0.007945238947868347,19.133177995681763,0.5429166555404663,,,/workspaces/scalef/single_samples/worldstrat_sweet/Amnesty POI-13-1-1/hashgrid_level_attention_s2_psf,/workspaces/scalef/optimize.py --dataset worldstrat_sweet --num_samples 16 --iters 2000 --batch_size 1 --optimizer adamw --learning_rate 2e-3 --weight_decay 0 --seed 6 --device cuda:1 --worldstrat_data_root worldstrat_datasets/worldstrat_sweet --df 4 --sample_id 'Amnesty POI-13-1-1' --input_projection hashgrid --hash_n_levels 16 --hash_n_features_per_level 2 --hash_log2_hashmap_size 21 --hash_base_resolution 0 --hash_max_resolution 0 --hash_encoding_dtype fp32 --hash_encoding_preset smoothstep_grid --hash_grid_type Hash --network_depth 4 --network_hidden_dim 256 --weight_decay 0 --model hash_attn --hash_attn_token_dim 32 --log_attention --lr_degradation s2_psf --run_name hashgrid_level_attention_s2_psf --eval_crop_lr_size 64 --eval_crop_anchor topleft,"[0.045238345861434937, 0.046085190027952194, 0.046550169587135315, 0.04759446531534195, 0.04906981438398361, 0.048707015812397, 0.05047869682312012, 0.05203370749950409, 0.055298738181591034, 0.05854054167866707, 0.0615331195294857, 0.0692947655916214, 0.07398954778909683, 0.08494959026575089, 0.0957363098859787, 0.11489999294281006]"
fourier_band_attention_area,6,worldstrat_sweet,Amnesty POI-13-1-1,4,area,fourier_band_attn,fourier,8,48,2000,32.34114074707031,34.252140045166016,-1.9109992980957031,0.8217894434928894,0.8516321778297424,-0.029842734336853027,0.5329576730728149,0.5548014640808105,0.021843791007995605,False,64,256,2.0201256275177,0.3931841552257538,11.645661354064941,0.005822830677032471,14.914864301681519,0.5684492588043213,,,/workspaces/scalef/single_samples/worldstrat_sweet/Amnesty POI-13-1-1/fourier_band_attention_area,/workspaces/scalef/optimize.py --dataset worldstrat_sweet --num_samples 16 --iters 2000 --batch_size 1 --optimizer adamw --learning_rate 2e-3 --weight_decay 0 --seed 6 --device cuda:1 --worldstrat_data_root worldstrat_datasets/worldstrat_sweet --df 4 --sample_id 'Amnesty POI-13-1-1' --input_projection fourier --projection_dim 256 --fourier_scale 10 --network_depth 4 --network_hidden_dim 256 --weight_decay 0 --model fourier_band_attn --attn_token_dim 32 --fourier_num_bands 8 --log_attention --lr_degradation area --run_name fourier_band_attention_area --eval_crop_lr_size 64 --eval_crop_anchor topleft,"[0.10554449260234833, 0.13258785009384155, 0.12348351627588272, 0.13645848631858826, 0.10874150693416595, 0.12957800924777985, 0.10655087977647781, 0.15705525875091553]"
fourier_band_attention_s2_psf,6,worldstrat_sweet,Amnesty POI-13-1-1,4,s2_psf,fourier_band_attn,fourier,8,48,2000,32.22218704223633,34.252140045166016,-2.0299530029296875,0.8109793066978455,0.8516321778297424,-0.04065287113189697,0.5327777862548828,0.5548014640808105,0.022023677825927734,False,64,256,2.0234408378601074,0.37997573614120483,13.443111896514893,0.006721555948257446,16.82917833328247,0.5534859895706177,,,/workspaces/scalef/single_samples/worldstrat_sweet/Amnesty POI-13-1-1/fourier_band_attention_s2_psf,/workspaces/scalef/optimize.py --dataset worldstrat_sweet --num_samples 16 --iters 2000 --batch_size 1 --optimizer adamw --learning_rate 2e-3 --weight_decay 0 --seed 6 --device cuda:1 --worldstrat_data_root worldstrat_datasets/worldstrat_sweet --df 4 --sample_id 'Amnesty POI-13-1-1' --input_projection fourier --projection_dim 256 --fourier_scale 10 --network_depth 4 --network_hidden_dim 256 --weight_decay 0 --model fourier_band_attn --attn_token_dim 32 --fourier_num_bands 8 --log_attention --lr_degradation s2_psf --run_name fourier_band_attention_s2_psf --eval_crop_lr_size 64 --eval_crop_anchor topleft,"[0.11347237229347229, 0.12591584026813507, 0.12980982661247253, 0.13555333018302917, 0.1152728870511055, 0.12450709939002991, 0.1070975661277771, 0.14837108552455902]"
fourier_mlp_baseline_area,6,worldstrat_sweet,Amnesty POI-14-1-1,4,area,mlp_tcnn,fourier,8,48,2000,14.17180347442627,13.534327507019043,0.6374759674072266,0.5357852578163147,0.5056421756744385,0.03014308214187622,0.5843589305877686,0.6383615732192993,0.05400264263153076,False,64,256,,,7.83007287979126,0.00391503643989563,11.135477066040039,0.1737285852432251,,,/workspaces/scalef/single_samples/worldstrat_sweet/Amnesty POI-14-1-1/fourier_mlp_baseline_area,/workspaces/scalef/optimize.py --dataset worldstrat_sweet --num_samples 16 --iters 2000 --batch_size 1 --optimizer adamw --learning_rate 2e-3 --weight_decay 0 --seed 6 --device cuda:1 --worldstrat_data_root worldstrat_datasets/worldstrat_sweet --df 4 --sample_id 'Amnesty POI-14-1-1' --input_projection fourier --projection_dim 256 --fourier_scale 10 --network_depth 4 --network_hidden_dim 256 --weight_decay 0 --model mlp_tcnn --tcnn_mlp_dtype fp16 --lr_degradation area --run_name fourier_mlp_baseline_area --eval_crop_lr_size 64 --eval_crop_anchor topleft,
fourier_mlp_baseline_s2_psf,6,worldstrat_sweet,Amnesty POI-14-1-1,4,s2_psf,mlp_tcnn,fourier,8,48,2000,14.172065734863281,13.534327507019043,0.6377382278442383,0.538150429725647,0.5056421756744385,0.032508254051208496,0.5692379474639893,0.6383615732192993,0.06912362575531006,False,64,256,,,9.92389702796936,0.00496194851398468,13.232066869735718,0.17363211512565613,,,/workspaces/scalef/single_samples/worldstrat_sweet/Amnesty POI-14-1-1/fourier_mlp_baseline_s2_psf,/workspaces/scalef/optimize.py --dataset worldstrat_sweet --num_samples 16 --iters 2000 --batch_size 1 --optimizer adamw --learning_rate 2e-3 --weight_decay 0 --seed 6 --device cuda:1 --worldstrat_data_root worldstrat_datasets/worldstrat_sweet --df 4 --sample_id 'Amnesty POI-14-1-1' --input_projection fourier --projection_dim 256 --fourier_scale 10 --network_depth 4 --network_hidden_dim 256 --weight_decay 0 --model mlp_tcnn --tcnn_mlp_dtype fp16 --lr_degradation s2_psf --run_name fourier_mlp_baseline_s2_psf --eval_crop_lr_size 64 --eval_crop_anchor topleft,
hashgrid_mlp_baseline_area,6,worldstrat_sweet,Amnesty POI-14-1-1,4,area,mlp_tcnn,hashgrid_tcnn,16,64,2000,14.173238754272461,13.534327507019043,0.638911247253418,0.5343642234802246,0.5056421756744385,0.028722047805786133,0.5991311073303223,0.6383615732192993,0.03923046588897705,False,64,256,,,8.200345039367676,0.004100172519683838,11.706633567810059,0.17586617171764374,,,/workspaces/scalef/single_samples/worldstrat_sweet/Amnesty POI-14-1-1/hashgrid_mlp_baseline_area,/workspaces/scalef/optimize.py --dataset worldstrat_sweet --num_samples 16 --iters 2000 --batch_size 1 --optimizer adamw --learning_rate 2e-3 --weight_decay 0 --seed 6 --device cuda:1 --worldstrat_data_root worldstrat_datasets/worldstrat_sweet --df 4 --sample_id 'Amnesty POI-14-1-1' --input_projection hashgrid --hash_n_levels 16 --hash_n_features_per_level 2 --hash_log2_hashmap_size 21 --hash_base_resolution 0 --hash_max_resolution 0 --hash_encoding_dtype fp32 --hash_encoding_preset smoothstep_grid --hash_grid_type Hash --network_depth 4 --network_hidden_dim 256 --weight_decay 0 --model mlp_tcnn --tcnn_mlp_dtype fp16 --lr_degradation area --run_name hashgrid_mlp_baseline_area --eval_crop_lr_size 64 --eval_crop_anchor topleft,
hashgrid_mlp_baseline_s2_psf,6,worldstrat_sweet,Amnesty POI-14-1-1,4,s2_psf,mlp_tcnn,hashgrid_tcnn,16,64,2000,14.180253028869629,13.534327507019043,0.6459255218505859,0.5382251143455505,0.5056421756744385,0.03258293867111206,0.5823422074317932,0.6383615732192993,0.056019365787506104,False,64,256,,,9.678375720977783,0.004839187860488892,12.895363330841064,0.1754131317138672,,,/workspaces/scalef/single_samples/worldstrat_sweet/Amnesty POI-14-1-1/hashgrid_mlp_baseline_s2_psf,/workspaces/scalef/optimize.py --dataset worldstrat_sweet --num_samples 16 --iters 2000 --batch_size 1 --optimizer adamw --learning_rate 2e-3 --weight_decay 0 --seed 6 --device cuda:1 --worldstrat_data_root worldstrat_datasets/worldstrat_sweet --df 4 --sample_id 'Amnesty POI-14-1-1' --input_projection hashgrid --hash_n_levels 16 --hash_n_features_per_level 2 --hash_log2_hashmap_size 21 --hash_base_resolution 0 --hash_max_resolution 0 --hash_encoding_dtype fp32 --hash_encoding_preset smoothstep_grid --hash_grid_type Hash --network_depth 4 --network_hidden_dim 256 --weight_decay 0 --model mlp_tcnn --tcnn_mlp_dtype fp16 --lr_degradation s2_psf --run_name hashgrid_mlp_baseline_s2_psf --eval_crop_lr_size 64 --eval_crop_anchor topleft,
hashgrid_level_attention_area,6,worldstrat_sweet,Amnesty POI-14-1-1,4,area,hash_attn,hashgrid_tcnn,16,64,2000,14.192838668823242,13.534327507019043,0.6585111618041992,0.540582001209259,0.5056421756744385,0.03493982553482056,0.5933155417442322,0.6383615732192993,0.04504603147506714,False,64,256,2.730804920196533,0.2898011803627014,13.975769996643066,0.006987884998321533,17.28889775276184,0.17407874763011932,,,/workspaces/scalef/single_samples/worldstrat_sweet/Amnesty POI-14-1-1/hashgrid_level_attention_area,/workspaces/scalef/optimize.py --dataset worldstrat_sweet --num_samples 16 --iters 2000 --batch_size 1 --optimizer adamw --learning_rate 2e-3 --weight_decay 0 --seed 6 --device cuda:1 --worldstrat_data_root worldstrat_datasets/worldstrat_sweet --df 4 --sample_id 'Amnesty POI-14-1-1' --input_projection hashgrid --hash_n_levels 16 --hash_n_features_per_level 2 --hash_log2_hashmap_size 21 --hash_base_resolution 0 --hash_max_resolution 0 --hash_encoding_dtype fp32 --hash_encoding_preset smoothstep_grid --hash_grid_type Hash --network_depth 4 --network_hidden_dim 256 --weight_decay 0 --model hash_attn --hash_attn_token_dim 32 --log_attention --lr_degradation area --run_name hashgrid_level_attention_area --eval_crop_lr_size 64 --eval_crop_anchor topleft,"[0.047612711787223816, 0.04785946011543274, 0.04851683974266052, 0.04917106032371521, 0.04987217113375664, 0.05161583051085472, 0.05253219231963158, 0.05306582897901535, 0.05597606673836708, 0.058092258870601654, 0.057113468647003174, 0.06510148197412491, 0.07366946339607239, 0.08656751364469528, 0.09430547058582306, 0.10892818123102188]"
hashgrid_level_attention_s2_psf,6,worldstrat_sweet,Amnesty POI-14-1-1,4,s2_psf,hash_attn,hashgrid_tcnn,16,64,2000,14.197031021118164,13.534327507019043,0.6627035140991211,0.5438653826713562,0.5056421756744385,0.038223206996917725,0.5847134590148926,0.6383615732192993,0.05364811420440674,False,64,256,2.6997833251953125,0.3223560154438019,15.315625667572021,0.007657812833786011,18.62064790725708,0.17416910827159882,,,/workspaces/scalef/single_samples/worldstrat_sweet/Amnesty POI-14-1-1/hashgrid_level_attention_s2_psf,/workspaces/scalef/optimize.py --dataset worldstrat_sweet --num_samples 16 --iters 2000 --batch_size 1 --optimizer adamw --learning_rate 2e-3 --weight_decay 0 --seed 6 --device cuda:1 --worldstrat_data_root worldstrat_datasets/worldstrat_sweet --df 4 --sample_id 'Amnesty POI-14-1-1' --input_projection hashgrid --hash_n_levels 16 --hash_n_features_per_level 2 --hash_log2_hashmap_size 21 --hash_base_resolution 0 --hash_max_resolution 0 --hash_encoding_dtype fp32 --hash_encoding_preset smoothstep_grid --hash_grid_type Hash --network_depth 4 --network_hidden_dim 256 --weight_decay 0 --model hash_attn --hash_attn_token_dim 32 --log_attention --lr_degradation s2_psf --run_name hashgrid_level_attention_s2_psf --eval_crop_lr_size 64 --eval_crop_anchor topleft,"[0.043869566172361374, 0.04389820992946625, 0.04479345679283142, 0.0454271100461483, 0.046191345900297165, 0.04839441180229187, 0.049023933708667755, 0.04987266659736633, 0.052812159061431885, 0.056149568408727646, 0.056504957377910614, 0.0661923885345459, 0.07451421022415161, 0.09393540024757385, 0.10621117800474167, 0.12220944464206696]"
fourier_band_attention_area,6,worldstrat_sweet,Amnesty POI-14-1-1,4,area,fourier_band_attn,fourier,8,48,2000,14.119586944580078,13.534327507019043,0.5852594375610352,0.5169427990913391,0.5056421756744385,0.011300623416900635,0.5883588194847107,0.6383615732192993,0.05000275373458862,False,64,256,1.984487533569336,0.4271772503852844,11.932953119277954,0.005966476559638977,15.287054538726807,0.17621241509914398,,,/workspaces/scalef/single_samples/worldstrat_sweet/Amnesty POI-14-1-1/fourier_band_attention_area,/workspaces/scalef/optimize.py --dataset worldstrat_sweet --num_samples 16 --iters 2000 --batch_size 1 --optimizer adamw --learning_rate 2e-3 --weight_decay 0 --seed 6 --device cuda:1 --worldstrat_data_root worldstrat_datasets/worldstrat_sweet --df 4 --sample_id 'Amnesty POI-14-1-1' --input_projection fourier --projection_dim 256 --fourier_scale 10 --network_depth 4 --network_hidden_dim 256 --weight_decay 0 --model fourier_band_attn --attn_token_dim 32 --fourier_num_bands 8 --log_attention --lr_degradation area --run_name fourier_band_attention_area --eval_crop_lr_size 64 --eval_crop_anchor topleft,"[0.10551859438419342, 0.18669508397579193, 0.08703062683343887, 0.1256653368473053, 0.06791308522224426, 0.15561732649803162, 0.10191017389297485, 0.16964976489543915]"
fourier_band_attention_s2_psf,6,worldstrat_sweet,Amnesty POI-14-1-1,4,s2_psf,fourier_band_attn,fourier,8,48,2000,14.121963500976562,13.534327507019043,0.5876359939575195,0.510324239730835,0.5056421756744385,0.004682064056396484,0.5948940515518188,0.6383615732192993,0.04346752166748047,False,64,256,1.9822077751159668,0.4176323413848877,13.625676155090332,0.006812838077545166,16.956488847732544,0.1755547970533371,,,/workspaces/scalef/single_samples/worldstrat_sweet/Amnesty POI-14-1-1/fourier_band_attention_s2_psf,/workspaces/scalef/optimize.py --dataset worldstrat_sweet --num_samples 16 --iters 2000 --batch_size 1 --optimizer adamw --learning_rate 2e-3 --weight_decay 0 --seed 6 --device cuda:1 --worldstrat_data_root worldstrat_datasets/worldstrat_sweet --df 4 --sample_id 'Amnesty POI-14-1-1' --input_projection fourier --projection_dim 256 --fourier_scale 10 --network_depth 4 --network_hidden_dim 256 --weight_decay 0 --model fourier_band_attn --attn_token_dim 32 --fourier_num_bands 8 --log_attention --lr_degradation s2_psf --run_name fourier_band_attention_s2_psf --eval_crop_lr_size 64 --eval_crop_anchor topleft,"[0.11073826253414154, 0.1860329508781433, 0.08901986479759216, 0.12373466789722443, 0.07284193485975266, 0.1515742838382721, 0.09792567789554596, 0.16813236474990845]"
fourier_mlp_baseline_area,6,worldstrat_sweet,Amnesty POI-19-2-2,4,area,mlp_tcnn,fourier,8,48,2000,31.586030960083008,31.537275314331055,0.048755645751953125,0.8176873326301575,0.8056223392486572,0.012064993381500244,0.4413471221923828,0.48719877004623413,0.04585164785385132,False,64,256,,,7.657439708709717,0.0038287198543548585,11.020231485366821,0.035121187567710876,,,/workspaces/scalef/single_samples/worldstrat_sweet/Amnesty POI-19-2-2/fourier_mlp_baseline_area,/workspaces/scalef/optimize.py --dataset worldstrat_sweet --num_samples 16 --iters 2000 --batch_size 1 --optimizer adamw --learning_rate 2e-3 --weight_decay 0 --seed 6 --device cuda:1 --worldstrat_data_root worldstrat_datasets/worldstrat_sweet --df 4 --sample_id 'Amnesty POI-19-2-2' --input_projection fourier --projection_dim 256 --fourier_scale 10 --network_depth 4 --network_hidden_dim 256 --weight_decay 0 --model mlp_tcnn --tcnn_mlp_dtype fp16 --lr_degradation area --run_name fourier_mlp_baseline_area --eval_crop_lr_size 64 --eval_crop_anchor topleft,
fourier_mlp_baseline_s2_psf,6,worldstrat_sweet,Amnesty POI-19-2-2,4,s2_psf,mlp_tcnn,fourier,8,48,2000,31.14008331298828,31.537275314331055,-0.39719200134277344,0.8070904612541199,0.8056223392486572,0.0014681220054626465,0.43530014157295227,0.48719877004623413,0.05189862847328186,False,64,256,,,10.056805610656738,0.0050284028053283695,13.336146593093872,0.03813914209604263,,,/workspaces/scalef/single_samples/worldstrat_sweet/Amnesty POI-19-2-2/fourier_mlp_baseline_s2_psf,/workspaces/scalef/optimize.py --dataset worldstrat_sweet --num_samples 16 --iters 2000 --batch_size 1 --optimizer adamw --learning_rate 2e-3 --weight_decay 0 --seed 6 --device cuda:1 --worldstrat_data_root worldstrat_datasets/worldstrat_sweet --df 4 --sample_id 'Amnesty POI-19-2-2' --input_projection fourier --projection_dim 256 --fourier_scale 10 --network_depth 4 --network_hidden_dim 256 --weight_decay 0 --model mlp_tcnn --tcnn_mlp_dtype fp16 --lr_degradation s2_psf --run_name fourier_mlp_baseline_s2_psf --eval_crop_lr_size 64 --eval_crop_anchor topleft,
hashgrid_mlp_baseline_area,6,worldstrat_sweet,Amnesty POI-19-2-2,4,area,mlp_tcnn,hashgrid_tcnn,16,64,2000,31.613895416259766,31.537275314331055,0.07662010192871094,0.8178227543830872,0.8056223392486572,0.012200415134429932,0.4495197832584381,0.48719877004623413,0.03767898678779602,False,64,256,,,7.965420722961426,0.003982710361480713,11.421187162399292,0.03717729076743126,,,/workspaces/scalef/single_samples/worldstrat_sweet/Amnesty POI-19-2-2/hashgrid_mlp_baseline_area,/workspaces/scalef/optimize.py --dataset worldstrat_sweet --num_samples 16 --iters 2000 --batch_size 1 --optimizer adamw --learning_rate 2e-3 --weight_decay 0 --seed 6 --device cuda:1 --worldstrat_data_root worldstrat_datasets/worldstrat_sweet --df 4 --sample_id 'Amnesty POI-19-2-2' --input_projection hashgrid --hash_n_levels 16 --hash_n_features_per_level 2 --hash_log2_hashmap_size 21 --hash_base_resolution 0 --hash_max_resolution 0 --hash_encoding_dtype fp32 --hash_encoding_preset smoothstep_grid --hash_grid_type Hash --network_depth 4 --network_hidden_dim 256 --weight_decay 0 --model mlp_tcnn --tcnn_mlp_dtype fp16 --lr_degradation area --run_name hashgrid_mlp_baseline_area --eval_crop_lr_size 64 --eval_crop_anchor topleft,
hashgrid_mlp_baseline_s2_psf,6,worldstrat_sweet,Amnesty POI-19-2-2,4,s2_psf,mlp_tcnn,hashgrid_tcnn,16,64,2000,31.064062118530273,31.537275314331055,-0.47321319580078125,0.8013411164283752,0.8056223392486572,-0.004281222820281982,0.44176897406578064,0.48719877004623413,0.04542979598045349,False,64,256,,,10.223190546035767,0.0051115952730178835,13.385650634765625,0.03870977461338043,,,/workspaces/scalef/single_samples/worldstrat_sweet/Amnesty POI-19-2-2/hashgrid_mlp_baseline_s2_psf,/workspaces/scalef/optimize.py --dataset worldstrat_sweet --num_samples 16 --iters 2000 --batch_size 1 --optimizer adamw --learning_rate 2e-3 --weight_decay 0 --seed 6 --device cuda:1 --worldstrat_data_root worldstrat_datasets/worldstrat_sweet --df 4 --sample_id 'Amnesty POI-19-2-2' --input_projection hashgrid --hash_n_levels 16 --hash_n_features_per_level 2 --hash_log2_hashmap_size 21 --hash_base_resolution 0 --hash_max_resolution 0 --hash_encoding_dtype fp32 --hash_encoding_preset smoothstep_grid --hash_grid_type Hash --network_depth 4 --network_hidden_dim 256 --weight_decay 0 --model mlp_tcnn --tcnn_mlp_dtype fp16 --lr_degradation s2_psf --run_name hashgrid_mlp_baseline_s2_psf --eval_crop_lr_size 64 --eval_crop_anchor topleft,
hashgrid_level_attention_area,6,worldstrat_sweet,Amnesty POI-19-2-2,4,area,hash_attn,hashgrid_tcnn,16,64,2000,31.572355270385742,31.537275314331055,0.0350799560546875,0.8185093998908997,0.8056223392486572,0.012887060642242432,0.45065587759017944,0.48719877004623413,0.03654289245605469,False,64,256,2.3920087814331055,0.4921955168247223,14.125911474227905,0.0070629557371139524,17.459839582443237,0.041412413120269775,,,/workspaces/scalef/single_samples/worldstrat_sweet/Amnesty POI-19-2-2/hashgrid_level_attention_area,/workspaces/scalef/optimize.py --dataset worldstrat_sweet --num_samples 16 --iters 2000 --batch_size 1 --optimizer adamw --learning_rate 2e-3 --weight_decay 0 --seed 6 --device cuda:1 --worldstrat_data_root worldstrat_datasets/worldstrat_sweet --df 4 --sample_id 'Amnesty POI-19-2-2' --input_projection hashgrid --hash_n_levels 16 --hash_n_features_per_level 2 --hash_log2_hashmap_size 21 --hash_base_resolution 0 --hash_max_resolution 0 --hash_encoding_dtype fp32 --hash_encoding_preset smoothstep_grid --hash_grid_type Hash --network_depth 4 --network_hidden_dim 256 --weight_decay 0 --model hash_attn --hash_attn_token_dim 32 --log_attention --lr_degradation area --run_name hashgrid_level_attention_area --eval_crop_lr_size 64 --eval_crop_anchor topleft,"[0.023152032867074013, 0.02741396613419056, 0.025699656456708908, 0.026367727667093277, 0.028110478073358536, 0.02878453955054283, 0.030324116349220276, 0.03512761369347572, 0.03958986699581146, 0.04169469326734543, 0.0481826588511467, 0.0683860182762146, 0.0849711149930954, 0.11571311950683594, 0.1503007709980011, 0.22618162631988525]"
hashgrid_level_attention_s2_psf,6,worldstrat_sweet,Amnesty POI-19-2-2,4,s2_psf,hash_attn,hashgrid_tcnn,16,64,2000,31.08375358581543,31.537275314331055,-0.453521728515625,0.8046770691871643,0.8056223392486572,-0.0009452700614929199,0.4455992579460144,0.48719877004623413,0.04159951210021973,False,64,256,2.176248550415039,0.5983111262321472,15.647164583206177,0.007823582291603088,18.82889151573181,0.042204391211271286,,,/workspaces/scalef/single_samples/worldstrat_sweet/Amnesty POI-19-2-2/hashgrid_level_attention_s2_psf,/workspaces/scalef/optimize.py --dataset worldstrat_sweet --num_samples 16 --iters 2000 --batch_size 1 --optimizer adamw --learning_rate 2e-3 --weight_decay 0 --seed 6 --device cuda:1 --worldstrat_data_root worldstrat_datasets/worldstrat_sweet --df 4 --sample_id 'Amnesty POI-19-2-2' --input_projection hashgrid --hash_n_levels 16 --hash_n_features_per_level 2 --hash_log2_hashmap_size 21 --hash_base_resolution 0 --hash_max_resolution 0 --hash_encoding_dtype fp32 --hash_encoding_preset smoothstep_grid --hash_grid_type Hash --network_depth 4 --network_hidden_dim 256 --weight_decay 0 --model hash_attn --hash_attn_token_dim 32 --log_attention --lr_degradation s2_psf --run_name hashgrid_level_attention_s2_psf --eval_crop_lr_size 64 --eval_crop_anchor topleft,"[0.018278349190950394, 0.021761184558272362, 0.020637933164834976, 0.021572452038526535, 0.022956471890211105, 0.023569241166114807, 0.024203501641750336, 0.027625683695077896, 0.03106723725795746, 0.03221837803721428, 0.035848602652549744, 0.05030350759625435, 0.07164635509252548, 0.11921848356723785, 0.17206349968910217, 0.307029128074646]"
fourier_band_attention_area,6,worldstrat_sweet,Amnesty POI-19-2-2,4,area,fourier_band_attn,fourier,8,48,2000,31.68083381652832,31.537275314331055,0.14355850219726562,0.8188952803611755,0.8056223392486572,0.01327294111251831,0.47165343165397644,0.48719877004623413,0.01554533839225769,False,64,256,2.0230040550231934,0.3975985646247864,11.890241384506226,0.005945120692253112,15.150135278701782,0.05429316684603691,,,/workspaces/scalef/single_samples/worldstrat_sweet/Amnesty POI-19-2-2/fourier_band_attention_area,/workspaces/scalef/optimize.py --dataset worldstrat_sweet --num_samples 16 --iters 2000 --batch_size 1 --optimizer adamw --learning_rate 2e-3 --weight_decay 0 --seed 6 --device cuda:1 --worldstrat_data_root worldstrat_datasets/worldstrat_sweet --df 4 --sample_id 'Amnesty POI-19-2-2' --input_projection fourier --projection_dim 256 --fourier_scale 10 --network_depth 4 --network_hidden_dim 256 --weight_decay 0 --model fourier_band_attn --attn_token_dim 32 --fourier_num_bands 8 --log_attention --lr_degradation area --run_name fourier_band_attention_area --eval_crop_lr_size 64 --eval_crop_anchor topleft,"[0.10190489143133163, 0.14992813766002655, 0.11818605661392212, 0.12344849109649658, 0.10893388092517853, 0.11443367600440979, 0.10011866688728333, 0.18304619193077087]"
fourier_band_attention_s2_psf,6,worldstrat_sweet,Amnesty POI-19-2-2,4,s2_psf,fourier_band_attn,fourier,8,48,2000,31.203636169433594,31.537275314331055,-0.33363914489746094,0.8031061291694641,0.8056223392486572,-0.0025162100791931152,0.48079535365104675,0.48719877004623413,0.006403416395187378,False,64,256,2.0154714584350586,0.38841748237609863,13.932896614074707,0.006966448307037353,17.07449436187744,0.054374270141124725,,,/workspaces/scalef/single_samples/worldstrat_sweet/Amnesty POI-19-2-2/fourier_band_attention_s2_psf,/workspaces/scalef/optimize.py --dataset worldstrat_sweet --num_samples 16 --iters 2000 --batch_size 1 --optimizer adamw --learning_rate 2e-3 --weight_decay 0 --seed 6 --device cuda:1 --worldstrat_data_root worldstrat_datasets/worldstrat_sweet --df 4 --sample_id 'Amnesty POI-19-2-2' --input_projection fourier --projection_dim 256 --fourier_scale 10 --network_depth 4 --network_hidden_dim 256 --weight_decay 0 --model fourier_band_attn --attn_token_dim 32 --fourier_num_bands 8 --log_attention --lr_degradation s2_psf --run_name fourier_band_attention_s2_psf --eval_crop_lr_size 64 --eval_crop_anchor topleft,"[0.10183921456336975, 0.14866600930690765, 0.11951307952404022, 0.1255762279033661, 0.11598798632621765, 0.11679380387067795, 0.1035902351140976, 0.1680334210395813]"
fourier_mlp_baseline_area,6,worldstrat_sweet,Amnesty POI-20-3-3,4,area,mlp_tcnn,fourier,8,48,2000,15.650763511657715,15.615592956542969,0.035170555114746094,0.3031187355518341,0.290115624666214,0.013003110885620117,0.6459477543830872,0.6875718235969543,0.04162406921386719,False,64,256,,,7.92566442489624,0.00396283221244812,11.16951298713684,0.08895580470561981,,,/workspaces/scalef/single_samples/worldstrat_sweet/Amnesty POI-20-3-3/fourier_mlp_baseline_area,/workspaces/scalef/optimize.py --dataset worldstrat_sweet --num_samples 16 --iters 2000 --batch_size 1 --optimizer adamw --learning_rate 2e-3 --weight_decay 0 --seed 6 --device cuda:1 --worldstrat_data_root worldstrat_datasets/worldstrat_sweet --df 4 --sample_id 'Amnesty POI-20-3-3' --input_projection fourier --projection_dim 256 --fourier_scale 10 --network_depth 4 --network_hidden_dim 256 --weight_decay 0 --model mlp_tcnn --tcnn_mlp_dtype fp16 --lr_degradation area --run_name fourier_mlp_baseline_area --eval_crop_lr_size 64 --eval_crop_anchor topleft,
fourier_mlp_baseline_s2_psf,6,worldstrat_sweet,Amnesty POI-20-3-3,4,s2_psf,mlp_tcnn,fourier,8,48,2000,15.646435737609863,15.615592956542969,0.03084278106689453,0.3002066910266876,0.290115624666214,0.010091066360473633,0.630804181098938,0.6875718235969543,0.05676764249801636,False,64,256,,,9.378126382827759,0.00468906319141388,12.618212699890137,0.08767178654670715,,,/workspaces/scalef/single_samples/worldstrat_sweet/Amnesty POI-20-3-3/fourier_mlp_baseline_s2_psf,/workspaces/scalef/optimize.py --dataset worldstrat_sweet --num_samples 16 --iters 2000 --batch_size 1 --optimizer adamw --learning_rate 2e-3 --weight_decay 0 --seed 6 --device cuda:1 --worldstrat_data_root worldstrat_datasets/worldstrat_sweet --df 4 --sample_id 'Amnesty POI-20-3-3' --input_projection fourier --projection_dim 256 --fourier_scale 10 --network_depth 4 --network_hidden_dim 256 --weight_decay 0 --model mlp_tcnn --tcnn_mlp_dtype fp16 --lr_degradation s2_psf --run_name fourier_mlp_baseline_s2_psf --eval_crop_lr_size 64 --eval_crop_anchor topleft,
hashgrid_mlp_baseline_area,6,worldstrat_sweet,Amnesty POI-20-3-3,4,area,mlp_tcnn,hashgrid_tcnn,16,64,2000,15.65391731262207,15.615592956542969,0.03832435607910156,0.30066099762916565,0.290115624666214,0.01054537296295166,0.6495681405067444,0.6875718235969543,0.03800368309020996,False,64,256,,,8.048356294631958,0.004024178147315979,11.35316252708435,0.0877712219953537,,,/workspaces/scalef/single_samples/worldstrat_sweet/Amnesty POI-20-3-3/hashgrid_mlp_baseline_area,/workspaces/scalef/optimize.py --dataset worldstrat_sweet --num_samples 16 --iters 2000 --batch_size 1 --optimizer adamw --learning_rate 2e-3 --weight_decay 0 --seed 6 --device cuda:1 --worldstrat_data_root worldstrat_datasets/worldstrat_sweet --df 4 --sample_id 'Amnesty POI-20-3-3' --input_projection hashgrid --hash_n_levels 16 --hash_n_features_per_level 2 --hash_log2_hashmap_size 21 --hash_base_resolution 0 --hash_max_resolution 0 --hash_encoding_dtype fp32 --hash_encoding_preset smoothstep_grid --hash_grid_type Hash --network_depth 4 --network_hidden_dim 256 --weight_decay 0 --model mlp_tcnn --tcnn_mlp_dtype fp16 --lr_degradation area --run_name hashgrid_mlp_baseline_area --eval_crop_lr_size 64 --eval_crop_anchor topleft,
hashgrid_mlp_baseline_s2_psf,6,worldstrat_sweet,Amnesty POI-20-3-3,4,s2_psf,mlp_tcnn,hashgrid_tcnn,16,64,2000,15.654252052307129,15.615592956542969,0.038659095764160156,0.29882606863975525,0.290115624666214,0.00871044397354126,0.6351316571235657,0.6875718235969543,0.05244016647338867,False,64,256,,,9.474164485931396,0.004737082242965698,12.614488363265991,0.08951421827077866,,,/workspaces/scalef/single_samples/worldstrat_sweet/Amnesty POI-20-3-3/hashgrid_mlp_baseline_s2_psf,/workspaces/scalef/optimize.py --dataset worldstrat_sweet --num_samples 16 --iters 2000 --batch_size 1 --optimizer adamw --learning_rate 2e-3 --weight_decay 0 --seed 6 --device cuda:1 --worldstrat_data_root worldstrat_datasets/worldstrat_sweet --df 4 --sample_id 'Amnesty POI-20-3-3' --input_projection hashgrid --hash_n_levels 16 --hash_n_features_per_level 2 --hash_log2_hashmap_size 21 --hash_base_resolution 0 --hash_max_resolution 0 --hash_encoding_dtype fp32 --hash_encoding_preset smoothstep_grid --hash_grid_type Hash --network_depth 4 --network_hidden_dim 256 --weight_decay 0 --model mlp_tcnn --tcnn_mlp_dtype fp16 --lr_degradation s2_psf --run_name hashgrid_mlp_baseline_s2_psf --eval_crop_lr_size 64 --eval_crop_anchor topleft,
hashgrid_level_attention_area,6,worldstrat_sweet,Amnesty POI-20-3-3,4,area,hash_attn,hashgrid_tcnn,16,64,2000,15.65139102935791,15.615592956542969,0.035798072814941406,0.304504930973053,0.290115624666214,0.01438930630683899,0.657435953617096,0.6875718235969543,0.0301358699798584,False,64,256,2.52280330657959,0.4216693043708801,13.775193929672241,0.006887596964836121,16.995299100875854,0.09750942885875702,,,/workspaces/scalef/single_samples/worldstrat_sweet/Amnesty POI-20-3-3/hashgrid_level_attention_area,/workspaces/scalef/optimize.py --dataset worldstrat_sweet --num_samples 16 --iters 2000 --batch_size 1 --optimizer adamw --learning_rate 2e-3 --weight_decay 0 --seed 6 --device cuda:1 --worldstrat_data_root worldstrat_datasets/worldstrat_sweet --df 4 --sample_id 'Amnesty POI-20-3-3' --input_projection hashgrid --hash_n_levels 16 --hash_n_features_per_level 2 --hash_log2_hashmap_size 21 --hash_base_resolution 0 --hash_max_resolution 0 --hash_encoding_dtype fp32 --hash_encoding_preset smoothstep_grid --hash_grid_type Hash --network_depth 4 --network_hidden_dim 256 --weight_decay 0 --model hash_attn --hash_attn_token_dim 32 --log_attention --lr_degradation area --run_name hashgrid_level_attention_area --eval_crop_lr_size 64 --eval_crop_anchor topleft,"[0.033281758427619934, 0.03304249420762062, 0.03341468423604965, 0.033791862428188324, 0.033969808369874954, 0.036362845450639725, 0.03815165162086487, 0.037525735795497894, 0.04158999025821686, 0.044914595782756805, 0.05412450432777405, 0.06969444453716278, 0.08846631646156311, 0.11904765665531158, 0.12680549919605255, 0.17581616342067719]"
hashgrid_level_attention_s2_psf,6,worldstrat_sweet,Amnesty POI-20-3-3,4,s2_psf,hash_attn,hashgrid_tcnn,16,64,2000,15.650419235229492,15.615592956542969,0.03482627868652344,0.3015195429325104,0.290115624666214,0.011403918266296387,0.6476619839668274,0.6875718235969543,0.03990983963012695,False,64,256,2.396527051925659,0.4948202967643738,15.74491024017334,0.00787245512008667,18.905924320220947,0.09730210900306702,,,/workspaces/scalef/single_samples/worldstrat_sweet/Amnesty POI-20-3-3/hashgrid_level_attention_s2_psf,/workspaces/scalef/optimize.py --dataset worldstrat_sweet --num_samples 16 --iters 2000 --batch_size 1 --optimizer adamw --learning_rate 2e-3 --weight_decay 0 --seed 6 --device cuda:1 --worldstrat_data_root worldstrat_datasets/worldstrat_sweet --df 4 --sample_id 'Amnesty POI-20-3-3' --input_projection hashgrid --hash_n_levels 16 --hash_n_features_per_level 2 --hash_log2_hashmap_size 21 --hash_base_resolution 0 --hash_max_resolution 0 --hash_encoding_dtype fp32 --hash_encoding_preset smoothstep_grid --hash_grid_type Hash --network_depth 4 --network_hidden_dim 256 --weight_decay 0 --model hash_attn --hash_attn_token_dim 32 --log_attention --lr_degradation s2_psf --run_name hashgrid_level_attention_s2_psf --eval_crop_lr_size 64 --eval_crop_anchor topleft,"[0.029589036479592323, 0.029163777828216553, 0.029372189193964005, 0.029357468709349632, 0.02966219000518322, 0.031906090676784515, 0.03378765285015106, 0.03325086832046509, 0.036732468754053116, 0.03977403789758682, 0.04698629677295685, 0.05841277167201042, 0.07718485593795776, 0.11374952644109726, 0.15357373654842377, 0.22749704122543335]"
fourier_band_attention_area,6,worldstrat_sweet,Amnesty POI-20-3-3,4,area,fourier_band_attn,fourier,8,48,2000,15.661783218383789,15.615592956542969,0.04619026184082031,0.305738240480423,0.290115624666214,0.015622615814208984,0.6379802823066711,0.6875718235969543,0.0495915412902832,False,64,256,2.028412342071533,0.4152417778968811,12.011531352996826,0.006005765676498413,15.262610912322998,0.11929332464933395,,,/workspaces/scalef/single_samples/worldstrat_sweet/Amnesty POI-20-3-3/fourier_band_attention_area,/workspaces/scalef/optimize.py --dataset worldstrat_sweet --num_samples 16 --iters 2000 --batch_size 1 --optimizer adamw --learning_rate 2e-3 --weight_decay 0 --seed 6 --device cuda:1 --worldstrat_data_root worldstrat_datasets/worldstrat_sweet --df 4 --sample_id 'Amnesty POI-20-3-3' --input_projection fourier --projection_dim 256 --fourier_scale 10 --network_depth 4 --network_hidden_dim 256 --weight_decay 0 --model fourier_band_attn --attn_token_dim 32 --fourier_num_bands 8 --log_attention --lr_degradation area --run_name fourier_band_attention_area --eval_crop_lr_size 64 --eval_crop_anchor topleft,"[0.1072462946176529, 0.12034250050783157, 0.12016724795103073, 0.11783149838447571, 0.11917070299386978, 0.14021599292755127, 0.11064351350069046, 0.16438224911689758]"
fourier_band_attention_s2_psf,6,worldstrat_sweet,Amnesty POI-20-3-3,4,s2_psf,fourier_band_attn,fourier,8,48,2000,15.663396835327148,15.615592956542969,0.04780387878417969,0.30271950364112854,0.290115624666214,0.01260387897491455,0.6392174959182739,0.6875718235969543,0.04835432767868042,False,64,256,2.011416435241699,0.41566529870033264,13.888511419296265,0.006944255709648133,17.0333149433136,0.11921590566635132,,,/workspaces/scalef/single_samples/worldstrat_sweet/Amnesty POI-20-3-3/fourier_band_attention_s2_psf,/workspaces/scalef/optimize.py --dataset worldstrat_sweet --num_samples 16 --iters 2000 --batch_size 1 --optimizer adamw --learning_rate 2e-3 --weight_decay 0 --seed 6 --device cuda:1 --worldstrat_data_root worldstrat_datasets/worldstrat_sweet --df 4 --sample_id 'Amnesty POI-20-3-3' --input_projection fourier --projection_dim 256 --fourier_scale 10 --network_depth 4 --network_hidden_dim 256 --weight_decay 0 --model fourier_band_attn --attn_token_dim 32 --fourier_num_bands 8 --log_attention --lr_degradation s2_psf --run_name fourier_band_attention_s2_psf --eval_crop_lr_size 64 --eval_crop_anchor topleft,"[0.10809624195098877, 0.12002281844615936, 0.11589626967906952, 0.1168137639760971, 0.1235055923461914, 0.1453244388103485, 0.11056581139564514, 0.15977506339550018]"
fourier_mlp_baseline_area,6,worldstrat_sweet,Amnesty POI-9-3-2,4,area,mlp_tcnn,fourier,8,48,2000,20.706886291503906,20.73103904724121,-0.024152755737304688,0.2795238792896271,0.2768479585647583,0.0026759207248687744,0.6359439492225647,0.696245014667511,0.06030106544494629,False,64,256,,,7.954218626022339,0.0039771093130111694,11.182772874832153,0.17608027160167694,,,/workspaces/scalef/single_samples/worldstrat_sweet/Amnesty POI-9-3-2/fourier_mlp_baseline_area,/workspaces/scalef/optimize.py --dataset worldstrat_sweet --num_samples 16 --iters 2000 --batch_size 1 --optimizer adamw --learning_rate 2e-3 --weight_decay 0 --seed 6 --device cuda:1 --worldstrat_data_root worldstrat_datasets/worldstrat_sweet --df 4 --sample_id 'Amnesty POI-9-3-2' --input_projection fourier --projection_dim 256 --fourier_scale 10 --network_depth 4 --network_hidden_dim 256 --weight_decay 0 --model mlp_tcnn --tcnn_mlp_dtype fp16 --lr_degradation area --run_name fourier_mlp_baseline_area --eval_crop_lr_size 64 --eval_crop_anchor topleft,
fourier_mlp_baseline_s2_psf,6,worldstrat_sweet,Amnesty POI-9-3-2,4,s2_psf,mlp_tcnn,fourier,8,48,2000,20.339548110961914,20.73103904724121,-0.3914909362792969,0.2715708315372467,0.2768479585647583,-0.005277127027511597,0.613627552986145,0.696245014667511,0.08261746168136597,False,64,256,,,9.68876576423645,0.004844382882118225,12.84962248802185,0.1809486746788025,,,/workspaces/scalef/single_samples/worldstrat_sweet/Amnesty POI-9-3-2/fourier_mlp_baseline_s2_psf,/workspaces/scalef/optimize.py --dataset worldstrat_sweet --num_samples 16 --iters 2000 --batch_size 1 --optimizer adamw --learning_rate 2e-3 --weight_decay 0 --seed 6 --device cuda:1 --worldstrat_data_root worldstrat_datasets/worldstrat_sweet --df 4 --sample_id 'Amnesty POI-9-3-2' --input_projection fourier --projection_dim 256 --fourier_scale 10 --network_depth 4 --network_hidden_dim 256 --weight_decay 0 --model mlp_tcnn --tcnn_mlp_dtype fp16 --lr_degradation s2_psf --run_name fourier_mlp_baseline_s2_psf --eval_crop_lr_size 64 --eval_crop_anchor topleft,
hashgrid_mlp_baseline_area,6,worldstrat_sweet,Amnesty POI-9-3-2,4,area,mlp_tcnn,hashgrid_tcnn,16,64,2000,20.686161041259766,20.73103904724121,-0.04487800598144531,0.27611157298088074,0.2768479585647583,-0.0007363855838775635,0.6061761379241943,0.696245014667511,0.09006887674331665,False,64,256,,,8.114552021026611,0.004057276010513306,11.371980905532837,0.17685061693191528,,,/workspaces/scalef/single_samples/worldstrat_sweet/Amnesty POI-9-3-2/hashgrid_mlp_baseline_area,/workspaces/scalef/optimize.py --dataset worldstrat_sweet --num_samples 16 --iters 2000 --batch_size 1 --optimizer adamw --learning_rate 2e-3 --weight_decay 0 --seed 6 --device cuda:1 --worldstrat_data_root worldstrat_datasets/worldstrat_sweet --df 4 --sample_id 'Amnesty POI-9-3-2' --input_projection hashgrid --hash_n_levels 16 --hash_n_features_per_level 2 --hash_log2_hashmap_size 21 --hash_base_resolution 0 --hash_max_resolution 0 --hash_encoding_dtype fp32 --hash_encoding_preset smoothstep_grid --hash_grid_type Hash --network_depth 4 --network_hidden_dim 256 --weight_decay 0 --model mlp_tcnn --tcnn_mlp_dtype fp16 --lr_degradation area --run_name hashgrid_mlp_baseline_area --eval_crop_lr_size 64 --eval_crop_anchor topleft,
hashgrid_mlp_baseline_s2_psf,6,worldstrat_sweet,Amnesty POI-9-3-2,4,s2_psf,mlp_tcnn,hashgrid_tcnn,16,64,2000,20.214826583862305,20.73103904724121,-0.5162124633789062,0.25910016894340515,0.2768479585647583,-0.01774778962135315,0.5847585201263428,0.696245014667511,0.11148649454116821,False,64,256,,,9.610295057296753,0.004805147528648377,12.678222894668579,0.18102142214775085,,,/workspaces/scalef/single_samples/worldstrat_sweet/Amnesty POI-9-3-2/hashgrid_mlp_baseline_s2_psf,/workspaces/scalef/optimize.py --dataset worldstrat_sweet --num_samples 16 --iters 2000 --batch_size 1 --optimizer adamw --learning_rate 2e-3 --weight_decay 0 --seed 6 --device cuda:1 --worldstrat_data_root worldstrat_datasets/worldstrat_sweet --df 4 --sample_id 'Amnesty POI-9-3-2' --input_projection hashgrid --hash_n_levels 16 --hash_n_features_per_level 2 --hash_log2_hashmap_size 21 --hash_base_resolution 0 --hash_max_resolution 0 --hash_encoding_dtype fp32 --hash_encoding_preset smoothstep_grid --hash_grid_type Hash --network_depth 4 --network_hidden_dim 256 --weight_decay 0 --model mlp_tcnn --tcnn_mlp_dtype fp16 --lr_degradation s2_psf --run_name hashgrid_mlp_baseline_s2_psf --eval_crop_lr_size 64 --eval_crop_anchor topleft,
hashgrid_level_attention_area,6,worldstrat_sweet,Amnesty POI-9-3-2,4,area,hash_attn,hashgrid_tcnn,16,64,2000,20.740856170654297,20.73103904724121,0.009817123413085938,0.28210046887397766,0.2768479585647583,0.00525251030921936,0.6257045269012451,0.696245014667511,0.07054048776626587,False,64,256,2.21836519241333,0.5251029133796692,13.53993821144104,0.00676996910572052,16.81719136238098,0.18067660927772522,,,/workspaces/scalef/single_samples/worldstrat_sweet/Amnesty POI-9-3-2/hashgrid_level_attention_area,/workspaces/scalef/optimize.py --dataset worldstrat_sweet --num_samples 16 --iters 2000 --batch_size 1 --optimizer adamw --learning_rate 2e-3 --weight_decay 0 --seed 6 --device cuda:1 --worldstrat_data_root worldstrat_datasets/worldstrat_sweet --df 4 --sample_id 'Amnesty POI-9-3-2' --input_projection hashgrid --hash_n_levels 16 --hash_n_features_per_level 2 --hash_log2_hashmap_size 21 --hash_base_resolution 0 --hash_max_resolution 0 --hash_encoding_dtype fp32 --hash_encoding_preset smoothstep_grid --hash_grid_type Hash --network_depth 4 --network_hidden_dim 256 --weight_decay 0 --model hash_attn --hash_attn_token_dim 32 --log_attention --lr_degradation area --run_name hashgrid_level_attention_area --eval_crop_lr_size 64 --eval_crop_anchor topleft,"[0.01875648833811283, 0.019013989716768265, 0.02018212527036667, 0.021621445193886757, 0.02051638625562191, 0.021358158439397812, 0.02461901120841503, 0.026320885866880417, 0.029333770275115967, 0.03589611500501633, 0.05536612868309021, 0.07180154323577881, 0.1101110428571701, 0.13896241784095764, 0.16670741140842438, 0.21943306922912598]"
hashgrid_level_attention_s2_psf,6,worldstrat_sweet,Amnesty POI-9-3-2,4,s2_psf,hash_attn,hashgrid_tcnn,16,64,2000,20.33482551574707,20.73103904724121,-0.3962135314941406,0.27237173914909363,0.2768479585647583,-0.004476219415664673,0.6163285374641418,0.696245014667511,0.07991647720336914,False,64,256,2.012439727783203,0.6028248071670532,15.767923831939697,0.007883961915969849,18.95441436767578,0.18390536308288574,,,/workspaces/scalef/single_samples/worldstrat_sweet/Amnesty POI-9-3-2/hashgrid_level_attention_s2_psf,/workspaces/scalef/optimize.py --dataset worldstrat_sweet --num_samples 16 --iters 2000 --batch_size 1 --optimizer adamw --learning_rate 2e-3 --weight_decay 0 --seed 6 --device cuda:1 --worldstrat_data_root worldstrat_datasets/worldstrat_sweet --df 4 --sample_id 'Amnesty POI-9-3-2' --input_projection hashgrid --hash_n_levels 16 --hash_n_features_per_level 2 --hash_log2_hashmap_size 21 --hash_base_resolution 0 --hash_max_resolution 0 --hash_encoding_dtype fp32 --hash_encoding_preset smoothstep_grid --hash_grid_type Hash --network_depth 4 --network_hidden_dim 256 --weight_decay 0 --model hash_attn --hash_attn_token_dim 32 --log_attention --lr_degradation s2_psf --run_name hashgrid_level_attention_s2_psf --eval_crop_lr_size 64 --eval_crop_anchor topleft,"[0.016657978296279907, 0.017341915518045425, 0.018433455377817154, 0.020074088126420975, 0.01861591264605522, 0.019647840410470963, 0.022490879520773888, 0.024393077939748764, 0.027676673606038094, 0.031035233289003372, 0.04214341938495636, 0.0561404675245285, 0.08252428472042084, 0.12055815011262894, 0.18157438933849335, 0.30069223046302795]"
fourier_band_attention_area,6,worldstrat_sweet,Amnesty POI-9-3-2,4,area,fourier_band_attn,fourier,8,48,2000,20.623977661132812,20.73103904724121,-0.10706138610839844,0.25757721066474915,0.2768479585647583,-0.019270747900009155,0.662718653678894,0.696245014667511,0.03352636098861694,False,64,256,2.017148017883301,0.3858860731124878,11.771823167800903,0.005885911583900452,15.004549980163574,0.20414511859416962,,,/workspaces/scalef/single_samples/worldstrat_sweet/Amnesty POI-9-3-2/fourier_band_attention_area,/workspaces/scalef/optimize.py --dataset worldstrat_sweet --num_samples 16 --iters 2000 --batch_size 1 --optimizer adamw --learning_rate 2e-3 --weight_decay 0 --seed 6 --device cuda:1 --worldstrat_data_root worldstrat_datasets/worldstrat_sweet --df 4 --sample_id 'Amnesty POI-9-3-2' --input_projection fourier --projection_dim 256 --fourier_scale 10 --network_depth 4 --network_hidden_dim 256 --weight_decay 0 --model fourier_band_attn --attn_token_dim 32 --fourier_num_bands 8 --log_attention --lr_degradation area --run_name fourier_band_attention_area --eval_crop_lr_size 64 --eval_crop_anchor topleft,"[0.12752661108970642, 0.12355399131774902, 0.13182029128074646, 0.1263367235660553, 0.104876309633255, 0.1223788857460022, 0.11662279069423676, 0.14688438177108765]"
fourier_band_attention_s2_psf,6,worldstrat_sweet,Amnesty POI-9-3-2,4,s2_psf,fourier_band_attn,fourier,8,48,2000,20.24750518798828,20.73103904724121,-0.4835338592529297,0.2313348650932312,0.2768479585647583,-0.0455130934715271,0.653628408908844,0.696245014667511,0.04261660575866699,False,64,256,1.9984439611434937,0.3888746201992035,13.840473175048828,0.006920236587524414,17.018190145492554,0.21613472700119019,,,/workspaces/scalef/single_samples/worldstrat_sweet/Amnesty POI-9-3-2/fourier_band_attention_s2_psf,/workspaces/scalef/optimize.py --dataset worldstrat_sweet --num_samples 16 --iters 2000 --batch_size 1 --optimizer adamw --learning_rate 2e-3 --weight_decay 0 --seed 6 --device cuda:1 --worldstrat_data_root worldstrat_datasets/worldstrat_sweet --df 4 --sample_id 'Amnesty POI-9-3-2' --input_projection fourier --projection_dim 256 --fourier_scale 10 --network_depth 4 --network_hidden_dim 256 --weight_decay 0 --model fourier_band_attn --attn_token_dim 32 --fourier_num_bands 8 --log_attention --lr_degradation s2_psf --run_name fourier_band_attention_s2_psf --eval_crop_lr_size 64 --eval_crop_anchor topleft,"[0.13251379132270813, 0.11931036412715912, 0.13418708741664886, 0.1241476759314537, 0.1009664461016655, 0.12655729055404663, 0.12116345763206482, 0.14115387201309204]"
fourier_mlp_baseline_area,6,worldstrat_sweet,Landcover-1355398,4,area,mlp_tcnn,fourier,8,48,2000,25.72314453125,24.808589935302734,0.9145545959472656,0.7289025187492371,0.7045319080352783,0.02437061071395874,0.4993327558040619,0.5597298741340637,0.06039711833000183,False,64,256,,,8.030312538146973,0.004015156269073486,11.311622619628906,0.17623910307884216,,,/workspaces/scalef/single_samples/worldstrat_sweet/Landcover-1355398/fourier_mlp_baseline_area,/workspaces/scalef/optimize.py --dataset worldstrat_sweet --num_samples 16 --iters 2000 --batch_size 1 --optimizer adamw --learning_rate 2e-3 --weight_decay 0 --seed 6 --device cuda:1 --worldstrat_data_root worldstrat_datasets/worldstrat_sweet --df 4 --sample_id Landcover-1355398 --input_projection fourier --projection_dim 256 --fourier_scale 10 --network_depth 4 --network_hidden_dim 256 --weight_decay 0 --model mlp_tcnn --tcnn_mlp_dtype fp16 --lr_degradation area --run_name fourier_mlp_baseline_area --eval_crop_lr_size 64 --eval_crop_anchor topleft,
fourier_mlp_baseline_s2_psf,6,worldstrat_sweet,Landcover-1355398,4,s2_psf,mlp_tcnn,fourier,8,48,2000,25.62624168395996,24.808589935302734,0.8176517486572266,0.7176008224487305,0.7045319080352783,0.013068914413452148,0.4916694164276123,0.5597298741340637,0.06806045770645142,False,64,256,,,9.692849159240723,0.0048464245796203615,12.86054253578186,0.18450209498405457,,,/workspaces/scalef/single_samples/worldstrat_sweet/Landcover-1355398/fourier_mlp_baseline_s2_psf,/workspaces/scalef/optimize.py --dataset worldstrat_sweet --num_samples 16 --iters 2000 --batch_size 1 --optimizer adamw --learning_rate 2e-3 --weight_decay 0 --seed 6 --device cuda:1 --worldstrat_data_root worldstrat_datasets/worldstrat_sweet --df 4 --sample_id Landcover-1355398 --input_projection fourier --projection_dim 256 --fourier_scale 10 --network_depth 4 --network_hidden_dim 256 --weight_decay 0 --model mlp_tcnn --tcnn_mlp_dtype fp16 --lr_degradation s2_psf --run_name fourier_mlp_baseline_s2_psf --eval_crop_lr_size 64 --eval_crop_anchor topleft,
hashgrid_mlp_baseline_area,6,worldstrat_sweet,Landcover-1355398,4,area,mlp_tcnn,hashgrid_tcnn,16,64,2000,26.10302734375,24.808589935302734,1.2944374084472656,0.742292582988739,0.7045319080352783,0.03776067495346069,0.5182897448539734,0.5597298741340637,0.04144012928009033,False,64,256,,,7.7572033405303955,0.0038786016702651977,10.993288278579712,0.17632000148296356,,,/workspaces/scalef/single_samples/worldstrat_sweet/Landcover-1355398/hashgrid_mlp_baseline_area,/workspaces/scalef/optimize.py --dataset worldstrat_sweet --num_samples 16 --iters 2000 --batch_size 1 --optimizer adamw --learning_rate 2e-3 --weight_decay 0 --seed 6 --device cuda:1 --worldstrat_data_root worldstrat_datasets/worldstrat_sweet --df 4 --sample_id Landcover-1355398 --input_projection hashgrid --hash_n_levels 16 --hash_n_features_per_level 2 --hash_log2_hashmap_size 21 --hash_base_resolution 0 --hash_max_resolution 0 --hash_encoding_dtype fp32 --hash_encoding_preset smoothstep_grid --hash_grid_type Hash --network_depth 4 --network_hidden_dim 256 --weight_decay 0 --model mlp_tcnn --tcnn_mlp_dtype fp16 --lr_degradation area --run_name hashgrid_mlp_baseline_area --eval_crop_lr_size 64 --eval_crop_anchor topleft,
hashgrid_mlp_baseline_s2_psf,6,worldstrat_sweet,Landcover-1355398,4,s2_psf,mlp_tcnn,hashgrid_tcnn,16,64,2000,25.907390594482422,24.808589935302734,1.0988006591796875,0.7282626032829285,0.7045319080352783,0.023730695247650146,0.5056383013725281,0.5597298741340637,0.054091572761535645,False,64,256,,,9.642588376998901,0.004821294188499451,12.735253095626831,0.17595092952251434,,,/workspaces/scalef/single_samples/worldstrat_sweet/Landcover-1355398/hashgrid_mlp_baseline_s2_psf,/workspaces/scalef/optimize.py --dataset worldstrat_sweet --num_samples 16 --iters 2000 --batch_size 1 --optimizer adamw --learning_rate 2e-3 --weight_decay 0 --seed 6 --device cuda:1 --worldstrat_data_root worldstrat_datasets/worldstrat_sweet --df 4 --sample_id Landcover-1355398 --input_projection hashgrid --hash_n_levels 16 --hash_n_features_per_level 2 --hash_log2_hashmap_size 21 --hash_base_resolution 0 --hash_max_resolution 0 --hash_encoding_dtype fp32 --hash_encoding_preset smoothstep_grid --hash_grid_type Hash --network_depth 4 --network_hidden_dim 256 --weight_decay 0 --model mlp_tcnn --tcnn_mlp_dtype fp16 --lr_degradation s2_psf --run_name hashgrid_mlp_baseline_s2_psf --eval_crop_lr_size 64 --eval_crop_anchor topleft,
hashgrid_level_attention_area,6,worldstrat_sweet,Landcover-1355398,4,area,hash_attn,hashgrid_tcnn,16,64,2000,26.632665634155273,24.808589935302734,1.824075698852539,0.7689388394355774,0.7045319080352783,0.06440693140029907,0.5068440437316895,0.5597298741340637,0.05288583040237427,False,64,256,2.6568949222564697,0.3407744765281677,14.003364562988281,0.007001682281494141,17.24741840362549,0.1937146633863449,,,/workspaces/scalef/single_samples/worldstrat_sweet/Landcover-1355398/hashgrid_level_attention_area,/workspaces/scalef/optimize.py --dataset worldstrat_sweet --num_samples 16 --iters 2000 --batch_size 1 --optimizer adamw --learning_rate 2e-3 --weight_decay 0 --seed 6 --device cuda:1 --worldstrat_data_root worldstrat_datasets/worldstrat_sweet --df 4 --sample_id Landcover-1355398 --input_projection hashgrid --hash_n_levels 16 --hash_n_features_per_level 2 --hash_log2_hashmap_size 21 --hash_base_resolution 0 --hash_max_resolution 0 --hash_encoding_dtype fp32 --hash_encoding_preset smoothstep_grid --hash_grid_type Hash --network_depth 4 --network_hidden_dim 256 --weight_decay 0 --model hash_attn --hash_attn_token_dim 32 --log_attention --lr_degradation area --run_name hashgrid_level_attention_area --eval_crop_lr_size 64 --eval_crop_anchor topleft,"[0.033237189054489136, 0.0363784097135067, 0.03608781844377518, 0.039606254547834396, 0.0409378707408905, 0.04473530501127243, 0.050704438239336014, 0.050559427589178085, 0.052207332104444504, 0.057593148201704025, 0.060772500932216644, 0.07356595993041992, 0.08283983170986176, 0.09810274839401245, 0.108310267329216, 0.13436150550842285]"
hashgrid_level_attention_s2_psf,6,worldstrat_sweet,Landcover-1355398,4,s2_psf,hash_attn,hashgrid_tcnn,16,64,2000,26.859806060791016,24.808589935302734,2.0512161254882812,0.7716777920722961,0.7045319080352783,0.06714588403701782,0.48917698860168457,0.5597298741340637,0.07055288553237915,False,64,256,2.5984394550323486,0.38591593503952026,15.848401069641113,0.007924200534820557,19.004528284072876,0.17739129066467285,,,/workspaces/scalef/single_samples/worldstrat_sweet/Landcover-1355398/hashgrid_level_attention_s2_psf,/workspaces/scalef/optimize.py --dataset worldstrat_sweet --num_samples 16 --iters 2000 --batch_size 1 --optimizer adamw --learning_rate 2e-3 --weight_decay 0 --seed 6 --device cuda:1 --worldstrat_data_root worldstrat_datasets/worldstrat_sweet --df 4 --sample_id Landcover-1355398 --input_projection hashgrid --hash_n_levels 16 --hash_n_features_per_level 2 --hash_log2_hashmap_size 21 --hash_base_resolution 0 --hash_max_resolution 0 --hash_encoding_dtype fp32 --hash_encoding_preset smoothstep_grid --hash_grid_type Hash --network_depth 4 --network_hidden_dim 256 --weight_decay 0 --model hash_attn --hash_attn_token_dim 32 --log_attention --lr_degradation s2_psf --run_name hashgrid_level_attention_s2_psf --eval_crop_lr_size 64 --eval_crop_anchor topleft,"[0.029704701155424118, 0.03337164968252182, 0.032896220684051514, 0.0356864295899868, 0.03842516243457794, 0.041183777153491974, 0.04897793382406235, 0.04816285893321037, 0.04880097508430481, 0.05576816201210022, 0.05625877529382706, 0.06926833093166351, 0.07557909935712814, 0.10006915032863617, 0.1211947426199913, 0.164652019739151]"
fourier_band_attention_area,6,worldstrat_sweet,Landcover-1355398,4,area,fourier_band_attn,fourier,8,48,2000,26.027109146118164,24.808589935302734,1.2185192108154297,0.7188703417778015,0.7045319080352783,0.014338433742523193,0.534597635269165,0.5597298741340637,0.02513223886489868,False,64,256,2.0235257148742676,0.41007131338119507,11.726994752883911,0.005863497376441955,14.934731006622314,0.17422720789909363,,,/workspaces/scalef/single_samples/worldstrat_sweet/Landcover-1355398/fourier_band_attention_area,/workspaces/scalef/optimize.py --dataset worldstrat_sweet --num_samples 16 --iters 2000 --batch_size 1 --optimizer adamw --learning_rate 2e-3 --weight_decay 0 --seed 6 --device cuda:1 --worldstrat_data_root worldstrat_datasets/worldstrat_sweet --df 4 --sample_id Landcover-1355398 --input_projection fourier --projection_dim 256 --fourier_scale 10 --network_depth 4 --network_hidden_dim 256 --weight_decay 0 --model fourier_band_attn --attn_token_dim 32 --fourier_num_bands 8 --log_attention --lr_degradation area --run_name fourier_band_attention_area --eval_crop_lr_size 64 --eval_crop_anchor topleft,"[0.12652486562728882, 0.1292996108531952, 0.11909782886505127, 0.11594921350479126, 0.09905718266963959, 0.11845585703849792, 0.09934121370315552, 0.19227424263954163]"
fourier_band_attention_s2_psf,6,worldstrat_sweet,Landcover-1355398,4,s2_psf,fourier_band_attn,fourier,8,48,2000,25.951831817626953,24.808589935302734,1.1432418823242188,0.688546895980835,0.7045319080352783,-0.01598501205444336,0.5440105199813843,0.5597298741340637,0.015719354152679443,False,64,256,2.022650718688965,0.40492725372314453,13.378712892532349,0.006689356446266175,16.52913498878479,0.17275723814964294,,,/workspaces/scalef/single_samples/worldstrat_sweet/Landcover-1355398/fourier_band_attention_s2_psf,/workspaces/scalef/optimize.py --dataset worldstrat_sweet --num_samples 16 --iters 2000 --batch_size 1 --optimizer adamw --learning_rate 2e-3 --weight_decay 0 --seed 6 --device cuda:1 --worldstrat_data_root worldstrat_datasets/worldstrat_sweet --df 4 --sample_id Landcover-1355398 --input_projection fourier --projection_dim 256 --fourier_scale 10 --network_depth 4 --network_hidden_dim 256 --weight_decay 0 --model fourier_band_attn --attn_token_dim 32 --fourier_num_bands 8 --log_attention --lr_degradation s2_psf --run_name fourier_band_attention_s2_psf --eval_crop_lr_size 64 --eval_crop_anchor topleft,"[0.12959563732147217, 0.12874849140644073, 0.11551882326602936, 0.11999963223934174, 0.10121013224124908, 0.12003074586391449, 0.10109569132328033, 0.1838008314371109]"
fourier_mlp_baseline_area,6,worldstrat_sweet,Landcover-777318,4,area,mlp_tcnn,fourier,8,48,2000,29.767454147338867,28.55107879638672,1.2163753509521484,0.8066785335540771,0.7437790036201477,0.06289952993392944,0.452933669090271,0.49493855237960815,0.04200488328933716,False,64,256,,,7.743197679519653,0.0038715988397598267,10.96582841873169,0.10296915471553802,,,/workspaces/scalef/single_samples/worldstrat_sweet/Landcover-777318/fourier_mlp_baseline_area,/workspaces/scalef/optimize.py --dataset worldstrat_sweet --num_samples 16 --iters 2000 --batch_size 1 --optimizer adamw --learning_rate 2e-3 --weight_decay 0 --seed 6 --device cuda:1 --worldstrat_data_root worldstrat_datasets/worldstrat_sweet --df 4 --sample_id Landcover-777318 --input_projection fourier --projection_dim 256 --fourier_scale 10 --network_depth 4 --network_hidden_dim 256 --weight_decay 0 --model mlp_tcnn --tcnn_mlp_dtype fp16 --lr_degradation area --run_name fourier_mlp_baseline_area --eval_crop_lr_size 64 --eval_crop_anchor topleft,
fourier_mlp_baseline_s2_psf,6,worldstrat_sweet,Landcover-777318,4,s2_psf,mlp_tcnn,fourier,8,48,2000,29.90987777709961,28.55107879638672,1.3587989807128906,0.808012068271637,0.7437790036201477,0.06423306465148926,0.4491155445575714,0.49493855237960815,0.04582300782203674,False,64,256,,,9.716758489608765,0.004858379244804382,12.868821859359741,0.10846074670553207,,,/workspaces/scalef/single_samples/worldstrat_sweet/Landcover-777318/fourier_mlp_baseline_s2_psf,/workspaces/scalef/optimize.py --dataset worldstrat_sweet --num_samples 16 --iters 2000 --batch_size 1 --optimizer adamw --learning_rate 2e-3 --weight_decay 0 --seed 6 --device cuda:1 --worldstrat_data_root worldstrat_datasets/worldstrat_sweet --df 4 --sample_id Landcover-777318 --input_projection fourier --projection_dim 256 --fourier_scale 10 --network_depth 4 --network_hidden_dim 256 --weight_decay 0 --model mlp_tcnn --tcnn_mlp_dtype fp16 --lr_degradation s2_psf --run_name fourier_mlp_baseline_s2_psf --eval_crop_lr_size 64 --eval_crop_anchor topleft,
hashgrid_mlp_baseline_area,6,worldstrat_sweet,Landcover-777318,4,area,mlp_tcnn,hashgrid_tcnn,16,64,2000,29.7626953125,28.55107879638672,1.2116165161132812,0.806654155254364,0.7437790036201477,0.06287515163421631,0.4512224495410919,0.49493855237960815,0.043716102838516235,False,64,256,,,7.86321759223938,0.00393160879611969,11.085512638092041,0.10398814082145691,,,/workspaces/scalef/single_samples/worldstrat_sweet/Landcover-777318/hashgrid_mlp_baseline_area,/workspaces/scalef/optimize.py --dataset worldstrat_sweet --num_samples 16 --iters 2000 --batch_size 1 --optimizer adamw --learning_rate 2e-3 --weight_decay 0 --seed 6 --device cuda:1 --worldstrat_data_root worldstrat_datasets/worldstrat_sweet --df 4 --sample_id Landcover-777318 --input_projection hashgrid --hash_n_levels 16 --hash_n_features_per_level 2 --hash_log2_hashmap_size 21 --hash_base_resolution 0 --hash_max_resolution 0 --hash_encoding_dtype fp32 --hash_encoding_preset smoothstep_grid --hash_grid_type Hash --network_depth 4 --network_hidden_dim 256 --weight_decay 0 --model mlp_tcnn --tcnn_mlp_dtype fp16 --lr_degradation area --run_name hashgrid_mlp_baseline_area --eval_crop_lr_size 64 --eval_crop_anchor topleft,
hashgrid_mlp_baseline_s2_psf,6,worldstrat_sweet,Landcover-777318,4,s2_psf,mlp_tcnn,hashgrid_tcnn,16,64,2000,29.87378692626953,28.55107879638672,1.3227081298828125,0.8060027956962585,0.7437790036201477,0.06222379207611084,0.4353788495063782,0.49493855237960815,0.05955970287322998,False,64,256,,,9.942774057388306,0.004971387028694153,13.094522714614868,0.1063305139541626,,,/workspaces/scalef/single_samples/worldstrat_sweet/Landcover-777318/hashgrid_mlp_baseline_s2_psf,/workspaces/scalef/optimize.py --dataset worldstrat_sweet --num_samples 16 --iters 2000 --batch_size 1 --optimizer adamw --learning_rate 2e-3 --weight_decay 0 --seed 6 --device cuda:1 --worldstrat_data_root worldstrat_datasets/worldstrat_sweet --df 4 --sample_id Landcover-777318 --input_projection hashgrid --hash_n_levels 16 --hash_n_features_per_level 2 --hash_log2_hashmap_size 21 --hash_base_resolution 0 --hash_max_resolution 0 --hash_encoding_dtype fp32 --hash_encoding_preset smoothstep_grid --hash_grid_type Hash --network_depth 4 --network_hidden_dim 256 --weight_decay 0 --model mlp_tcnn --tcnn_mlp_dtype fp16 --lr_degradation s2_psf --run_name hashgrid_mlp_baseline_s2_psf --eval_crop_lr_size 64 --eval_crop_anchor topleft,
hashgrid_level_attention_area,6,worldstrat_sweet,Landcover-777318,4,area,hash_attn,hashgrid_tcnn,16,64,2000,29.843868255615234,28.55107879638672,1.2927894592285156,0.8119714260101318,0.7437790036201477,0.06819242238998413,0.450974702835083,0.49493855237960815,0.043963849544525146,False,64,256,2.390725612640381,0.4934214949607849,13.696935653686523,0.006848467826843262,16.904922485351562,0.11620396375656128,,,/workspaces/scalef/single_samples/worldstrat_sweet/Landcover-777318/hashgrid_level_attention_area,/workspaces/scalef/optimize.py --dataset worldstrat_sweet --num_samples 16 --iters 2000 --batch_size 1 --optimizer adamw --learning_rate 2e-3 --weight_decay 0 --seed 6 --device cuda:1 --worldstrat_data_root worldstrat_datasets/worldstrat_sweet --df 4 --sample_id Landcover-777318 --input_projection hashgrid --hash_n_levels 16 --hash_n_features_per_level 2 --hash_log2_hashmap_size 21 --hash_base_resolution 0 --hash_max_resolution 0 --hash_encoding_dtype fp32 --hash_encoding_preset smoothstep_grid --hash_grid_type Hash --network_depth 4 --network_hidden_dim 256 --weight_decay 0 --model hash_attn --hash_attn_token_dim 32 --log_attention --lr_degradation area --run_name hashgrid_level_attention_area --eval_crop_lr_size 64 --eval_crop_anchor topleft,"[0.02228127419948578, 0.023706762120127678, 0.024672996252775192, 0.02650580368936062, 0.026588650420308113, 0.029782475903630257, 0.02982877939939499, 0.03315700963139534, 0.03425503522157669, 0.038604412227869034, 0.04892649129033089, 0.06715985387563705, 0.10110894590616226, 0.12959831953048706, 0.16217641532421112, 0.20164677500724792]"
hashgrid_level_attention_s2_psf,6,worldstrat_sweet,Landcover-777318,4,s2_psf,hash_attn,hashgrid_tcnn,16,64,2000,29.972761154174805,28.55107879638672,1.421682357788086,0.812138557434082,0.7437790036201477,0.06835955381393433,0.440507709980011,0.49493855237960815,0.05443084239959717,False,64,256,2.0704267024993896,0.6437759399414062,15.701816320419312,0.007850908160209656,18.826098918914795,0.11777421832084656,,,/workspaces/scalef/single_samples/worldstrat_sweet/Landcover-777318/hashgrid_level_attention_s2_psf,/workspaces/scalef/optimize.py --dataset worldstrat_sweet --num_samples 16 --iters 2000 --batch_size 1 --optimizer adamw --learning_rate 2e-3 --weight_decay 0 --seed 6 --device cuda:1 --worldstrat_data_root worldstrat_datasets/worldstrat_sweet --df 4 --sample_id Landcover-777318 --input_projection hashgrid --hash_n_levels 16 --hash_n_features_per_level 2 --hash_log2_hashmap_size 21 --hash_base_resolution 0 --hash_max_resolution 0 --hash_encoding_dtype fp32 --hash_encoding_preset smoothstep_grid --hash_grid_type Hash --network_depth 4 --network_hidden_dim 256 --weight_decay 0 --model hash_attn --hash_attn_token_dim 32 --log_attention --lr_degradation s2_psf --run_name hashgrid_level_attention_s2_psf --eval_crop_lr_size 64 --eval_crop_anchor topleft,"[0.013464909046888351, 0.014491017907857895, 0.0153697170317173, 0.016600705683231354, 0.016620948910713196, 0.019727110862731934, 0.020702388137578964, 0.023077545687556267, 0.025144606828689575, 0.030059300363063812, 0.03648018091917038, 0.04936005547642708, 0.07512558996677399, 0.11460468918085098, 0.19128571450710297, 0.3378854990005493]"
fourier_band_attention_area,6,worldstrat_sweet,Landcover-777318,4,area,fourier_band_attn,fourier,8,48,2000,28.516098022460938,28.55107879638672,-0.03498077392578125,0.772291362285614,0.7437790036201477,0.02851235866546631,0.5466434359550476,0.49493855237960815,-0.05170488357543945,False,64,256,2.0430469512939453,0.39490994811058044,11.922807693481445,0.005961403846740722,15.153051376342773,0.15993376076221466,,,/workspaces/scalef/single_samples/worldstrat_sweet/Landcover-777318/fourier_band_attention_area,/workspaces/scalef/optimize.py --dataset worldstrat_sweet --num_samples 16 --iters 2000 --batch_size 1 --optimizer adamw --learning_rate 2e-3 --weight_decay 0 --seed 6 --device cuda:1 --worldstrat_data_root worldstrat_datasets/worldstrat_sweet --df 4 --sample_id Landcover-777318 --input_projection fourier --projection_dim 256 --fourier_scale 10 --network_depth 4 --network_hidden_dim 256 --weight_decay 0 --model fourier_band_attn --attn_token_dim 32 --fourier_num_bands 8 --log_attention --lr_degradation area --run_name fourier_band_attention_area --eval_crop_lr_size 64 --eval_crop_anchor topleft,"[0.0960032194852829, 0.13191421329975128, 0.11610971391201019, 0.1339617371559143, 0.12710115313529968, 0.13002842664718628, 0.11242960393428802, 0.15245193243026733]"
fourier_band_attention_s2_psf,6,worldstrat_sweet,Landcover-777318,4,s2_psf,fourier_band_attn,fourier,8,48,2000,28.347688674926758,28.55107879638672,-0.20339012145996094,0.7597565054893494,0.7437790036201477,0.01597750186920166,0.5612105131149292,0.49493855237960815,-0.06627196073532104,False,64,256,2.039318084716797,0.38596683740615845,13.867633581161499,0.00693381679058075,17.005923748016357,0.16323383152484894,,,/workspaces/scalef/single_samples/worldstrat_sweet/Landcover-777318/fourier_band_attention_s2_psf,/workspaces/scalef/optimize.py --dataset worldstrat_sweet --num_samples 16 --iters 2000 --batch_size 1 --optimizer adamw --learning_rate 2e-3 --weight_decay 0 --seed 6 --device cuda:1 --worldstrat_data_root worldstrat_datasets/worldstrat_sweet --df 4 --sample_id Landcover-777318 --input_projection fourier --projection_dim 256 --fourier_scale 10 --network_depth 4 --network_hidden_dim 256 --weight_decay 0 --model fourier_band_attn --attn_token_dim 32 --fourier_num_bands 8 --log_attention --lr_degradation s2_psf --run_name fourier_band_attention_s2_psf --eval_crop_lr_size 64 --eval_crop_anchor topleft,"[0.10451219975948334, 0.13119032979011536, 0.11837901175022125, 0.13226383924484253, 0.12768776714801788, 0.12763284146785736, 0.11217612773180008, 0.1461578607559204]"
fourier_mlp_baseline_area,6,worldstrat_sweet,UNHCR-BFAs004486,4,area,mlp_tcnn,fourier,8,48,2000,31.25970458984375,31.12574005126953,0.13396453857421875,0.7481997013092041,0.7599272727966309,-0.011727571487426758,0.5028759837150574,0.5665714144706726,0.06369543075561523,False,64,256,,,7.969959259033203,0.003984979629516602,11.220288276672363,0.1269630789756775,,,/workspaces/scalef/single_samples/worldstrat_sweet/UNHCR-BFAs004486/fourier_mlp_baseline_area,/workspaces/scalef/optimize.py --dataset worldstrat_sweet --num_samples 16 --iters 2000 --batch_size 1 --optimizer adamw --learning_rate 2e-3 --weight_decay 0 --seed 6 --device cuda:1 --worldstrat_data_root worldstrat_datasets/worldstrat_sweet --df 4 --sample_id UNHCR-BFAs004486 --input_projection fourier --projection_dim 256 --fourier_scale 10 --network_depth 4 --network_hidden_dim 256 --weight_decay 0 --model mlp_tcnn --tcnn_mlp_dtype fp16 --lr_degradation area --run_name fourier_mlp_baseline_area --eval_crop_lr_size 64 --eval_crop_anchor topleft,
fourier_mlp_baseline_s2_psf,6,worldstrat_sweet,UNHCR-BFAs004486,4,s2_psf,mlp_tcnn,fourier,8,48,2000,30.732091903686523,31.12574005126953,-0.3936481475830078,0.7317277789115906,0.7599272727966309,-0.028199493885040283,0.49148961901664734,0.5665714144706726,0.07508179545402527,False,64,256,,,9.924910306930542,0.004962455153465271,13.027361869812012,0.12831281125545502,,,/workspaces/scalef/single_samples/worldstrat_sweet/UNHCR-BFAs004486/fourier_mlp_baseline_s2_psf,/workspaces/scalef/optimize.py --dataset worldstrat_sweet --num_samples 16 --iters 2000 --batch_size 1 --optimizer adamw --learning_rate 2e-3 --weight_decay 0 --seed 6 --device cuda:1 --worldstrat_data_root worldstrat_datasets/worldstrat_sweet --df 4 --sample_id UNHCR-BFAs004486 --input_projection fourier --projection_dim 256 --fourier_scale 10 --network_depth 4 --network_hidden_dim 256 --weight_decay 0 --model mlp_tcnn --tcnn_mlp_dtype fp16 --lr_degradation s2_psf --run_name fourier_mlp_baseline_s2_psf --eval_crop_lr_size 64 --eval_crop_anchor topleft,
hashgrid_mlp_baseline_area,6,worldstrat_sweet,UNHCR-BFAs004486,4,area,mlp_tcnn,hashgrid_tcnn,16,64,2000,31.194467544555664,31.12574005126953,0.06872749328613281,0.7452034950256348,0.7599272727966309,-0.014723777770996094,0.5050544142723083,0.5665714144706726,0.06151700019836426,False,64,256,,,7.871650695800781,0.00393582534790039,11.175546169281006,0.12682479619979858,,,/workspaces/scalef/single_samples/worldstrat_sweet/UNHCR-BFAs004486/hashgrid_mlp_baseline_area,/workspaces/scalef/optimize.py --dataset worldstrat_sweet --num_samples 16 --iters 2000 --batch_size 1 --optimizer adamw --learning_rate 2e-3 --weight_decay 0 --seed 6 --device cuda:1 --worldstrat_data_root worldstrat_datasets/worldstrat_sweet --df 4 --sample_id UNHCR-BFAs004486 --input_projection hashgrid --hash_n_levels 16 --hash_n_features_per_level 2 --hash_log2_hashmap_size 21 --hash_base_resolution 0 --hash_max_resolution 0 --hash_encoding_dtype fp32 --hash_encoding_preset smoothstep_grid --hash_grid_type Hash --network_depth 4 --network_hidden_dim 256 --weight_decay 0 --model mlp_tcnn --tcnn_mlp_dtype fp16 --lr_degradation area --run_name hashgrid_mlp_baseline_area --eval_crop_lr_size 64 --eval_crop_anchor topleft,
hashgrid_mlp_baseline_s2_psf,6,worldstrat_sweet,UNHCR-BFAs004486,4,s2_psf,mlp_tcnn,hashgrid_tcnn,16,64,2000,30.57461166381836,31.12574005126953,-0.5511283874511719,0.7223458290100098,0.7599272727966309,-0.037581443786621094,0.4869075119495392,0.5665714144706726,0.07966390252113342,False,64,256,,,9.714138746261597,0.004857069373130798,12.71011757850647,0.12811820209026337,,,/workspaces/scalef/single_samples/worldstrat_sweet/UNHCR-BFAs004486/hashgrid_mlp_baseline_s2_psf,/workspaces/scalef/optimize.py --dataset worldstrat_sweet --num_samples 16 --iters 2000 --batch_size 1 --optimizer adamw --learning_rate 2e-3 --weight_decay 0 --seed 6 --device cuda:1 --worldstrat_data_root worldstrat_datasets/worldstrat_sweet --df 4 --sample_id UNHCR-BFAs004486 --input_projection hashgrid --hash_n_levels 16 --hash_n_features_per_level 2 --hash_log2_hashmap_size 21 --hash_base_resolution 0 --hash_max_resolution 0 --hash_encoding_dtype fp32 --hash_encoding_preset smoothstep_grid --hash_grid_type Hash --network_depth 4 --network_hidden_dim 256 --weight_decay 0 --model mlp_tcnn --tcnn_mlp_dtype fp16 --lr_degradation s2_psf --run_name hashgrid_mlp_baseline_s2_psf --eval_crop_lr_size 64 --eval_crop_anchor topleft,
hashgrid_level_attention_area,6,worldstrat_sweet,UNHCR-BFAs004486,4,area,hash_attn,hashgrid_tcnn,16,64,2000,31.077112197875977,31.12574005126953,-0.04862785339355469,0.7416796088218689,0.7599272727966309,-0.018247663974761963,0.5016376376152039,0.5665714144706726,0.06493377685546875,False,64,256,1.7736396789550781,0.766754150390625,13.603256702423096,0.006801628351211548,16.803096294403076,0.1294182389974594,,,/workspaces/scalef/single_samples/worldstrat_sweet/UNHCR-BFAs004486/hashgrid_level_attention_area,/workspaces/scalef/optimize.py --dataset worldstrat_sweet --num_samples 16 --iters 2000 --batch_size 1 --optimizer adamw --learning_rate 2e-3 --weight_decay 0 --seed 6 --device cuda:1 --worldstrat_data_root worldstrat_datasets/worldstrat_sweet --df 4 --sample_id UNHCR-BFAs004486 --input_projection hashgrid --hash_n_levels 16 --hash_n_features_per_level 2 --hash_log2_hashmap_size 21 --hash_base_resolution 0 --hash_max_resolution 0 --hash_encoding_dtype fp32 --hash_encoding_preset smoothstep_grid --hash_grid_type Hash --network_depth 4 --network_hidden_dim 256 --weight_decay 0 --model hash_attn --hash_attn_token_dim 32 --log_attention --lr_degradation area --run_name hashgrid_level_attention_area --eval_crop_lr_size 64 --eval_crop_anchor topleft,"[0.013136018998920918, 0.013345437124371529, 0.01399015448987484, 0.012887496501207352, 0.013251887634396553, 0.013804377987980843, 0.012966126203536987, 0.012677362188696861, 0.011642169207334518, 0.014072244986891747, 0.014150884002447128, 0.023463934659957886, 0.0638577863574028, 0.11743083596229553, 0.23625463247299194, 0.4130686819553375]"
hashgrid_level_attention_s2_psf,6,worldstrat_sweet,UNHCR-BFAs004486,4,s2_psf,hash_attn,hashgrid_tcnn,16,64,2000,30.4197940826416,31.12574005126953,-0.7059459686279297,0.7167040705680847,0.7599272727966309,-0.04322320222854614,0.499275267124176,0.5665714144706726,0.06729614734649658,False,64,256,1.0642420053482056,0.8996930122375488,15.336533069610596,0.007668266534805298,18.43997859954834,0.13058918714523315,,,/workspaces/scalef/single_samples/worldstrat_sweet/UNHCR-BFAs004486/hashgrid_level_attention_s2_psf,/workspaces/scalef/optimize.py --dataset worldstrat_sweet --num_samples 16 --iters 2000 --batch_size 1 --optimizer adamw --learning_rate 2e-3 --weight_decay 0 --seed 6 --device cuda:1 --worldstrat_data_root worldstrat_datasets/worldstrat_sweet --df 4 --sample_id UNHCR-BFAs004486 --input_projection hashgrid --hash_n_levels 16 --hash_n_features_per_level 2 --hash_log2_hashmap_size 21 --hash_base_resolution 0 --hash_max_resolution 0 --hash_encoding_dtype fp32 --hash_encoding_preset smoothstep_grid --hash_grid_type Hash --network_depth 4 --network_hidden_dim 256 --weight_decay 0 --model hash_attn --hash_attn_token_dim 32 --log_attention --lr_degradation s2_psf --run_name hashgrid_level_attention_s2_psf --eval_crop_lr_size 64 --eval_crop_anchor topleft,"[0.007784850429743528, 0.0075803897343575954, 0.007657296489924192, 0.007034610956907272, 0.006943928077816963, 0.007017069961875677, 0.006753265392035246, 0.006412726826965809, 0.0060349032282829285, 0.0069186449982225895, 0.007218202576041222, 0.009893668815493584, 0.013057379052042961, 0.02315649762749672, 0.18126028776168823, 0.6952762603759766]"
fourier_band_attention_area,6,worldstrat_sweet,UNHCR-BFAs004486,4,area,fourier_band_attn,fourier,8,48,2000,31.174646377563477,31.12574005126953,0.04890632629394531,0.7331240177154541,0.7599272727966309,-0.026803255081176758,0.5490868091583252,0.5665714144706726,0.017484605312347412,False,64,256,2.018366575241089,0.40959274768829346,11.661978483200073,0.005830989241600037,14.912189722061157,0.14418409764766693,,,/workspaces/scalef/single_samples/worldstrat_sweet/UNHCR-BFAs004486/fourier_band_attention_area,/workspaces/scalef/optimize.py --dataset worldstrat_sweet --num_samples 16 --iters 2000 --batch_size 1 --optimizer adamw --learning_rate 2e-3 --weight_decay 0 --seed 6 --device cuda:1 --worldstrat_data_root worldstrat_datasets/worldstrat_sweet --df 4 --sample_id UNHCR-BFAs004486 --input_projection fourier --projection_dim 256 --fourier_scale 10 --network_depth 4 --network_hidden_dim 256 --weight_decay 0 --model fourier_band_attn --attn_token_dim 32 --fourier_num_bands 8 --log_attention --lr_degradation area --run_name fourier_band_attention_area --eval_crop_lr_size 64 --eval_crop_anchor topleft,"[0.07596054673194885, 0.15413686633110046, 0.12185298651456833, 0.14186260104179382, 0.09659422188997269, 0.12366794049739838, 0.14538025856018066, 0.1405445635318756]"
fourier_band_attention_s2_psf,6,worldstrat_sweet,UNHCR-BFAs004486,4,s2_psf,fourier_band_attn,fourier,8,48,2000,30.684167861938477,31.12574005126953,-0.4415721893310547,0.7098551392555237,0.7599272727966309,-0.05007213354110718,0.561552882194519,0.5665714144706726,0.0050185322761535645,False,64,256,2.008620262145996,0.3999637961387634,13.66486382484436,0.00683243191242218,16.807887077331543,0.14650510251522064,,,/workspaces/scalef/single_samples/worldstrat_sweet/UNHCR-BFAs004486/fourier_band_attention_s2_psf,/workspaces/scalef/optimize.py --dataset worldstrat_sweet --num_samples 16 --iters 2000 --batch_size 1 --optimizer adamw --learning_rate 2e-3 --weight_decay 0 --seed 6 --device cuda:1 --worldstrat_data_root worldstrat_datasets/worldstrat_sweet --df 4 --sample_id UNHCR-BFAs004486 --input_projection fourier --projection_dim 256 --fourier_scale 10 --network_depth 4 --network_hidden_dim 256 --weight_decay 0 --model fourier_band_attn --attn_token_dim 32 --fourier_num_bands 8 --log_attention --lr_degradation s2_psf --run_name fourier_band_attention_s2_psf --eval_crop_lr_size 64 --eval_crop_anchor topleft,"[0.07886895537376404, 0.15401162207126617, 0.12593626976013184, 0.14296716451644897, 0.09825221449136734, 0.11792637407779694, 0.14160174131393433, 0.14043566584587097]"
fourier_mlp_baseline_area,6,worldstrat_sweet,UNHCR-BFAs004567,4,area,mlp_tcnn,fourier,8,48,2000,24.58493423461914,25.318777084350586,-0.7338428497314453,0.5579162836074829,0.5941672921180725,-0.0362510085105896,0.5458614230155945,0.5926018357276917,0.04674041271209717,False,64,256,,,7.765618801116943,0.003882809400558472,10.990151166915894,0.02557363174855709,,,/workspaces/scalef/single_samples/worldstrat_sweet/UNHCR-BFAs004567/fourier_mlp_baseline_area,/workspaces/scalef/optimize.py --dataset worldstrat_sweet --num_samples 16 --iters 2000 --batch_size 1 --optimizer adamw --learning_rate 2e-3 --weight_decay 0 --seed 6 --device cuda:1 --worldstrat_data_root worldstrat_datasets/worldstrat_sweet --df 4 --sample_id UNHCR-BFAs004567 --input_projection fourier --projection_dim 256 --fourier_scale 10 --network_depth 4 --network_hidden_dim 256 --weight_decay 0 --model mlp_tcnn --tcnn_mlp_dtype fp16 --lr_degradation area --run_name fourier_mlp_baseline_area --eval_crop_lr_size 64 --eval_crop_anchor topleft,
fourier_mlp_baseline_s2_psf,6,worldstrat_sweet,UNHCR-BFAs004567,4,s2_psf,mlp_tcnn,fourier,8,48,2000,24.27796745300293,25.318777084350586,-1.0408096313476562,0.5341799855232239,0.5941672921180725,-0.05998730659484863,0.5402579307556152,0.5926018357276917,0.052343904972076416,False,64,256,,,9.87064790725708,0.00493532395362854,13.079387426376343,0.02664315328001976,,,/workspaces/scalef/single_samples/worldstrat_sweet/UNHCR-BFAs004567/fourier_mlp_baseline_s2_psf,/workspaces/scalef/optimize.py --dataset worldstrat_sweet --num_samples 16 --iters 2000 --batch_size 1 --optimizer adamw --learning_rate 2e-3 --weight_decay 0 --seed 6 --device cuda:1 --worldstrat_data_root worldstrat_datasets/worldstrat_sweet --df 4 --sample_id UNHCR-BFAs004567 --input_projection fourier --projection_dim 256 --fourier_scale 10 --network_depth 4 --network_hidden_dim 256 --weight_decay 0 --model mlp_tcnn --tcnn_mlp_dtype fp16 --lr_degradation s2_psf --run_name fourier_mlp_baseline_s2_psf --eval_crop_lr_size 64 --eval_crop_anchor topleft,
hashgrid_mlp_baseline_area,6,worldstrat_sweet,UNHCR-BFAs004567,4,area,mlp_tcnn,hashgrid_tcnn,16,64,2000,24.577991485595703,25.318777084350586,-0.7407855987548828,0.5563321709632874,0.5941672921180725,-0.037835121154785156,0.5468398332595825,0.5926018357276917,0.04576200246810913,False,64,256,,,7.869235515594482,0.003934617757797241,11.074792385101318,0.025705084204673767,,,/workspaces/scalef/single_samples/worldstrat_sweet/UNHCR-BFAs004567/hashgrid_mlp_baseline_area,/workspaces/scalef/optimize.py --dataset worldstrat_sweet --num_samples 16 --iters 2000 --batch_size 1 --optimizer adamw --learning_rate 2e-3 --weight_decay 0 --seed 6 --device cuda:1 --worldstrat_data_root worldstrat_datasets/worldstrat_sweet --df 4 --sample_id UNHCR-BFAs004567 --input_projection hashgrid --hash_n_levels 16 --hash_n_features_per_level 2 --hash_log2_hashmap_size 21 --hash_base_resolution 0 --hash_max_resolution 0 --hash_encoding_dtype fp32 --hash_encoding_preset smoothstep_grid --hash_grid_type Hash --network_depth 4 --network_hidden_dim 256 --weight_decay 0 --model mlp_tcnn --tcnn_mlp_dtype fp16 --lr_degradation area --run_name hashgrid_mlp_baseline_area --eval_crop_lr_size 64 --eval_crop_anchor topleft,
hashgrid_mlp_baseline_s2_psf,6,worldstrat_sweet,UNHCR-BFAs004567,4,s2_psf,mlp_tcnn,hashgrid_tcnn,16,64,2000,24.219572067260742,25.318777084350586,-1.0992050170898438,0.524827778339386,0.5941672921180725,-0.06933951377868652,0.5388123393058777,0.5926018357276917,0.053789496421813965,False,64,256,,,9.621121883392334,0.004810560941696167,12.887428522109985,0.02542966604232788,,,/workspaces/scalef/single_samples/worldstrat_sweet/UNHCR-BFAs004567/hashgrid_mlp_baseline_s2_psf,/workspaces/scalef/optimize.py --dataset worldstrat_sweet --num_samples 16 --iters 2000 --batch_size 1 --optimizer adamw --learning_rate 2e-3 --weight_decay 0 --seed 6 --device cuda:1 --worldstrat_data_root worldstrat_datasets/worldstrat_sweet --df 4 --sample_id UNHCR-BFAs004567 --input_projection hashgrid --hash_n_levels 16 --hash_n_features_per_level 2 --hash_log2_hashmap_size 21 --hash_base_resolution 0 --hash_max_resolution 0 --hash_encoding_dtype fp32 --hash_encoding_preset smoothstep_grid --hash_grid_type Hash --network_depth 4 --network_hidden_dim 256 --weight_decay 0 --model mlp_tcnn --tcnn_mlp_dtype fp16 --lr_degradation s2_psf --run_name hashgrid_mlp_baseline_s2_psf --eval_crop_lr_size 64 --eval_crop_anchor topleft,
hashgrid_level_attention_area,6,worldstrat_sweet,UNHCR-BFAs004567,4,area,hash_attn,hashgrid_tcnn,16,64,2000,24.566905975341797,25.318777084350586,-0.7518711090087891,0.5575773119926453,0.5941672921180725,-0.036589980125427246,0.5562760829925537,0.5926018357276917,0.03632575273513794,False,64,256,2.5591211318969727,0.3575857877731323,13.728945016860962,0.006864472508430481,17.087334632873535,0.03295013681054115,,,/workspaces/scalef/single_samples/worldstrat_sweet/UNHCR-BFAs004567/hashgrid_level_attention_area,/workspaces/scalef/optimize.py --dataset worldstrat_sweet --num_samples 16 --iters 2000 --batch_size 1 --optimizer adamw --learning_rate 2e-3 --weight_decay 0 --seed 6 --device cuda:1 --worldstrat_data_root worldstrat_datasets/worldstrat_sweet --df 4 --sample_id UNHCR-BFAs004567 --input_projection hashgrid --hash_n_levels 16 --hash_n_features_per_level 2 --hash_log2_hashmap_size 21 --hash_base_resolution 0 --hash_max_resolution 0 --hash_encoding_dtype fp32 --hash_encoding_preset smoothstep_grid --hash_grid_type Hash --network_depth 4 --network_hidden_dim 256 --weight_decay 0 --model hash_attn --hash_attn_token_dim 32 --log_attention --lr_degradation area --run_name hashgrid_level_attention_area --eval_crop_lr_size 64 --eval_crop_anchor topleft,"[0.032076288014650345, 0.03360547870397568, 0.03374858573079109, 0.03665038198232651, 0.036594100296497345, 0.040370091795921326, 0.04426126182079315, 0.04789106175303459, 0.05229434743523598, 0.056443460285663605, 0.0664362758398056, 0.07173773646354675, 0.0903051346540451, 0.09612053632736206, 0.11795167624950409, 0.14351359009742737]"
hashgrid_level_attention_s2_psf,6,worldstrat_sweet,UNHCR-BFAs004567,4,s2_psf,hash_attn,hashgrid_tcnn,16,64,2000,24.207061767578125,25.318777084350586,-1.111715316772461,0.5284120440483093,0.5941672921180725,-0.06575524806976318,0.560299277305603,0.5926018357276917,0.03230255842208862,False,64,256,2.4088175296783447,0.43285703659057617,15.398249864578247,0.007699124932289123,18.556193590164185,0.04426136612892151,,,/workspaces/scalef/single_samples/worldstrat_sweet/UNHCR-BFAs004567/hashgrid_level_attention_s2_psf,/workspaces/scalef/optimize.py --dataset worldstrat_sweet --num_samples 16 --iters 2000 --batch_size 1 --optimizer adamw --learning_rate 2e-3 --weight_decay 0 --seed 6 --device cuda:1 --worldstrat_data_root worldstrat_datasets/worldstrat_sweet --df 4 --sample_id UNHCR-BFAs004567 --input_projection hashgrid --hash_n_levels 16 --hash_n_features_per_level 2 --hash_log2_hashmap_size 21 --hash_base_resolution 0 --hash_max_resolution 0 --hash_encoding_dtype fp32 --hash_encoding_preset smoothstep_grid --hash_grid_type Hash --network_depth 4 --network_hidden_dim 256 --weight_decay 0 --model hash_attn --hash_attn_token_dim 32 --log_attention --lr_degradation s2_psf --run_name hashgrid_level_attention_s2_psf --eval_crop_lr_size 64 --eval_crop_anchor topleft,"[0.027716699987649918, 0.02931448072195053, 0.028788253664970398, 0.031578950583934784, 0.03177103027701378, 0.03574974089860916, 0.038487501442432404, 0.04225146025419235, 0.04414159432053566, 0.04893670603632927, 0.057265058159828186, 0.06419812887907028, 0.0869433656334877, 0.09837263822555542, 0.13868552446365356, 0.195798859000206]"
fourier_band_attention_area,6,worldstrat_sweet,UNHCR-BFAs004567,4,area,fourier_band_attn,fourier,8,48,2000,24.59974479675293,25.318777084350586,-0.7190322875976562,0.5542991757392883,0.5941672921180725,-0.03986811637878418,0.5771386027336121,0.5926018357276917,0.01546323299407959,False,64,256,1.9869345426559448,0.3892272114753723,11.8369140625,0.00591845703125,15.052491664886475,0.08111722767353058,,,/workspaces/scalef/single_samples/worldstrat_sweet/UNHCR-BFAs004567/fourier_band_attention_area,/workspaces/scalef/optimize.py --dataset worldstrat_sweet --num_samples 16 --iters 2000 --batch_size 1 --optimizer adamw --learning_rate 2e-3 --weight_decay 0 --seed 6 --device cuda:1 --worldstrat_data_root worldstrat_datasets/worldstrat_sweet --df 4 --sample_id UNHCR-BFAs004567 --input_projection fourier --projection_dim 256 --fourier_scale 10 --network_depth 4 --network_hidden_dim 256 --weight_decay 0 --model fourier_band_attn --attn_token_dim 32 --fourier_num_bands 8 --log_attention --lr_degradation area --run_name fourier_band_attention_area --eval_crop_lr_size 64 --eval_crop_anchor topleft,"[0.1007138341665268, 0.1279333531856537, 0.14550024271011353, 0.1300688087940216, 0.10655658692121506, 0.10301065444946289, 0.10951936990022659, 0.17669717967510223]"
fourier_band_attention_s2_psf,6,worldstrat_sweet,UNHCR-BFAs004567,4,s2_psf,fourier_band_attn,fourier,8,48,2000,24.424095153808594,25.318777084350586,-0.8946819305419922,0.5358490347862244,0.5941672921180725,-0.058318257331848145,0.5796362161636353,0.5926018357276917,0.012965619564056396,False,64,256,1.9669480323791504,0.388033390045166,13.732744932174683,0.006866372466087341,16.878129243850708,0.08970596641302109,,,/workspaces/scalef/single_samples/worldstrat_sweet/UNHCR-BFAs004567/fourier_band_attention_s2_psf,/workspaces/scalef/optimize.py --dataset worldstrat_sweet --num_samples 16 --iters 2000 --batch_size 1 --optimizer adamw --learning_rate 2e-3 --weight_decay 0 --seed 6 --device cuda:1 --worldstrat_data_root worldstrat_datasets/worldstrat_sweet --df 4 --sample_id UNHCR-BFAs004567 --input_projection fourier --projection_dim 256 --fourier_scale 10 --network_depth 4 --network_hidden_dim 256 --weight_decay 0 --model fourier_band_attn --attn_token_dim 32 --fourier_num_bands 8 --log_attention --lr_degradation s2_psf --run_name fourier_band_attention_s2_psf --eval_crop_lr_size 64 --eval_crop_anchor topleft,"[0.10553216189146042, 0.12865306437015533, 0.14207623898983002, 0.1292833387851715, 0.10642178356647491, 0.10447202622890472, 0.10759124904870987, 0.1759701371192932]"
fourier_mlp_baseline_area,6,worldstrat_sweet,UNHCR-CMRs004042,4,area,mlp_tcnn,fourier,8,48,2000,30.784042358398438,30.961769104003906,-0.17772674560546875,0.7281436324119568,0.7311260104179382,-0.0029823780059814453,0.5304489135742188,0.5843502879142761,0.05390137434005737,False,64,256,,,7.740602254867554,0.0038703011274337767,10.973714590072632,0.19179177284240723,,,/workspaces/scalef/single_samples/worldstrat_sweet/UNHCR-CMRs004042/fourier_mlp_baseline_area,/workspaces/scalef/optimize.py --dataset worldstrat_sweet --num_samples 16 --iters 2000 --batch_size 1 --optimizer adamw --learning_rate 2e-3 --weight_decay 0 --seed 6 --device cuda:1 --worldstrat_data_root worldstrat_datasets/worldstrat_sweet --df 4 --sample_id UNHCR-CMRs004042 --input_projection fourier --projection_dim 256 --fourier_scale 10 --network_depth 4 --network_hidden_dim 256 --weight_decay 0 --model mlp_tcnn --tcnn_mlp_dtype fp16 --lr_degradation area --run_name fourier_mlp_baseline_area --eval_crop_lr_size 64 --eval_crop_anchor topleft,
fourier_mlp_baseline_s2_psf,6,worldstrat_sweet,UNHCR-CMRs004042,4,s2_psf,mlp_tcnn,fourier,8,48,2000,30.383630752563477,30.961769104003906,-0.5781383514404297,0.716742217540741,0.7311260104179382,-0.014383792877197266,0.4973389208316803,0.5843502879142761,0.08701136708259583,False,64,256,,,9.699116945266724,0.004849558472633362,12.8088960647583,0.1942991018295288,,,/workspaces/scalef/single_samples/worldstrat_sweet/UNHCR-CMRs004042/fourier_mlp_baseline_s2_psf,/workspaces/scalef/optimize.py --dataset worldstrat_sweet --num_samples 16 --iters 2000 --batch_size 1 --optimizer adamw --learning_rate 2e-3 --weight_decay 0 --seed 6 --device cuda:1 --worldstrat_data_root worldstrat_datasets/worldstrat_sweet --df 4 --sample_id UNHCR-CMRs004042 --input_projection fourier --projection_dim 256 --fourier_scale 10 --network_depth 4 --network_hidden_dim 256 --weight_decay 0 --model mlp_tcnn --tcnn_mlp_dtype fp16 --lr_degradation s2_psf --run_name fourier_mlp_baseline_s2_psf --eval_crop_lr_size 64 --eval_crop_anchor topleft,
hashgrid_mlp_baseline_area,6,worldstrat_sweet,UNHCR-CMRs004042,4,area,mlp_tcnn,hashgrid_tcnn,16,64,2000,30.733583450317383,30.961769104003906,-0.22818565368652344,0.7247254848480225,0.7311260104179382,-0.0064005255699157715,0.5084391832351685,0.5843502879142761,0.07591110467910767,False,64,256,,,8.21748661994934,0.004108743309974671,11.459954023361206,0.20227336883544922,,,/workspaces/scalef/single_samples/worldstrat_sweet/UNHCR-CMRs004042/hashgrid_mlp_baseline_area,/workspaces/scalef/optimize.py --dataset worldstrat_sweet --num_samples 16 --iters 2000 --batch_size 1 --optimizer adamw --learning_rate 2e-3 --weight_decay 0 --seed 6 --device cuda:1 --worldstrat_data_root worldstrat_datasets/worldstrat_sweet --df 4 --sample_id UNHCR-CMRs004042 --input_projection hashgrid --hash_n_levels 16 --hash_n_features_per_level 2 --hash_log2_hashmap_size 21 --hash_base_resolution 0 --hash_max_resolution 0 --hash_encoding_dtype fp32 --hash_encoding_preset smoothstep_grid --hash_grid_type Hash --network_depth 4 --network_hidden_dim 256 --weight_decay 0 --model mlp_tcnn --tcnn_mlp_dtype fp16 --lr_degradation area --run_name hashgrid_mlp_baseline_area --eval_crop_lr_size 64 --eval_crop_anchor topleft,
hashgrid_mlp_baseline_s2_psf,6,worldstrat_sweet,UNHCR-CMRs004042,4,s2_psf,mlp_tcnn,hashgrid_tcnn,16,64,2000,30.195810317993164,30.961769104003906,-0.7659587860107422,0.7057766914367676,0.7311260104179382,-0.025349318981170654,0.48125767707824707,0.5843502879142761,0.10309261083602905,False,64,256,,,9.626586675643921,0.00481329333782196,12.747746229171753,0.203760027885437,,,/workspaces/scalef/single_samples/worldstrat_sweet/UNHCR-CMRs004042/hashgrid_mlp_baseline_s2_psf,/workspaces/scalef/optimize.py --dataset worldstrat_sweet --num_samples 16 --iters 2000 --batch_size 1 --optimizer adamw --learning_rate 2e-3 --weight_decay 0 --seed 6 --device cuda:1 --worldstrat_data_root worldstrat_datasets/worldstrat_sweet --df 4 --sample_id UNHCR-CMRs004042 --input_projection hashgrid --hash_n_levels 16 --hash_n_features_per_level 2 --hash_log2_hashmap_size 21 --hash_base_resolution 0 --hash_max_resolution 0 --hash_encoding_dtype fp32 --hash_encoding_preset smoothstep_grid --hash_grid_type Hash --network_depth 4 --network_hidden_dim 256 --weight_decay 0 --model mlp_tcnn --tcnn_mlp_dtype fp16 --lr_degradation s2_psf --run_name hashgrid_mlp_baseline_s2_psf --eval_crop_lr_size 64 --eval_crop_anchor topleft,
hashgrid_level_attention_area,6,worldstrat_sweet,UNHCR-CMRs004042,4,area,hash_attn,hashgrid_tcnn,16,64,2000,30.90704917907715,30.961769104003906,-0.05471992492675781,0.7326287627220154,0.7311260104179382,0.0015027523040771484,0.519717812538147,0.5843502879142761,0.06463247537612915,False,64,256,1.8315367698669434,0.7415066957473755,13.956880569458008,0.006978440284729004,17.203763246536255,0.2071990817785263,,,/workspaces/scalef/single_samples/worldstrat_sweet/UNHCR-CMRs004042/hashgrid_level_attention_area,/workspaces/scalef/optimize.py --dataset worldstrat_sweet --num_samples 16 --iters 2000 --batch_size 1 --optimizer adamw --learning_rate 2e-3 --weight_decay 0 --seed 6 --device cuda:1 --worldstrat_data_root worldstrat_datasets/worldstrat_sweet --df 4 --sample_id UNHCR-CMRs004042 --input_projection hashgrid --hash_n_levels 16 --hash_n_features_per_level 2 --hash_log2_hashmap_size 21 --hash_base_resolution 0 --hash_max_resolution 0 --hash_encoding_dtype fp32 --hash_encoding_preset smoothstep_grid --hash_grid_type Hash --network_depth 4 --network_hidden_dim 256 --weight_decay 0 --model hash_attn --hash_attn_token_dim 32 --log_attention --lr_degradation area --run_name hashgrid_level_attention_area --eval_crop_lr_size 64 --eval_crop_anchor topleft,"[0.010443231090903282, 0.010888230986893177, 0.010077416896820068, 0.011013483628630638, 0.010390815325081348, 0.010593932121992111, 0.010867707431316376, 0.011534024961292744, 0.011923138052225113, 0.014933419413864613, 0.020048540085554123, 0.0245056189596653, 0.10127377510070801, 0.1530483067035675, 0.18495921790599823, 0.40349915623664856]"
hashgrid_level_attention_s2_psf,6,worldstrat_sweet,UNHCR-CMRs004042,4,s2_psf,hash_attn,hashgrid_tcnn,16,64,2000,30.45320701599121,30.961769104003906,-0.5085620880126953,0.7175025939941406,0.7311260104179382,-0.013623416423797607,0.4880821108818054,0.5843502879142761,0.0962681770324707,False,64,256,0.8931381702423096,0.9530434608459473,15.850593090057373,0.007925296545028687,18.99531316757202,0.2094578742980957,,,/workspaces/scalef/single_samples/worldstrat_sweet/UNHCR-CMRs004042/hashgrid_level_attention_s2_psf,/workspaces/scalef/optimize.py --dataset worldstrat_sweet --num_samples 16 --iters 2000 --batch_size 1 --optimizer adamw --learning_rate 2e-3 --weight_decay 0 --seed 6 --device cuda:1 --worldstrat_data_root worldstrat_datasets/worldstrat_sweet --df 4 --sample_id UNHCR-CMRs004042 --input_projection hashgrid --hash_n_levels 16 --hash_n_features_per_level 2 --hash_log2_hashmap_size 21 --hash_base_resolution 0 --hash_max_resolution 0 --hash_encoding_dtype fp32 --hash_encoding_preset smoothstep_grid --hash_grid_type Hash --network_depth 4 --network_hidden_dim 256 --weight_decay 0 --model hash_attn --hash_attn_token_dim 32 --log_attention --lr_degradation s2_psf --run_name hashgrid_level_attention_s2_psf --eval_crop_lr_size 64 --eval_crop_anchor topleft,"[0.0027098762802779675, 0.002661386039108038, 0.002469613216817379, 0.002657779026776552, 0.0024805073626339436, 0.0024416653905063868, 0.0024899509735405445, 0.002648815745487809, 0.0028625703416764736, 0.003560056211426854, 0.004248389974236488, 0.00505062285810709, 0.01067529246211052, 0.05280137062072754, 0.1659870147705078, 0.7342550754547119]"
fourier_band_attention_area,6,worldstrat_sweet,UNHCR-CMRs004042,4,area,fourier_band_attn,fourier,8,48,2000,30.43770408630371,30.961769104003906,-0.5240650177001953,0.7038789391517639,0.7311260104179382,-0.027247071266174316,0.5286004543304443,0.5843502879142761,0.05574983358383179,False,64,256,2.0221543312072754,0.38276252150535583,11.655694961547852,0.005827847480773926,14.875678062438965,0.24583379924297333,,,/workspaces/scalef/single_samples/worldstrat_sweet/UNHCR-CMRs004042/fourier_band_attention_area,/workspaces/scalef/optimize.py --dataset worldstrat_sweet --num_samples 16 --iters 2000 --batch_size 1 --optimizer adamw --learning_rate 2e-3 --weight_decay 0 --seed 6 --device cuda:1 --worldstrat_data_root worldstrat_datasets/worldstrat_sweet --df 4 --sample_id UNHCR-CMRs004042 --input_projection fourier --projection_dim 256 --fourier_scale 10 --network_depth 4 --network_hidden_dim 256 --weight_decay 0 --model fourier_band_attn --attn_token_dim 32 --fourier_num_bands 8 --log_attention --lr_degradation area --run_name fourier_band_attention_area --eval_crop_lr_size 64 --eval_crop_anchor topleft,"[0.10916373133659363, 0.1180010735988617, 0.13553892076015472, 0.12928947806358337, 0.12524425983428955, 0.11963670700788498, 0.1248568445444107, 0.13826896250247955]"
fourier_band_attention_s2_psf,6,worldstrat_sweet,UNHCR-CMRs004042,4,s2_psf,fourier_band_attn,fourier,8,48,2000,30.138568878173828,30.961769104003906,-0.8232002258300781,0.6891903281211853,0.7311260104179382,-0.04193568229675293,0.5222568511962891,0.5843502879142761,0.06209343671798706,False,64,256,2.009819984436035,0.37082964181900024,13.571220874786377,0.006785610437393189,16.709957361221313,0.2683424949645996,,,/workspaces/scalef/single_samples/worldstrat_sweet/UNHCR-CMRs004042/fourier_band_attention_s2_psf,/workspaces/scalef/optimize.py --dataset worldstrat_sweet --num_samples 16 --iters 2000 --batch_size 1 --optimizer adamw --learning_rate 2e-3 --weight_decay 0 --seed 6 --device cuda:1 --worldstrat_data_root worldstrat_datasets/worldstrat_sweet --df 4 --sample_id UNHCR-CMRs004042 --input_projection fourier --projection_dim 256 --fourier_scale 10 --network_depth 4 --network_hidden_dim 256 --weight_decay 0 --model fourier_band_attn --attn_token_dim 32 --fourier_num_bands 8 --log_attention --lr_degradation s2_psf --run_name fourier_band_attention_s2_psf --eval_crop_lr_size 64 --eval_crop_anchor topleft,"[0.11465410888195038, 0.11559069156646729, 0.14056621491909027, 0.12923236191272736, 0.12912696599960327, 0.11784059554338455, 0.1248398870229721, 0.12814918160438538]"
fourier_mlp_baseline_area,6,worldstrat_sweet,UNHCR-DJIs000145,4,area,mlp_tcnn,fourier,8,48,2000,28.7898006439209,28.723562240600586,0.0662384033203125,0.7852074503898621,0.7949489951133728,-0.009741544723510742,0.5077337026596069,0.5750718116760254,0.06733810901641846,False,64,256,,,8.039129257202148,0.004019564628601075,11.30238127708435,0.05269262194633484,,,/workspaces/scalef/single_samples/worldstrat_sweet/UNHCR-DJIs000145/fourier_mlp_baseline_area,/workspaces/scalef/optimize.py --dataset worldstrat_sweet --num_samples 16 --iters 2000 --batch_size 1 --optimizer adamw --learning_rate 2e-3 --weight_decay 0 --seed 6 --device cuda:1 --worldstrat_data_root worldstrat_datasets/worldstrat_sweet --df 4 --sample_id UNHCR-DJIs000145 --input_projection fourier --projection_dim 256 --fourier_scale 10 --network_depth 4 --network_hidden_dim 256 --weight_decay 0 --model mlp_tcnn --tcnn_mlp_dtype fp16 --lr_degradation area --run_name fourier_mlp_baseline_area --eval_crop_lr_size 64 --eval_crop_anchor topleft,
fourier_mlp_baseline_s2_psf,6,worldstrat_sweet,UNHCR-DJIs000145,4,s2_psf,mlp_tcnn,fourier,8,48,2000,28.418472290039062,28.723562240600586,-0.30508995056152344,0.7686412930488586,0.7949489951133728,-0.02630770206451416,0.4986514151096344,0.5750718116760254,0.07642039656639099,False,64,256,,,9.888312578201294,0.004944156289100647,13.033775329589844,0.053588300943374634,,,/workspaces/scalef/single_samples/worldstrat_sweet/UNHCR-DJIs000145/fourier_mlp_baseline_s2_psf,/workspaces/scalef/optimize.py --dataset worldstrat_sweet --num_samples 16 --iters 2000 --batch_size 1 --optimizer adamw --learning_rate 2e-3 --weight_decay 0 --seed 6 --device cuda:1 --worldstrat_data_root worldstrat_datasets/worldstrat_sweet --df 4 --sample_id UNHCR-DJIs000145 --input_projection fourier --projection_dim 256 --fourier_scale 10 --network_depth 4 --network_hidden_dim 256 --weight_decay 0 --model mlp_tcnn --tcnn_mlp_dtype fp16 --lr_degradation s2_psf --run_name fourier_mlp_baseline_s2_psf --eval_crop_lr_size 64 --eval_crop_anchor topleft,
hashgrid_mlp_baseline_area,6,worldstrat_sweet,UNHCR-DJIs000145,4,area,mlp_tcnn,hashgrid_tcnn,16,64,2000,28.756650924682617,28.723562240600586,0.03308868408203125,0.7848644256591797,0.7949489951133728,-0.010084569454193115,0.5088808536529541,0.5750718116760254,0.06619095802307129,False,64,256,,,7.835961103439331,0.003917980551719665,11.043978691101074,0.05399816855788231,,,/workspaces/scalef/single_samples/worldstrat_sweet/UNHCR-DJIs000145/hashgrid_mlp_baseline_area,/workspaces/scalef/optimize.py --dataset worldstrat_sweet --num_samples 16 --iters 2000 --batch_size 1 --optimizer adamw --learning_rate 2e-3 --weight_decay 0 --seed 6 --device cuda:1 --worldstrat_data_root worldstrat_datasets/worldstrat_sweet --df 4 --sample_id UNHCR-DJIs000145 --input_projection hashgrid --hash_n_levels 16 --hash_n_features_per_level 2 --hash_log2_hashmap_size 21 --hash_base_resolution 0 --hash_max_resolution 0 --hash_encoding_dtype fp32 --hash_encoding_preset smoothstep_grid --hash_grid_type Hash --network_depth 4 --network_hidden_dim 256 --weight_decay 0 --model mlp_tcnn --tcnn_mlp_dtype fp16 --lr_degradation area --run_name hashgrid_mlp_baseline_area --eval_crop_lr_size 64 --eval_crop_anchor topleft,
hashgrid_mlp_baseline_s2_psf,6,worldstrat_sweet,UNHCR-DJIs000145,4,s2_psf,mlp_tcnn,hashgrid_tcnn,16,64,2000,28.34502601623535,28.723562240600586,-0.3785362243652344,0.7643296122550964,0.7949489951133728,-0.030619382858276367,0.49428629875183105,0.5750718116760254,0.08078551292419434,False,64,256,,,9.795571088790894,0.004897785544395447,12.921470165252686,0.05441087484359741,,,/workspaces/scalef/single_samples/worldstrat_sweet/UNHCR-DJIs000145/hashgrid_mlp_baseline_s2_psf,/workspaces/scalef/optimize.py --dataset worldstrat_sweet --num_samples 16 --iters 2000 --batch_size 1 --optimizer adamw --learning_rate 2e-3 --weight_decay 0 --seed 6 --device cuda:1 --worldstrat_data_root worldstrat_datasets/worldstrat_sweet --df 4 --sample_id UNHCR-DJIs000145 --input_projection hashgrid --hash_n_levels 16 --hash_n_features_per_level 2 --hash_log2_hashmap_size 21 --hash_base_resolution 0 --hash_max_resolution 0 --hash_encoding_dtype fp32 --hash_encoding_preset smoothstep_grid --hash_grid_type Hash --network_depth 4 --network_hidden_dim 256 --weight_decay 0 --model mlp_tcnn --tcnn_mlp_dtype fp16 --lr_degradation s2_psf --run_name hashgrid_mlp_baseline_s2_psf --eval_crop_lr_size 64 --eval_crop_anchor topleft,
hashgrid_level_attention_area,6,worldstrat_sweet,UNHCR-DJIs000145,4,area,hash_attn,hashgrid_tcnn,16,64,2000,28.777021408081055,28.723562240600586,0.05345916748046875,0.7856417298316956,0.7949489951133728,-0.009307265281677246,0.5149163007736206,0.5750718116760254,0.060155510902404785,False,64,256,2.3972325325012207,0.5087411999702454,13.596339464187622,0.006798169732093811,16.796828031539917,0.05589195340871811,,,/workspaces/scalef/single_samples/worldstrat_sweet/UNHCR-DJIs000145/hashgrid_level_attention_area,/workspaces/scalef/optimize.py --dataset worldstrat_sweet --num_samples 16 --iters 2000 --batch_size 1 --optimizer adamw --learning_rate 2e-3 --weight_decay 0 --seed 6 --device cuda:1 --worldstrat_data_root worldstrat_datasets/worldstrat_sweet --df 4 --sample_id UNHCR-DJIs000145 --input_projection hashgrid --hash_n_levels 16 --hash_n_features_per_level 2 --hash_log2_hashmap_size 21 --hash_base_resolution 0 --hash_max_resolution 0 --hash_encoding_dtype fp32 --hash_encoding_preset smoothstep_grid --hash_grid_type Hash --network_depth 4 --network_hidden_dim 256 --weight_decay 0 --model hash_attn --hash_attn_token_dim 32 --log_attention --lr_degradation area --run_name hashgrid_level_attention_area --eval_crop_lr_size 64 --eval_crop_anchor topleft,"[0.022805150598287582, 0.02072824537754059, 0.02191944047808647, 0.027804292738437653, 0.021930750459432602, 0.029182132333517075, 0.03146378695964813, 0.030355842784047127, 0.03411342576146126, 0.0368383452296257, 0.04253508150577545, 0.07020343840122223, 0.1013789027929306, 0.12828081846237183, 0.1509477198123932, 0.22951263189315796]"
hashgrid_level_attention_s2_psf,6,worldstrat_sweet,UNHCR-DJIs000145,4,s2_psf,hash_attn,hashgrid_tcnn,16,64,2000,28.37790298461914,28.723562240600586,-0.3456592559814453,0.7669298052787781,0.7949489951133728,-0.028019189834594727,0.49537578225135803,0.5750718116760254,0.07969602942466736,False,64,256,1.9305291175842285,0.7141515016555786,15.147866487503052,0.007573933243751526,18.288630723953247,0.05611018091440201,,,/workspaces/scalef/single_samples/worldstrat_sweet/UNHCR-DJIs000145/hashgrid_level_attention_s2_psf,/workspaces/scalef/optimize.py --dataset worldstrat_sweet --num_samples 16 --iters 2000 --batch_size 1 --optimizer adamw --learning_rate 2e-3 --weight_decay 0 --seed 6 --device cuda:1 --worldstrat_data_root worldstrat_datasets/worldstrat_sweet --df 4 --sample_id UNHCR-DJIs000145 --input_projection hashgrid --hash_n_levels 16 --hash_n_features_per_level 2 --hash_log2_hashmap_size 21 --hash_base_resolution 0 --hash_max_resolution 0 --hash_encoding_dtype fp32 --hash_encoding_preset smoothstep_grid --hash_grid_type Hash --network_depth 4 --network_hidden_dim 256 --weight_decay 0 --model hash_attn --hash_attn_token_dim 32 --log_attention --lr_degradation s2_psf --run_name hashgrid_level_attention_s2_psf --eval_crop_lr_size 64 --eval_crop_anchor topleft,"[0.014263547956943512, 0.01301401387900114, 0.014251540414988995, 0.016337983310222626, 0.01372857391834259, 0.017992863431572914, 0.018194181844592094, 0.01801099255681038, 0.019421957433223724, 0.021684253588318825, 0.025558587163686752, 0.03712768107652664, 0.05626235902309418, 0.11681930720806122, 0.17641857266426086, 0.42091357707977295]"
fourier_band_attention_area,6,worldstrat_sweet,UNHCR-DJIs000145,4,area,fourier_band_attn,fourier,8,48,2000,28.894777297973633,28.723562240600586,0.17121505737304688,0.7842893600463867,0.7949489951133728,-0.010659635066986084,0.5306830406188965,0.5750718116760254,0.044388771057128906,False,64,256,1.9600738286972046,0.4391264319419861,11.673373699188232,0.005836686849594116,14.890308618545532,0.06658799201250076,,,/workspaces/scalef/single_samples/worldstrat_sweet/UNHCR-DJIs000145/fourier_band_attention_area,/workspaces/scalef/optimize.py --dataset worldstrat_sweet --num_samples 16 --iters 2000 --batch_size 1 --optimizer adamw --learning_rate 2e-3 --weight_decay 0 --seed 6 --device cuda:1 --worldstrat_data_root worldstrat_datasets/worldstrat_sweet --df 4 --sample_id UNHCR-DJIs000145 --input_projection fourier --projection_dim 256 --fourier_scale 10 --network_depth 4 --network_hidden_dim 256 --weight_decay 0 --model fourier_band_attn --attn_token_dim 32 --fourier_num_bands 8 --log_attention --lr_degradation area --run_name fourier_band_attention_area --eval_crop_lr_size 64 --eval_crop_anchor topleft,"[0.12336699664592743, 0.11741824448108673, 0.08394657075405121, 0.150038480758667, 0.08610327541828156, 0.11141984164714813, 0.0875314325094223, 0.24017515778541565]"
fourier_band_attention_s2_psf,6,worldstrat_sweet,UNHCR-DJIs000145,4,s2_psf,fourier_band_attn,fourier,8,48,2000,28.533172607421875,28.723562240600586,-0.19038963317871094,0.765195906162262,0.7949489951133728,-0.02975308895111084,0.5274002552032471,0.5750718116760254,0.04767155647277832,False,64,256,1.9771203994750977,0.4211140275001526,13.595414161682129,0.006797707080841065,16.770507097244263,0.06703253090381622,,,/workspaces/scalef/single_samples/worldstrat_sweet/UNHCR-DJIs000145/fourier_band_attention_s2_psf,/workspaces/scalef/optimize.py --dataset worldstrat_sweet --num_samples 16 --iters 2000 --batch_size 1 --optimizer adamw --learning_rate 2e-3 --weight_decay 0 --seed 6 --device cuda:1 --worldstrat_data_root worldstrat_datasets/worldstrat_sweet --df 4 --sample_id UNHCR-DJIs000145 --input_projection fourier --projection_dim 256 --fourier_scale 10 --network_depth 4 --network_hidden_dim 256 --weight_decay 0 --model fourier_band_attn --attn_token_dim 32 --fourier_num_bands 8 --log_attention --lr_degradation s2_psf --run_name fourier_band_attention_s2_psf --eval_crop_lr_size 64 --eval_crop_anchor topleft,"[0.1283266246318817, 0.12450670450925827, 0.09118291735649109, 0.14243562519550323, 0.09243409335613251, 0.11322906613349915, 0.09415513277053833, 0.2137298285961151]"
fourier_mlp_baseline_area,6,worldstrat_sweet,UNHCR-GRCs000069,4,area,mlp_tcnn,fourier,8,48,2000,22.42454719543457,22.94284439086914,-0.5182971954345703,0.6041502952575684,0.6370585560798645,-0.03290826082229614,0.4826434850692749,0.5419168472290039,0.059273362159729004,False,64,256,,,7.556702375411987,0.0037783511877059936,10.76462697982788,0.026438746601343155,,,/workspaces/scalef/single_samples/worldstrat_sweet/UNHCR-GRCs000069/fourier_mlp_baseline_area,/workspaces/scalef/optimize.py --dataset worldstrat_sweet --num_samples 16 --iters 2000 --batch_size 1 --optimizer adamw --learning_rate 2e-3 --weight_decay 0 --seed 6 --device cuda:1 --worldstrat_data_root worldstrat_datasets/worldstrat_sweet --df 4 --sample_id UNHCR-GRCs000069 --input_projection fourier --projection_dim 256 --fourier_scale 10 --network_depth 4 --network_hidden_dim 256 --weight_decay 0 --model mlp_tcnn --tcnn_mlp_dtype fp16 --lr_degradation area --run_name fourier_mlp_baseline_area --eval_crop_lr_size 64 --eval_crop_anchor topleft,
fourier_mlp_baseline_s2_psf,6,worldstrat_sweet,UNHCR-GRCs000069,4,s2_psf,mlp_tcnn,fourier,8,48,2000,22.05619239807129,22.94284439086914,-0.8866519927978516,0.5803235173225403,0.6370585560798645,-0.05673503875732422,0.47668471932411194,0.5419168472290039,0.06523212790489197,False,64,256,,,9.786436319351196,0.004893218159675598,12.926599025726318,0.029518913477659225,,,/workspaces/scalef/single_samples/worldstrat_sweet/UNHCR-GRCs000069/fourier_mlp_baseline_s2_psf,/workspaces/scalef/optimize.py --dataset worldstrat_sweet --num_samples 16 --iters 2000 --batch_size 1 --optimizer adamw --learning_rate 2e-3 --weight_decay 0 --seed 6 --device cuda:1 --worldstrat_data_root worldstrat_datasets/worldstrat_sweet --df 4 --sample_id UNHCR-GRCs000069 --input_projection fourier --projection_dim 256 --fourier_scale 10 --network_depth 4 --network_hidden_dim 256 --weight_decay 0 --model mlp_tcnn --tcnn_mlp_dtype fp16 --lr_degradation s2_psf --run_name fourier_mlp_baseline_s2_psf --eval_crop_lr_size 64 --eval_crop_anchor topleft,
hashgrid_mlp_baseline_area,6,worldstrat_sweet,UNHCR-GRCs000069,4,area,mlp_tcnn,hashgrid_tcnn,16,64,2000,22.427061080932617,22.94284439086914,-0.5157833099365234,0.605143129825592,0.6370585560798645,-0.03191542625427246,0.49357831478118896,0.5419168472290039,0.04833853244781494,False,64,256,,,7.770772933959961,0.0038853864669799805,10.995942831039429,0.02767765149474144,,,/workspaces/scalef/single_samples/worldstrat_sweet/UNHCR-GRCs000069/hashgrid_mlp_baseline_area,/workspaces/scalef/optimize.py --dataset worldstrat_sweet --num_samples 16 --iters 2000 --batch_size 1 --optimizer adamw --learning_rate 2e-3 --weight_decay 0 --seed 6 --device cuda:1 --worldstrat_data_root worldstrat_datasets/worldstrat_sweet --df 4 --sample_id UNHCR-GRCs000069 --input_projection hashgrid --hash_n_levels 16 --hash_n_features_per_level 2 --hash_log2_hashmap_size 21 --hash_base_resolution 0 --hash_max_resolution 0 --hash_encoding_dtype fp32 --hash_encoding_preset smoothstep_grid --hash_grid_type Hash --network_depth 4 --network_hidden_dim 256 --weight_decay 0 --model mlp_tcnn --tcnn_mlp_dtype fp16 --lr_degradation area --run_name hashgrid_mlp_baseline_area --eval_crop_lr_size 64 --eval_crop_anchor topleft,
hashgrid_mlp_baseline_s2_psf,6,worldstrat_sweet,UNHCR-GRCs000069,4,s2_psf,mlp_tcnn,hashgrid_tcnn,16,64,2000,22.036022186279297,22.94284439086914,-0.9068222045898438,0.5792157053947449,0.6370585560798645,-0.05784285068511963,0.4840427041053772,0.5419168472290039,0.05787414312362671,False,64,256,,,10.243910789489746,0.005121955394744873,13.305007696151733,0.029832083731889725,,,/workspaces/scalef/single_samples/worldstrat_sweet/UNHCR-GRCs000069/hashgrid_mlp_baseline_s2_psf,/workspaces/scalef/optimize.py --dataset worldstrat_sweet --num_samples 16 --iters 2000 --batch_size 1 --optimizer adamw --learning_rate 2e-3 --weight_decay 0 --seed 6 --device cuda:1 --worldstrat_data_root worldstrat_datasets/worldstrat_sweet --df 4 --sample_id UNHCR-GRCs000069 --input_projection hashgrid --hash_n_levels 16 --hash_n_features_per_level 2 --hash_log2_hashmap_size 21 --hash_base_resolution 0 --hash_max_resolution 0 --hash_encoding_dtype fp32 --hash_encoding_preset smoothstep_grid --hash_grid_type Hash --network_depth 4 --network_hidden_dim 256 --weight_decay 0 --model mlp_tcnn --tcnn_mlp_dtype fp16 --lr_degradation s2_psf --run_name hashgrid_mlp_baseline_s2_psf --eval_crop_lr_size 64 --eval_crop_anchor topleft,
hashgrid_level_attention_area,6,worldstrat_sweet,UNHCR-GRCs000069,4,area,hash_attn,hashgrid_tcnn,16,64,2000,22.46889877319336,22.94284439086914,-0.47394561767578125,0.6095736622810364,0.6370585560798645,-0.027484893798828125,0.4896705448627472,0.5419168472290039,0.052246302366256714,False,64,256,2.5590851306915283,0.41249868273735046,13.846090078353882,0.006923045039176941,17.06099796295166,0.02932317927479744,,,/workspaces/scalef/single_samples/worldstrat_sweet/UNHCR-GRCs000069/hashgrid_level_attention_area,/workspaces/scalef/optimize.py --dataset worldstrat_sweet --num_samples 16 --iters 2000 --batch_size 1 --optimizer adamw --learning_rate 2e-3 --weight_decay 0 --seed 6 --device cuda:1 --worldstrat_data_root worldstrat_datasets/worldstrat_sweet --df 4 --sample_id UNHCR-GRCs000069 --input_projection hashgrid --hash_n_levels 16 --hash_n_features_per_level 2 --hash_log2_hashmap_size 21 --hash_base_resolution 0 --hash_max_resolution 0 --hash_encoding_dtype fp32 --hash_encoding_preset smoothstep_grid --hash_grid_type Hash --network_depth 4 --network_hidden_dim 256 --weight_decay 0 --model hash_attn --hash_attn_token_dim 32 --log_attention --lr_degradation area --run_name hashgrid_level_attention_area --eval_crop_lr_size 64 --eval_crop_anchor topleft,"[0.033817093819379807, 0.03406025096774101, 0.03641282021999359, 0.03396597504615784, 0.038043662905693054, 0.03793572634458542, 0.03702329844236374, 0.04011157900094986, 0.040926218032836914, 0.05030661076307297, 0.05848317965865135, 0.06019876152276993, 0.08621612191200256, 0.10506658256053925, 0.13646939396858215, 0.17096270620822906]"
hashgrid_level_attention_s2_psf,6,worldstrat_sweet,UNHCR-GRCs000069,4,s2_psf,hash_attn,hashgrid_tcnn,16,64,2000,22.07628059387207,22.94284439086914,-0.8665637969970703,0.582883894443512,0.6370585560798645,-0.05417466163635254,0.476940393447876,0.5419168472290039,0.06497645378112793,False,64,256,2.3990416526794434,0.5114765167236328,15.800525903701782,0.007900262951850891,18.983251810073853,0.030913664028048515,,,/workspaces/scalef/single_samples/worldstrat_sweet/UNHCR-GRCs000069/hashgrid_level_attention_s2_psf,/workspaces/scalef/optimize.py --dataset worldstrat_sweet --num_samples 16 --iters 2000 --batch_size 1 --optimizer adamw --learning_rate 2e-3 --weight_decay 0 --seed 6 --device cuda:1 --worldstrat_data_root worldstrat_datasets/worldstrat_sweet --df 4 --sample_id UNHCR-GRCs000069 --input_projection hashgrid --hash_n_levels 16 --hash_n_features_per_level 2 --hash_log2_hashmap_size 21 --hash_base_resolution 0 --hash_max_resolution 0 --hash_encoding_dtype fp32 --hash_encoding_preset smoothstep_grid --hash_grid_type Hash --network_depth 4 --network_hidden_dim 256 --weight_decay 0 --model hash_attn --hash_attn_token_dim 32 --log_attention --lr_degradation s2_psf --run_name hashgrid_level_attention_s2_psf --eval_crop_lr_size 64 --eval_crop_anchor topleft,"[0.028243206441402435, 0.028565621003508568, 0.030306952074170113, 0.027804680168628693, 0.031702637672424316, 0.03246193751692772, 0.030980531126260757, 0.03424818813800812, 0.03466056287288666, 0.04281259700655937, 0.047271233052015305, 0.048603542149066925, 0.07086184620857239, 0.10699138045310974, 0.15766116976737976, 0.24682390689849854]"
fourier_band_attention_area,6,worldstrat_sweet,UNHCR-GRCs000069,4,area,fourier_band_attn,fourier,8,48,2000,22.25963592529297,22.94284439086914,-0.6832084655761719,0.582943856716156,0.6370585560798645,-0.054114699363708496,0.5503525733947754,0.5419168472290039,-0.008435726165771484,False,64,256,1.9591646194458008,0.482628732919693,11.689154148101807,0.0058445770740509035,15.004109621047974,0.037256017327308655,,,/workspaces/scalef/single_samples/worldstrat_sweet/UNHCR-GRCs000069/fourier_band_attention_area,/workspaces/scalef/optimize.py --dataset worldstrat_sweet --num_samples 16 --iters 2000 --batch_size 1 --optimizer adamw --learning_rate 2e-3 --weight_decay 0 --seed 6 --device cuda:1 --worldstrat_data_root worldstrat_datasets/worldstrat_sweet --df 4 --sample_id UNHCR-GRCs000069 --input_projection fourier --projection_dim 256 --fourier_scale 10 --network_depth 4 --network_hidden_dim 256 --weight_decay 0 --model fourier_band_attn --attn_token_dim 32 --fourier_num_bands 8 --log_attention --lr_degradation area --run_name fourier_band_attention_area --eval_crop_lr_size 64 --eval_crop_anchor topleft,"[0.08967861533164978, 0.11446551233530045, 0.08741593360900879, 0.13206961750984192, 0.09374159574508667, 0.12647992372512817, 0.10445327311754227, 0.25169554352760315]"
fourier_band_attention_s2_psf,6,worldstrat_sweet,UNHCR-GRCs000069,4,s2_psf,fourier_band_attn,fourier,8,48,2000,21.837621688842773,22.94284439086914,-1.1052227020263672,0.5374557971954346,0.6370585560798645,-0.09960275888442993,0.5606794953346252,0.5419168472290039,-0.018762648105621338,False,64,256,1.9546873569488525,0.4767172336578369,13.578932523727417,0.006789466261863709,16.75749635696411,0.0391499400138855,,,/workspaces/scalef/single_samples/worldstrat_sweet/UNHCR-GRCs000069/fourier_band_attention_s2_psf,/workspaces/scalef/optimize.py --dataset worldstrat_sweet --num_samples 16 --iters 2000 --batch_size 1 --optimizer adamw --learning_rate 2e-3 --weight_decay 0 --seed 6 --device cuda:1 --worldstrat_data_root worldstrat_datasets/worldstrat_sweet --df 4 --sample_id UNHCR-GRCs000069 --input_projection fourier --projection_dim 256 --fourier_scale 10 --network_depth 4 --network_hidden_dim 256 --weight_decay 0 --model fourier_band_attn --attn_token_dim 32 --fourier_num_bands 8 --log_attention --lr_degradation s2_psf --run_name fourier_band_attention_s2_psf --eval_crop_lr_size 64 --eval_crop_anchor topleft,"[0.09836456179618835, 0.12071678042411804, 0.08750405162572861, 0.12158484756946564, 0.09511253982782364, 0.1335793435573578, 0.11387728899717331, 0.22926059365272522]"
fourier_mlp_baseline_area,6,worldstrat_sweet,UNHCR-IRQs035003,4,area,mlp_tcnn,fourier,8,48,2000,22.288066864013672,21.82172203063965,0.46634483337402344,0.5284189581871033,0.5473554730415344,-0.018936514854431152,0.5596620440483093,0.6159412860870361,0.05627924203872681,False,64,256,,,7.8250720500946045,0.003912536025047302,11.050705432891846,0.3451024889945984,,,/workspaces/scalef/single_samples/worldstrat_sweet/UNHCR-IRQs035003/fourier_mlp_baseline_area,/workspaces/scalef/optimize.py --dataset worldstrat_sweet --num_samples 16 --iters 2000 --batch_size 1 --optimizer adamw --learning_rate 2e-3 --weight_decay 0 --seed 6 --device cuda:1 --worldstrat_data_root worldstrat_datasets/worldstrat_sweet --df 4 --sample_id UNHCR-IRQs035003 --input_projection fourier --projection_dim 256 --fourier_scale 10 --network_depth 4 --network_hidden_dim 256 --weight_decay 0 --model mlp_tcnn --tcnn_mlp_dtype fp16 --lr_degradation area --run_name fourier_mlp_baseline_area --eval_crop_lr_size 64 --eval_crop_anchor topleft,
fourier_mlp_baseline_s2_psf,6,worldstrat_sweet,UNHCR-IRQs035003,4,s2_psf,mlp_tcnn,fourier,8,48,2000,22.156572341918945,21.82172203063965,0.3348503112792969,0.5134112238883972,0.5473554730415344,-0.03394424915313721,0.5448237061500549,0.6159412860870361,0.0711175799369812,False,64,256,,,9.996930360794067,0.004998465180397034,13.176657438278198,0.3508000373840332,,,/workspaces/scalef/single_samples/worldstrat_sweet/UNHCR-IRQs035003/fourier_mlp_baseline_s2_psf,/workspaces/scalef/optimize.py --dataset worldstrat_sweet --num_samples 16 --iters 2000 --batch_size 1 --optimizer adamw --learning_rate 2e-3 --weight_decay 0 --seed 6 --device cuda:1 --worldstrat_data_root worldstrat_datasets/worldstrat_sweet --df 4 --sample_id UNHCR-IRQs035003 --input_projection fourier --projection_dim 256 --fourier_scale 10 --network_depth 4 --network_hidden_dim 256 --weight_decay 0 --model mlp_tcnn --tcnn_mlp_dtype fp16 --lr_degradation s2_psf --run_name fourier_mlp_baseline_s2_psf --eval_crop_lr_size 64 --eval_crop_anchor topleft,
hashgrid_mlp_baseline_area,6,worldstrat_sweet,UNHCR-IRQs035003,4,area,mlp_tcnn,hashgrid_tcnn,16,64,2000,22.2706356048584,21.82172203063965,0.44891357421875,0.5232470631599426,0.5473554730415344,-0.024108409881591797,0.5570392608642578,0.6159412860870361,0.05890202522277832,False,64,256,,,7.883673667907715,0.003941836833953857,11.093317985534668,0.34435567259788513,,,/workspaces/scalef/single_samples/worldstrat_sweet/UNHCR-IRQs035003/hashgrid_mlp_baseline_area,/workspaces/scalef/optimize.py --dataset worldstrat_sweet --num_samples 16 --iters 2000 --batch_size 1 --optimizer adamw --learning_rate 2e-3 --weight_decay 0 --seed 6 --device cuda:1 --worldstrat_data_root worldstrat_datasets/worldstrat_sweet --df 4 --sample_id UNHCR-IRQs035003 --input_projection hashgrid --hash_n_levels 16 --hash_n_features_per_level 2 --hash_log2_hashmap_size 21 --hash_base_resolution 0 --hash_max_resolution 0 --hash_encoding_dtype fp32 --hash_encoding_preset smoothstep_grid --hash_grid_type Hash --network_depth 4 --network_hidden_dim 256 --weight_decay 0 --model mlp_tcnn --tcnn_mlp_dtype fp16 --lr_degradation area --run_name hashgrid_mlp_baseline_area --eval_crop_lr_size 64 --eval_crop_anchor topleft,
hashgrid_mlp_baseline_s2_psf,6,worldstrat_sweet,UNHCR-IRQs035003,4,s2_psf,mlp_tcnn,hashgrid_tcnn,16,64,2000,22.107450485229492,21.82172203063965,0.28572845458984375,0.5011174082756042,0.5473554730415344,-0.046238064765930176,0.5401610136032104,0.6159412860870361,0.07578027248382568,False,64,256,,,10.017048835754395,0.0050085244178771976,13.150640487670898,0.350036084651947,,,/workspaces/scalef/single_samples/worldstrat_sweet/UNHCR-IRQs035003/hashgrid_mlp_baseline_s2_psf,/workspaces/scalef/optimize.py --dataset worldstrat_sweet --num_samples 16 --iters 2000 --batch_size 1 --optimizer adamw --learning_rate 2e-3 --weight_decay 0 --seed 6 --device cuda:1 --worldstrat_data_root worldstrat_datasets/worldstrat_sweet --df 4 --sample_id UNHCR-IRQs035003 --input_projection hashgrid --hash_n_levels 16 --hash_n_features_per_level 2 --hash_log2_hashmap_size 21 --hash_base_resolution 0 --hash_max_resolution 0 --hash_encoding_dtype fp32 --hash_encoding_preset smoothstep_grid --hash_grid_type Hash --network_depth 4 --network_hidden_dim 256 --weight_decay 0 --model mlp_tcnn --tcnn_mlp_dtype fp16 --lr_degradation s2_psf --run_name hashgrid_mlp_baseline_s2_psf --eval_crop_lr_size 64 --eval_crop_anchor topleft,
hashgrid_level_attention_area,6,worldstrat_sweet,UNHCR-IRQs035003,4,area,hash_attn,hashgrid_tcnn,16,64,2000,22.351682662963867,21.82172203063965,0.5299606323242188,0.5371842980384827,0.5473554730415344,-0.010171175003051758,0.5679764151573181,0.6159412860870361,0.04796487092971802,False,64,256,2.3000030517578125,0.5893226861953735,13.930715560913086,0.006965357780456543,17.179482221603394,0.3576279580593109,,,/workspaces/scalef/single_samples/worldstrat_sweet/UNHCR-IRQs035003/hashgrid_level_attention_area,/workspaces/scalef/optimize.py --dataset worldstrat_sweet --num_samples 16 --iters 2000 --batch_size 1 --optimizer adamw --learning_rate 2e-3 --weight_decay 0 --seed 6 --device cuda:1 --worldstrat_data_root worldstrat_datasets/worldstrat_sweet --df 4 --sample_id UNHCR-IRQs035003 --input_projection hashgrid --hash_n_levels 16 --hash_n_features_per_level 2 --hash_log2_hashmap_size 21 --hash_base_resolution 0 --hash_max_resolution 0 --hash_encoding_dtype fp32 --hash_encoding_preset smoothstep_grid --hash_grid_type Hash --network_depth 4 --network_hidden_dim 256 --weight_decay 0 --model hash_attn --hash_attn_token_dim 32 --log_attention --lr_degradation area --run_name hashgrid_level_attention_area --eval_crop_lr_size 64 --eval_crop_anchor topleft,"[0.02807656303048134, 0.02803703024983406, 0.027221694588661194, 0.02667955309152603, 0.02610488422214985, 0.024184472858905792, 0.022961683571338654, 0.023131314665079117, 0.023336704820394516, 0.02324831858277321, 0.027617979794740677, 0.0508902333676815, 0.07918690145015717, 0.14068284630775452, 0.17939290404319763, 0.2692469358444214]"
hashgrid_level_attention_s2_psf,6,worldstrat_sweet,UNHCR-IRQs035003,4,s2_psf,hash_attn,hashgrid_tcnn,16,64,2000,22.210866928100586,21.82172203063965,0.3891448974609375,0.518469512462616,0.5473554730415344,-0.028885960578918457,0.5465874671936035,0.6159412860870361,0.06935381889343262,False,64,256,1.3551644086837769,0.8707094192504883,15.346875667572021,0.007673437833786011,18.452911376953125,0.3570374846458435,,,/workspaces/scalef/single_samples/worldstrat_sweet/UNHCR-IRQs035003/hashgrid_level_attention_s2_psf,/workspaces/scalef/optimize.py --dataset worldstrat_sweet --num_samples 16 --iters 2000 --batch_size 1 --optimizer adamw --learning_rate 2e-3 --weight_decay 0 --seed 6 --device cuda:1 --worldstrat_data_root worldstrat_datasets/worldstrat_sweet --df 4 --sample_id UNHCR-IRQs035003 --input_projection hashgrid --hash_n_levels 16 --hash_n_features_per_level 2 --hash_log2_hashmap_size 21 --hash_base_resolution 0 --hash_max_resolution 0 --hash_encoding_dtype fp32 --hash_encoding_preset smoothstep_grid --hash_grid_type Hash --network_depth 4 --network_hidden_dim 256 --weight_decay 0 --model hash_attn --hash_attn_token_dim 32 --log_attention --lr_degradation s2_psf --run_name hashgrid_level_attention_s2_psf --eval_crop_lr_size 64 --eval_crop_anchor topleft,"[0.011008073575794697, 0.010950176045298576, 0.010255269706249237, 0.009919574484229088, 0.009362360462546349, 0.008186289109289646, 0.0077061099000275135, 0.007457004860043526, 0.007084181532263756, 0.006406767759472132, 0.007773807737976313, 0.01268369983881712, 0.020497232675552368, 0.07015097886323929, 0.18744727969169617, 0.6131111979484558]"
fourier_band_attention_area,6,worldstrat_sweet,UNHCR-IRQs035003,4,area,fourier_band_attn,fourier,8,48,2000,22.371448516845703,21.82172203063965,0.5497264862060547,0.5263414978981018,0.5473554730415344,-0.021013975143432617,0.5910031199455261,0.6159412860870361,0.02493816614151001,False,64,256,2.0227067470550537,0.40555936098098755,12.073623180389404,0.006036811590194703,15.309065580368042,0.393512099981308,,,/workspaces/scalef/single_samples/worldstrat_sweet/UNHCR-IRQs035003/fourier_band_attention_area,/workspaces/scalef/optimize.py --dataset worldstrat_sweet --num_samples 16 --iters 2000 --batch_size 1 --optimizer adamw --learning_rate 2e-3 --weight_decay 0 --seed 6 --device cuda:1 --worldstrat_data_root worldstrat_datasets/worldstrat_sweet --df 4 --sample_id UNHCR-IRQs035003 --input_projection fourier --projection_dim 256 --fourier_scale 10 --network_depth 4 --network_hidden_dim 256 --weight_decay 0 --model fourier_band_attn --attn_token_dim 32 --fourier_num_bands 8 --log_attention --lr_degradation area --run_name fourier_band_attention_area --eval_crop_lr_size 64 --eval_crop_anchor topleft,"[0.1064894050359726, 0.11126133054494858, 0.1342753767967224, 0.13408797979354858, 0.10832656919956207, 0.12593188881874084, 0.10867145657539368, 0.17095598578453064]"
fourier_band_attention_s2_psf,6,worldstrat_sweet,UNHCR-IRQs035003,4,s2_psf,fourier_band_attn,fourier,8,48,2000,22.2861385345459,21.82172203063965,0.46441650390625,0.5101065039634705,0.5473554730415344,-0.037248969078063965,0.597986102104187,0.6159412860870361,0.01795518398284912,False,64,256,2.013361930847168,0.396124929189682,13.57272458076477,0.0067863622903823854,16.772400617599487,0.39278292655944824,,,/workspaces/scalef/single_samples/worldstrat_sweet/UNHCR-IRQs035003/fourier_band_attention_s2_psf,/workspaces/scalef/optimize.py --dataset worldstrat_sweet --num_samples 16 --iters 2000 --batch_size 1 --optimizer adamw --learning_rate 2e-3 --weight_decay 0 --seed 6 --device cuda:1 --worldstrat_data_root worldstrat_datasets/worldstrat_sweet --df 4 --sample_id UNHCR-IRQs035003 --input_projection fourier --projection_dim 256 --fourier_scale 10 --network_depth 4 --network_hidden_dim 256 --weight_decay 0 --model fourier_band_attn --attn_token_dim 32 --fourier_num_bands 8 --log_attention --lr_degradation s2_psf --run_name fourier_band_attention_s2_psf --eval_crop_lr_size 64 --eval_crop_anchor topleft,"[0.10638242214918137, 0.11485542356967926, 0.1361297369003296, 0.1355181783437729, 0.11098930239677429, 0.12483437359333038, 0.1102806106209755, 0.16100995242595673]"
fourier_mlp_baseline_area,6,worldstrat_sweet,UNHCR-IRQs035120,4,area,mlp_tcnn,fourier,8,48,2000,27.518657684326172,27.777984619140625,-0.2593269348144531,0.6583957672119141,0.6827484965324402,-0.024352729320526123,0.5342249870300293,0.586898684501648,0.05267369747161865,False,64,256,,,7.999508380889893,0.003999754190444947,11.24238395690918,0.029803305864334106,,,/workspaces/scalef/single_samples/worldstrat_sweet/UNHCR-IRQs035120/fourier_mlp_baseline_area,/workspaces/scalef/optimize.py --dataset worldstrat_sweet --num_samples 16 --iters 2000 --batch_size 1 --optimizer adamw --learning_rate 2e-3 --weight_decay 0 --seed 6 --device cuda:1 --worldstrat_data_root worldstrat_datasets/worldstrat_sweet --df 4 --sample_id UNHCR-IRQs035120 --input_projection fourier --projection_dim 256 --fourier_scale 10 --network_depth 4 --network_hidden_dim 256 --weight_decay 0 --model mlp_tcnn --tcnn_mlp_dtype fp16 --lr_degradation area --run_name fourier_mlp_baseline_area --eval_crop_lr_size 64 --eval_crop_anchor topleft,
fourier_mlp_baseline_s2_psf,6,worldstrat_sweet,UNHCR-IRQs035120,4,s2_psf,mlp_tcnn,fourier,8,48,2000,27.03631591796875,27.777984619140625,-0.741668701171875,0.6354033350944519,0.6827484965324402,-0.04734516143798828,0.5178378224372864,0.586898684501648,0.06906086206436157,False,64,256,,,10.165903091430664,0.005082951545715332,13.303820610046387,0.03174065798521042,,,/workspaces/scalef/single_samples/worldstrat_sweet/UNHCR-IRQs035120/fourier_mlp_baseline_s2_psf,/workspaces/scalef/optimize.py --dataset worldstrat_sweet --num_samples 16 --iters 2000 --batch_size 1 --optimizer adamw --learning_rate 2e-3 --weight_decay 0 --seed 6 --device cuda:1 --worldstrat_data_root worldstrat_datasets/worldstrat_sweet --df 4 --sample_id UNHCR-IRQs035120 --input_projection fourier --projection_dim 256 --fourier_scale 10 --network_depth 4 --network_hidden_dim 256 --weight_decay 0 --model mlp_tcnn --tcnn_mlp_dtype fp16 --lr_degradation s2_psf --run_name fourier_mlp_baseline_s2_psf --eval_crop_lr_size 64 --eval_crop_anchor topleft,
hashgrid_mlp_baseline_area,6,worldstrat_sweet,UNHCR-IRQs035120,4,area,mlp_tcnn,hashgrid_tcnn,16,64,2000,27.531173706054688,27.777984619140625,-0.2468109130859375,0.6564121842384338,0.6827484965324402,-0.026336312294006348,0.533717155456543,0.586898684501648,0.05318152904510498,False,64,256,,,7.654881715774536,0.0038274408578872683,10.889872312545776,0.03099191002547741,,,/workspaces/scalef/single_samples/worldstrat_sweet/UNHCR-IRQs035120/hashgrid_mlp_baseline_area,/workspaces/scalef/optimize.py --dataset worldstrat_sweet --num_samples 16 --iters 2000 --batch_size 1 --optimizer adamw --learning_rate 2e-3 --weight_decay 0 --seed 6 --device cuda:1 --worldstrat_data_root worldstrat_datasets/worldstrat_sweet --df 4 --sample_id UNHCR-IRQs035120 --input_projection hashgrid --hash_n_levels 16 --hash_n_features_per_level 2 --hash_log2_hashmap_size 21 --hash_base_resolution 0 --hash_max_resolution 0 --hash_encoding_dtype fp32 --hash_encoding_preset smoothstep_grid --hash_grid_type Hash --network_depth 4 --network_hidden_dim 256 --weight_decay 0 --model mlp_tcnn --tcnn_mlp_dtype fp16 --lr_degradation area --run_name hashgrid_mlp_baseline_area --eval_crop_lr_size 64 --eval_crop_anchor topleft,
hashgrid_mlp_baseline_s2_psf,6,worldstrat_sweet,UNHCR-IRQs035120,4,s2_psf,mlp_tcnn,hashgrid_tcnn,16,64,2000,26.97239875793457,27.777984619140625,-0.8055858612060547,0.6249234080314636,0.6827484965324402,-0.05782508850097656,0.5187490582466125,0.586898684501648,0.0681496262550354,False,64,256,,,9.621950387954712,0.004810975193977356,12.768334865570068,0.03221201151609421,,,/workspaces/scalef/single_samples/worldstrat_sweet/UNHCR-IRQs035120/hashgrid_mlp_baseline_s2_psf,/workspaces/scalef/optimize.py --dataset worldstrat_sweet --num_samples 16 --iters 2000 --batch_size 1 --optimizer adamw --learning_rate 2e-3 --weight_decay 0 --seed 6 --device cuda:1 --worldstrat_data_root worldstrat_datasets/worldstrat_sweet --df 4 --sample_id UNHCR-IRQs035120 --input_projection hashgrid --hash_n_levels 16 --hash_n_features_per_level 2 --hash_log2_hashmap_size 21 --hash_base_resolution 0 --hash_max_resolution 0 --hash_encoding_dtype fp32 --hash_encoding_preset smoothstep_grid --hash_grid_type Hash --network_depth 4 --network_hidden_dim 256 --weight_decay 0 --model mlp_tcnn --tcnn_mlp_dtype fp16 --lr_degradation s2_psf --run_name hashgrid_mlp_baseline_s2_psf --eval_crop_lr_size 64 --eval_crop_anchor topleft,
hashgrid_level_attention_area,6,worldstrat_sweet,UNHCR-IRQs035120,4,area,hash_attn,hashgrid_tcnn,16,64,2000,27.585721969604492,27.777984619140625,-0.1922626495361328,0.6610331535339355,0.6827484965324402,-0.02171534299850464,0.5399001836776733,0.586898684501648,0.04699850082397461,False,64,256,2.1227827072143555,0.6451019048690796,13.78434681892395,0.006892173409461975,17.0991370677948,0.03293377906084061,,,/workspaces/scalef/single_samples/worldstrat_sweet/UNHCR-IRQs035120/hashgrid_level_attention_area,/workspaces/scalef/optimize.py --dataset worldstrat_sweet --num_samples 16 --iters 2000 --batch_size 1 --optimizer adamw --learning_rate 2e-3 --weight_decay 0 --seed 6 --device cuda:1 --worldstrat_data_root worldstrat_datasets/worldstrat_sweet --df 4 --sample_id UNHCR-IRQs035120 --input_projection hashgrid --hash_n_levels 16 --hash_n_features_per_level 2 --hash_log2_hashmap_size 21 --hash_base_resolution 0 --hash_max_resolution 0 --hash_encoding_dtype fp32 --hash_encoding_preset smoothstep_grid --hash_grid_type Hash --network_depth 4 --network_hidden_dim 256 --weight_decay 0 --model hash_attn --hash_attn_token_dim 32 --log_attention --lr_degradation area --run_name hashgrid_level_attention_area --eval_crop_lr_size 64 --eval_crop_anchor topleft,"[0.020468195900321007, 0.02109239622950554, 0.021391456946730614, 0.02107289806008339, 0.021216314285993576, 0.020428679883480072, 0.01984843611717224, 0.02049640379846096, 0.020480584353208542, 0.023105449974536896, 0.03193370997905731, 0.044752053916454315, 0.06861153990030289, 0.12399105727672577, 0.16775187849998474, 0.3533589541912079]"
hashgrid_level_attention_s2_psf,6,worldstrat_sweet,UNHCR-IRQs035120,4,s2_psf,hash_attn,hashgrid_tcnn,16,64,2000,27.120304107666016,27.777984619140625,-0.6576805114746094,0.635341465473175,0.6827484965324402,-0.04740703105926514,0.52754145860672,0.586898684501648,0.05935722589492798,False,64,256,1.281848430633545,0.87143874168396,15.49492621421814,0.0077474631071090694,18.651676177978516,0.03539472073316574,,,/workspaces/scalef/single_samples/worldstrat_sweet/UNHCR-IRQs035120/hashgrid_level_attention_s2_psf,/workspaces/scalef/optimize.py --dataset worldstrat_sweet --num_samples 16 --iters 2000 --batch_size 1 --optimizer adamw --learning_rate 2e-3 --weight_decay 0 --seed 6 --device cuda:1 --worldstrat_data_root worldstrat_datasets/worldstrat_sweet --df 4 --sample_id UNHCR-IRQs035120 --input_projection hashgrid --hash_n_levels 16 --hash_n_features_per_level 2 --hash_log2_hashmap_size 21 --hash_base_resolution 0 --hash_max_resolution 0 --hash_encoding_dtype fp32 --hash_encoding_preset smoothstep_grid --hash_grid_type Hash --network_depth 4 --network_hidden_dim 256 --weight_decay 0 --model hash_attn --hash_attn_token_dim 32 --log_attention --lr_degradation s2_psf --run_name hashgrid_level_attention_s2_psf --eval_crop_lr_size 64 --eval_crop_anchor topleft,"[0.009446792304515839, 0.009731629863381386, 0.009294779971241951, 0.008984982967376709, 0.00901737343519926, 0.008271241560578346, 0.008638087660074234, 0.007998734712600708, 0.008187538012862206, 0.008470404893159866, 0.010034052655100822, 0.013284264132380486, 0.017201384529471397, 0.059524595737457275, 0.16322645545005798, 0.6486876606941223]"
fourier_band_attention_area,6,worldstrat_sweet,UNHCR-IRQs035120,4,area,fourier_band_attn,fourier,8,48,2000,28.260860443115234,27.777984619140625,0.4828758239746094,0.6754441857337952,0.6827484965324402,-0.0073043107986450195,0.5490541458129883,0.586898684501648,0.03784453868865967,False,64,256,2.0043280124664307,0.41488564014434814,11.71979808807373,0.005859899044036865,14.93211317062378,0.07133962213993073,,,/workspaces/scalef/single_samples/worldstrat_sweet/UNHCR-IRQs035120/fourier_band_attention_area,/workspaces/scalef/optimize.py --dataset worldstrat_sweet --num_samples 16 --iters 2000 --batch_size 1 --optimizer adamw --learning_rate 2e-3 --weight_decay 0 --seed 6 --device cuda:1 --worldstrat_data_root worldstrat_datasets/worldstrat_sweet --df 4 --sample_id UNHCR-IRQs035120 --input_projection fourier --projection_dim 256 --fourier_scale 10 --network_depth 4 --network_hidden_dim 256 --weight_decay 0 --model fourier_band_attn --attn_token_dim 32 --fourier_num_bands 8 --log_attention --lr_degradation area --run_name fourier_band_attention_area --eval_crop_lr_size 64 --eval_crop_anchor topleft,"[0.0941443145275116, 0.14924126863479614, 0.13096603751182556, 0.10874363780021667, 0.10201908648014069, 0.10604854673147202, 0.11879076063632965, 0.19004634022712708]"
fourier_band_attention_s2_psf,6,worldstrat_sweet,UNHCR-IRQs035120,4,s2_psf,fourier_band_attn,fourier,8,48,2000,28.15799331665039,27.777984619140625,0.3800086975097656,0.6594154238700867,0.6827484965324402,-0.023333072662353516,0.560994565486908,0.586898684501648,0.02590411901473999,False,64,256,1.9851824045181274,0.40660780668258667,13.781406879425049,0.006890703439712525,16.934406995773315,0.08478011935949326,,,/workspaces/scalef/single_samples/worldstrat_sweet/UNHCR-IRQs035120/fourier_band_attention_s2_psf,/workspaces/scalef/optimize.py --dataset worldstrat_sweet --num_samples 16 --iters 2000 --batch_size 1 --optimizer adamw --learning_rate 2e-3 --weight_decay 0 --seed 6 --device cuda:1 --worldstrat_data_root worldstrat_datasets/worldstrat_sweet --df 4 --sample_id UNHCR-IRQs035120 --input_projection fourier --projection_dim 256 --fourier_scale 10 --network_depth 4 --network_hidden_dim 256 --weight_decay 0 --model fourier_band_attn --attn_token_dim 32 --fourier_num_bands 8 --log_attention --lr_degradation s2_psf --run_name fourier_band_attention_s2_psf --eval_crop_lr_size 64 --eval_crop_anchor topleft,"[0.09229704737663269, 0.15204134583473206, 0.14047791063785553, 0.1054878830909729, 0.10308799147605896, 0.10058699548244476, 0.11513526737689972, 0.1908855438232422]"
fourier_mlp_baseline_area,6,worldstrat_sweet,UNHCR-IRQs035254,4,area,mlp_tcnn,fourier,8,48,2000,23.456172943115234,21.648530960083008,1.8076419830322266,0.6187525987625122,0.592470109462738,0.02628248929977417,0.5823752880096436,0.6201156377792358,0.037740349769592285,False,64,256,,,7.914053201675415,0.0039570266008377075,11.153414249420166,0.06801599264144897,,,/workspaces/scalef/single_samples/worldstrat_sweet/UNHCR-IRQs035254/fourier_mlp_baseline_area,/workspaces/scalef/optimize.py --dataset worldstrat_sweet --num_samples 16 --iters 2000 --batch_size 1 --optimizer adamw --learning_rate 2e-3 --weight_decay 0 --seed 6 --device cuda:1 --worldstrat_data_root worldstrat_datasets/worldstrat_sweet --df 4 --sample_id UNHCR-IRQs035254 --input_projection fourier --projection_dim 256 --fourier_scale 10 --network_depth 4 --network_hidden_dim 256 --weight_decay 0 --model mlp_tcnn --tcnn_mlp_dtype fp16 --lr_degradation area --run_name fourier_mlp_baseline_area --eval_crop_lr_size 64 --eval_crop_anchor topleft,
fourier_mlp_baseline_s2_psf,6,worldstrat_sweet,UNHCR-IRQs035254,4,s2_psf,mlp_tcnn,fourier,8,48,2000,23.44833755493164,21.648530960083008,1.7998065948486328,0.6199309229850769,0.592470109462738,0.027460813522338867,0.5644195079803467,0.6201156377792358,0.05569612979888916,False,64,256,,,9.88561224937439,0.004942806124687195,13.07039499282837,0.06907622516155243,,,/workspaces/scalef/single_samples/worldstrat_sweet/UNHCR-IRQs035254/fourier_mlp_baseline_s2_psf,/workspaces/scalef/optimize.py --dataset worldstrat_sweet --num_samples 16 --iters 2000 --batch_size 1 --optimizer adamw --learning_rate 2e-3 --weight_decay 0 --seed 6 --device cuda:1 --worldstrat_data_root worldstrat_datasets/worldstrat_sweet --df 4 --sample_id UNHCR-IRQs035254 --input_projection fourier --projection_dim 256 --fourier_scale 10 --network_depth 4 --network_hidden_dim 256 --weight_decay 0 --model mlp_tcnn --tcnn_mlp_dtype fp16 --lr_degradation s2_psf --run_name fourier_mlp_baseline_s2_psf --eval_crop_lr_size 64 --eval_crop_anchor topleft,
hashgrid_mlp_baseline_area,6,worldstrat_sweet,UNHCR-IRQs035254,4,area,mlp_tcnn,hashgrid_tcnn,16,64,2000,23.359954833984375,21.648530960083008,1.7114238739013672,0.6092000603675842,0.592470109462738,0.01672995090484619,0.5792191028594971,0.6201156377792358,0.04089653491973877,False,64,256,,,7.773807048797607,0.0038869035243988036,10.995773553848267,0.0703166276216507,,,/workspaces/scalef/single_samples/worldstrat_sweet/UNHCR-IRQs035254/hashgrid_mlp_baseline_area,/workspaces/scalef/optimize.py --dataset worldstrat_sweet --num_samples 16 --iters 2000 --batch_size 1 --optimizer adamw --learning_rate 2e-3 --weight_decay 0 --seed 6 --device cuda:1 --worldstrat_data_root worldstrat_datasets/worldstrat_sweet --df 4 --sample_id UNHCR-IRQs035254 --input_projection hashgrid --hash_n_levels 16 --hash_n_features_per_level 2 --hash_log2_hashmap_size 21 --hash_base_resolution 0 --hash_max_resolution 0 --hash_encoding_dtype fp32 --hash_encoding_preset smoothstep_grid --hash_grid_type Hash --network_depth 4 --network_hidden_dim 256 --weight_decay 0 --model mlp_tcnn --tcnn_mlp_dtype fp16 --lr_degradation area --run_name hashgrid_mlp_baseline_area --eval_crop_lr_size 64 --eval_crop_anchor topleft,
hashgrid_mlp_baseline_s2_psf,6,worldstrat_sweet,UNHCR-IRQs035254,4,s2_psf,mlp_tcnn,hashgrid_tcnn,16,64,2000,23.326921463012695,21.648530960083008,1.6783905029296875,0.6105604767799377,0.592470109462738,0.018090367317199707,0.5628461837768555,0.6201156377792358,0.05726945400238037,False,64,256,,,9.746097564697266,0.0048730487823486325,12.907719373703003,0.07106059789657593,,,/workspaces/scalef/single_samples/worldstrat_sweet/UNHCR-IRQs035254/hashgrid_mlp_baseline_s2_psf,/workspaces/scalef/optimize.py --dataset worldstrat_sweet --num_samples 16 --iters 2000 --batch_size 1 --optimizer adamw --learning_rate 2e-3 --weight_decay 0 --seed 6 --device cuda:1 --worldstrat_data_root worldstrat_datasets/worldstrat_sweet --df 4 --sample_id UNHCR-IRQs035254 --input_projection hashgrid --hash_n_levels 16 --hash_n_features_per_level 2 --hash_log2_hashmap_size 21 --hash_base_resolution 0 --hash_max_resolution 0 --hash_encoding_dtype fp32 --hash_encoding_preset smoothstep_grid --hash_grid_type Hash --network_depth 4 --network_hidden_dim 256 --weight_decay 0 --model mlp_tcnn --tcnn_mlp_dtype fp16 --lr_degradation s2_psf --run_name hashgrid_mlp_baseline_s2_psf --eval_crop_lr_size 64 --eval_crop_anchor topleft,
hashgrid_level_attention_area,6,worldstrat_sweet,UNHCR-IRQs035254,4,area,hash_attn,hashgrid_tcnn,16,64,2000,23.518449783325195,21.648530960083008,1.8699188232421875,0.6279845237731934,0.592470109462738,0.03551441431045532,0.5854470133781433,0.6201156377792358,0.03466862440109253,False,64,256,2.6776294708251953,0.31979644298553467,13.921780109405518,0.006960890054702759,17.136592864990234,0.07502463459968567,,,/workspaces/scalef/single_samples/worldstrat_sweet/UNHCR-IRQs035254/hashgrid_level_attention_area,/workspaces/scalef/optimize.py --dataset worldstrat_sweet --num_samples 16 --iters 2000 --batch_size 1 --optimizer adamw --learning_rate 2e-3 --weight_decay 0 --seed 6 --device cuda:1 --worldstrat_data_root worldstrat_datasets/worldstrat_sweet --df 4 --sample_id UNHCR-IRQs035254 --input_projection hashgrid --hash_n_levels 16 --hash_n_features_per_level 2 --hash_log2_hashmap_size 21 --hash_base_resolution 0 --hash_max_resolution 0 --hash_encoding_dtype fp32 --hash_encoding_preset smoothstep_grid --hash_grid_type Hash --network_depth 4 --network_hidden_dim 256 --weight_decay 0 --model hash_attn --hash_attn_token_dim 32 --log_attention --lr_degradation area --run_name hashgrid_level_attention_area --eval_crop_lr_size 64 --eval_crop_anchor topleft,"[0.040186382830142975, 0.04158279299736023, 0.042077042162418365, 0.04360206425189972, 0.04422997683286667, 0.04580998420715332, 0.04672054946422577, 0.04898368939757347, 0.049661874771118164, 0.057345978915691376, 0.06432819366455078, 0.07343458384275436, 0.08224044740200043, 0.09366215765476227, 0.10697159171104431, 0.11916268616914749]"
hashgrid_level_attention_s2_psf,6,worldstrat_sweet,UNHCR-IRQs035254,4,s2_psf,hash_attn,hashgrid_tcnn,16,64,2000,23.531766891479492,21.648530960083008,1.8832359313964844,0.6326498985290527,0.592470109462738,0.0401797890663147,0.5571420192718506,0.6201156377792358,0.06297361850738525,False,64,256,2.59370756149292,0.39061254262924194,15.518447399139404,0.0077592236995697025,18.70661449432373,0.07574386894702911,,,/workspaces/scalef/single_samples/worldstrat_sweet/UNHCR-IRQs035254/hashgrid_level_attention_s2_psf,/workspaces/scalef/optimize.py --dataset worldstrat_sweet --num_samples 16 --iters 2000 --batch_size 1 --optimizer adamw --learning_rate 2e-3 --weight_decay 0 --seed 6 --device cuda:1 --worldstrat_data_root worldstrat_datasets/worldstrat_sweet --df 4 --sample_id UNHCR-IRQs035254 --input_projection hashgrid --hash_n_levels 16 --hash_n_features_per_level 2 --hash_log2_hashmap_size 21 --hash_base_resolution 0 --hash_max_resolution 0 --hash_encoding_dtype fp32 --hash_encoding_preset smoothstep_grid --hash_grid_type Hash --network_depth 4 --network_hidden_dim 256 --weight_decay 0 --model hash_attn --hash_attn_token_dim 32 --log_attention --lr_degradation s2_psf --run_name hashgrid_level_attention_s2_psf --eval_crop_lr_size 64 --eval_crop_anchor topleft,"[0.035074200481176376, 0.036466971039772034, 0.03657309710979462, 0.03827226161956787, 0.03831125795841217, 0.03945425897836685, 0.03970145434141159, 0.041692450642585754, 0.04237706959247589, 0.04913609102368355, 0.05872098356485367, 0.06978234648704529, 0.083825021982193, 0.10390131920576096, 0.1308274269104004, 0.1558837741613388]"
fourier_band_attention_area,6,worldstrat_sweet,UNHCR-IRQs035254,4,area,fourier_band_attn,fourier,8,48,2000,23.427947998046875,21.648530960083008,1.7794170379638672,0.5953744053840637,0.592470109462738,0.0029042959213256836,0.5799451470375061,0.6201156377792358,0.040170490741729736,False,64,256,1.9669113159179688,0.44907164573669434,11.81947374343872,0.00590973687171936,15.054662227630615,0.09254076331853867,,,/workspaces/scalef/single_samples/worldstrat_sweet/UNHCR-IRQs035254/fourier_band_attention_area,/workspaces/scalef/optimize.py --dataset worldstrat_sweet --num_samples 16 --iters 2000 --batch_size 1 --optimizer adamw --learning_rate 2e-3 --weight_decay 0 --seed 6 --device cuda:1 --worldstrat_data_root worldstrat_datasets/worldstrat_sweet --df 4 --sample_id UNHCR-IRQs035254 --input_projection fourier --projection_dim 256 --fourier_scale 10 --network_depth 4 --network_hidden_dim 256 --weight_decay 0 --model fourier_band_attn --attn_token_dim 32 --fourier_num_bands 8 --log_attention --lr_degradation area --run_name fourier_band_attention_area --eval_crop_lr_size 64 --eval_crop_anchor topleft,"[0.10391344875097275, 0.10518433153629303, 0.12385568022727966, 0.13422730565071106, 0.08374756574630737, 0.15989208221435547, 0.0678485706448555, 0.22133101522922516]"
fourier_band_attention_s2_psf,6,worldstrat_sweet,UNHCR-IRQs035254,4,s2_psf,fourier_band_attn,fourier,8,48,2000,23.337600708007812,21.648530960083008,1.6890697479248047,0.5753813982009888,0.592470109462738,-0.017088711261749268,0.5703799724578857,0.6201156377792358,0.0497356653213501,False,64,256,1.9756040573120117,0.43431177735328674,13.527315855026245,0.006763657927513123,16.65167212486267,0.09579923003911972,,,/workspaces/scalef/single_samples/worldstrat_sweet/UNHCR-IRQs035254/fourier_band_attention_s2_psf,/workspaces/scalef/optimize.py --dataset worldstrat_sweet --num_samples 16 --iters 2000 --batch_size 1 --optimizer adamw --learning_rate 2e-3 --weight_decay 0 --seed 6 --device cuda:1 --worldstrat_data_root worldstrat_datasets/worldstrat_sweet --df 4 --sample_id UNHCR-IRQs035254 --input_projection fourier --projection_dim 256 --fourier_scale 10 --network_depth 4 --network_hidden_dim 256 --weight_decay 0 --model fourier_band_attn --attn_token_dim 32 --fourier_num_bands 8 --log_attention --lr_degradation s2_psf --run_name fourier_band_attention_s2_psf --eval_crop_lr_size 64 --eval_crop_anchor topleft,"[0.11539117246866226, 0.10645320266485214, 0.12723998725414276, 0.1299891471862793, 0.086614690721035, 0.1557523012161255, 0.07545750588178635, 0.2031019777059555]"
fourier_mlp_baseline_area,6,worldstrat_sweet,UNHCR-LTUs001108,4,area,mlp_tcnn,fourier,8,48,2000,32.59284210205078,32.6601676940918,-0.06732559204101562,0.8214847445487976,0.8360326290130615,-0.014547884464263916,0.43262404203414917,0.49566173553466797,0.0630376935005188,False,64,256,,,7.779140472412109,0.003889570236206055,11.081883668899536,0.0777849406003952,,,/workspaces/scalef/single_samples/worldstrat_sweet/UNHCR-LTUs001108/fourier_mlp_baseline_area,/workspaces/scalef/optimize.py --dataset worldstrat_sweet --num_samples 16 --iters 2000 --batch_size 1 --optimizer adamw --learning_rate 2e-3 --weight_decay 0 --seed 6 --device cuda:1 --worldstrat_data_root worldstrat_datasets/worldstrat_sweet --df 4 --sample_id UNHCR-LTUs001108 --input_projection fourier --projection_dim 256 --fourier_scale 10 --network_depth 4 --network_hidden_dim 256 --weight_decay 0 --model mlp_tcnn --tcnn_mlp_dtype fp16 --lr_degradation area --run_name fourier_mlp_baseline_area --eval_crop_lr_size 64 --eval_crop_anchor topleft,
fourier_mlp_baseline_s2_psf,6,worldstrat_sweet,UNHCR-LTUs001108,4,s2_psf,mlp_tcnn,fourier,8,48,2000,32.17620849609375,32.6601676940918,-0.4839591979980469,0.8089367747306824,0.8360326290130615,-0.02709585428237915,0.4239075779914856,0.49566173553466797,0.07175415754318237,False,64,256,,,9.86869502067566,0.00493434751033783,13.051771640777588,0.07866764068603516,,,/workspaces/scalef/single_samples/worldstrat_sweet/UNHCR-LTUs001108/fourier_mlp_baseline_s2_psf,/workspaces/scalef/optimize.py --dataset worldstrat_sweet --num_samples 16 --iters 2000 --batch_size 1 --optimizer adamw --learning_rate 2e-3 --weight_decay 0 --seed 6 --device cuda:1 --worldstrat_data_root worldstrat_datasets/worldstrat_sweet --df 4 --sample_id UNHCR-LTUs001108 --input_projection fourier --projection_dim 256 --fourier_scale 10 --network_depth 4 --network_hidden_dim 256 --weight_decay 0 --model mlp_tcnn --tcnn_mlp_dtype fp16 --lr_degradation s2_psf --run_name fourier_mlp_baseline_s2_psf --eval_crop_lr_size 64 --eval_crop_anchor topleft,
hashgrid_mlp_baseline_area,6,worldstrat_sweet,UNHCR-LTUs001108,4,area,mlp_tcnn,hashgrid_tcnn,16,64,2000,32.496124267578125,32.6601676940918,-0.16404342651367188,0.8195209503173828,0.8360326290130615,-0.01651167869567871,0.44370564818382263,0.49566173553466797,0.05195608735084534,False,64,256,,,7.817915439605713,0.0039089577198028564,11.135475873947144,0.07743394374847412,,,/workspaces/scalef/single_samples/worldstrat_sweet/UNHCR-LTUs001108/hashgrid_mlp_baseline_area,/workspaces/scalef/optimize.py --dataset worldstrat_sweet --num_samples 16 --iters 2000 --batch_size 1 --optimizer adamw --learning_rate 2e-3 --weight_decay 0 --seed 6 --device cuda:1 --worldstrat_data_root worldstrat_datasets/worldstrat_sweet --df 4 --sample_id UNHCR-LTUs001108 --input_projection hashgrid --hash_n_levels 16 --hash_n_features_per_level 2 --hash_log2_hashmap_size 21 --hash_base_resolution 0 --hash_max_resolution 0 --hash_encoding_dtype fp32 --hash_encoding_preset smoothstep_grid --hash_grid_type Hash --network_depth 4 --network_hidden_dim 256 --weight_decay 0 --model mlp_tcnn --tcnn_mlp_dtype fp16 --lr_degradation area --run_name hashgrid_mlp_baseline_area --eval_crop_lr_size 64 --eval_crop_anchor topleft,
hashgrid_mlp_baseline_s2_psf,6,worldstrat_sweet,UNHCR-LTUs001108,4,s2_psf,mlp_tcnn,hashgrid_tcnn,16,64,2000,32.00190353393555,32.6601676940918,-0.65826416015625,0.8034601211547852,0.8360326290130615,-0.03257250785827637,0.43096548318862915,0.49566173553466797,0.06469625234603882,False,64,256,,,10.235371589660645,0.0051176857948303225,13.265907287597656,0.07813899219036102,,,/workspaces/scalef/single_samples/worldstrat_sweet/UNHCR-LTUs001108/hashgrid_mlp_baseline_s2_psf,/workspaces/scalef/optimize.py --dataset worldstrat_sweet --num_samples 16 --iters 2000 --batch_size 1 --optimizer adamw --learning_rate 2e-3 --weight_decay 0 --seed 6 --device cuda:1 --worldstrat_data_root worldstrat_datasets/worldstrat_sweet --df 4 --sample_id UNHCR-LTUs001108 --input_projection hashgrid --hash_n_levels 16 --hash_n_features_per_level 2 --hash_log2_hashmap_size 21 --hash_base_resolution 0 --hash_max_resolution 0 --hash_encoding_dtype fp32 --hash_encoding_preset smoothstep_grid --hash_grid_type Hash --network_depth 4 --network_hidden_dim 256 --weight_decay 0 --model mlp_tcnn --tcnn_mlp_dtype fp16 --lr_degradation s2_psf --run_name hashgrid_mlp_baseline_s2_psf --eval_crop_lr_size 64 --eval_crop_anchor topleft,
hashgrid_level_attention_area,6,worldstrat_sweet,UNHCR-LTUs001108,4,area,hash_attn,hashgrid_tcnn,16,64,2000,32.73334503173828,32.6601676940918,0.07317733764648438,0.8269920945167542,0.8360326290130615,-0.009040534496307373,0.44494718313217163,0.49566173553466797,0.05071455240249634,False,64,256,2.7219223976135254,0.2898612916469574,13.707009315490723,0.0068535046577453615,16.913419246673584,0.08167152106761932,,,/workspaces/scalef/single_samples/worldstrat_sweet/UNHCR-LTUs001108/hashgrid_level_attention_area,/workspaces/scalef/optimize.py --dataset worldstrat_sweet --num_samples 16 --iters 2000 --batch_size 1 --optimizer adamw --learning_rate 2e-3 --weight_decay 0 --seed 6 --device cuda:1 --worldstrat_data_root worldstrat_datasets/worldstrat_sweet --df 4 --sample_id UNHCR-LTUs001108 --input_projection hashgrid --hash_n_levels 16 --hash_n_features_per_level 2 --hash_log2_hashmap_size 21 --hash_base_resolution 0 --hash_max_resolution 0 --hash_encoding_dtype fp32 --hash_encoding_preset smoothstep_grid --hash_grid_type Hash --network_depth 4 --network_hidden_dim 256 --weight_decay 0 --model hash_attn --hash_attn_token_dim 32 --log_attention --lr_degradation area --run_name hashgrid_level_attention_area --eval_crop_lr_size 64 --eval_crop_anchor topleft,"[0.046951375901699066, 0.04726729542016983, 0.048078037798404694, 0.04796253889799118, 0.04798504337668419, 0.049498796463012695, 0.05027099698781967, 0.05170471966266632, 0.05358542129397392, 0.05804413557052612, 0.06380274891853333, 0.06623505055904388, 0.0787525475025177, 0.08328354358673096, 0.09654068201780319, 0.11003707349300385]"
hashgrid_level_attention_s2_psf,6,worldstrat_sweet,UNHCR-LTUs001108,4,s2_psf,hash_attn,hashgrid_tcnn,16,64,2000,32.348243713378906,32.6601676940918,-0.3119239807128906,0.8155386447906494,0.8360326290130615,-0.02049398422241211,0.4345581531524658,0.49566173553466797,0.06110358238220215,False,64,256,2.639915943145752,0.37016838788986206,15.675721883773804,0.007837860941886902,18.925151109695435,0.08155058324337006,,,/workspaces/scalef/single_samples/worldstrat_sweet/UNHCR-LTUs001108/hashgrid_level_attention_s2_psf,/workspaces/scalef/optimize.py --dataset worldstrat_sweet --num_samples 16 --iters 2000 --batch_size 1 --optimizer adamw --learning_rate 2e-3 --weight_decay 0 --seed 6 --device cuda:1 --worldstrat_data_root worldstrat_datasets/worldstrat_sweet --df 4 --sample_id UNHCR-LTUs001108 --input_projection hashgrid --hash_n_levels 16 --hash_n_features_per_level 2 --hash_log2_hashmap_size 21 --hash_base_resolution 0 --hash_max_resolution 0 --hash_encoding_dtype fp32 --hash_encoding_preset smoothstep_grid --hash_grid_type Hash --network_depth 4 --network_hidden_dim 256 --weight_decay 0 --model hash_attn --hash_attn_token_dim 32 --log_attention --lr_degradation s2_psf --run_name hashgrid_level_attention_s2_psf --eval_crop_lr_size 64 --eval_crop_anchor topleft,"[0.03928111493587494, 0.03956269472837448, 0.040564946830272675, 0.03995773196220398, 0.040334153920412064, 0.041905276477336884, 0.042538803070783615, 0.044091612100601196, 0.04631730914115906, 0.05124055594205856, 0.05686546862125397, 0.062426842749118805, 0.08474510908126831, 0.09556907415390015, 0.1250229924917221, 0.149576336145401]"
fourier_band_attention_area,6,worldstrat_sweet,UNHCR-LTUs001108,4,area,fourier_band_attn,fourier,8,48,2000,32.30411911010742,32.6601676940918,-0.356048583984375,0.804244339466095,0.8360326290130615,-0.03178828954696655,0.4718262553215027,0.49566173553466797,0.023835480213165283,False,64,256,1.9463474750518799,0.41476356983184814,12.020652770996094,0.0060103263854980465,15.266823053359985,0.0967668816447258,,,/workspaces/scalef/single_samples/worldstrat_sweet/UNHCR-LTUs001108/fourier_band_attention_area,/workspaces/scalef/optimize.py --dataset worldstrat_sweet --num_samples 16 --iters 2000 --batch_size 1 --optimizer adamw --learning_rate 2e-3 --weight_decay 0 --seed 6 --device cuda:1 --worldstrat_data_root worldstrat_datasets/worldstrat_sweet --df 4 --sample_id UNHCR-LTUs001108 --input_projection fourier --projection_dim 256 --fourier_scale 10 --network_depth 4 --network_hidden_dim 256 --weight_decay 0 --model fourier_band_attn --attn_token_dim 32 --fourier_num_bands 8 --log_attention --lr_degradation area --run_name fourier_band_attention_area --eval_crop_lr_size 64 --eval_crop_anchor topleft,"[0.10015495866537094, 0.1529216170310974, 0.11445806920528412, 0.13532498478889465, 0.08237683773040771, 0.11724977940320969, 0.08268505334854126, 0.2148286998271942]"
fourier_band_attention_s2_psf,6,worldstrat_sweet,UNHCR-LTUs001108,4,s2_psf,fourier_band_attn,fourier,8,48,2000,31.898500442504883,32.6601676940918,-0.7616672515869141,0.7823810577392578,0.8360326290130615,-0.05365157127380371,0.4889177083969116,0.49566173553466797,0.006744027137756348,False,64,256,1.9291093349456787,0.40131843090057373,13.400269985198975,0.006700134992599487,16.544275283813477,0.09797288477420807,,,/workspaces/scalef/single_samples/worldstrat_sweet/UNHCR-LTUs001108/fourier_band_attention_s2_psf,/workspaces/scalef/optimize.py --dataset worldstrat_sweet --num_samples 16 --iters 2000 --batch_size 1 --optimizer adamw --learning_rate 2e-3 --weight_decay 0 --seed 6 --device cuda:1 --worldstrat_data_root worldstrat_datasets/worldstrat_sweet --df 4 --sample_id UNHCR-LTUs001108 --input_projection fourier --projection_dim 256 --fourier_scale 10 --network_depth 4 --network_hidden_dim 256 --weight_decay 0 --model fourier_band_attn --attn_token_dim 32 --fourier_num_bands 8 --log_attention --lr_degradation s2_psf --run_name fourier_band_attention_s2_psf --eval_crop_lr_size 64 --eval_crop_anchor topleft,"[0.09887266904115677, 0.14718097448349, 0.12985432147979736, 0.13810847699642181, 0.08466510474681854, 0.119386687874794, 0.07957781851291656, 0.20235392451286316]"
fourier_mlp_baseline_area,6,worldstrat_sweet,UNHCR-MLIs003334,4,area,mlp_tcnn,fourier,8,48,2000,31.05539894104004,29.79047393798828,1.2649250030517578,0.838007926940918,0.8522503972053528,-0.014242470264434814,0.5080955028533936,0.544765293598175,0.036669790744781494,False,64,256,,,7.800549030303955,0.0039002745151519775,11.03782868385315,0.10622061789035797,,,/workspaces/scalef/single_samples/worldstrat_sweet/UNHCR-MLIs003334/fourier_mlp_baseline_area,/workspaces/scalef/optimize.py --dataset worldstrat_sweet --num_samples 16 --iters 2000 --batch_size 1 --optimizer adamw --learning_rate 2e-3 --weight_decay 0 --seed 6 --device cuda:1 --worldstrat_data_root worldstrat_datasets/worldstrat_sweet --df 4 --sample_id UNHCR-MLIs003334 --input_projection fourier --projection_dim 256 --fourier_scale 10 --network_depth 4 --network_hidden_dim 256 --weight_decay 0 --model mlp_tcnn --tcnn_mlp_dtype fp16 --lr_degradation area --run_name fourier_mlp_baseline_area --eval_crop_lr_size 64 --eval_crop_anchor topleft,
fourier_mlp_baseline_s2_psf,6,worldstrat_sweet,UNHCR-MLIs003334,4,s2_psf,mlp_tcnn,fourier,8,48,2000,30.713407516479492,29.79047393798828,0.9229335784912109,0.8248637318611145,0.8522503972053528,-0.02738666534423828,0.500639021396637,0.544765293598175,0.044126272201538086,False,64,256,,,9.662112951278687,0.004831056475639343,12.84098744392395,0.10819154977798462,,,/workspaces/scalef/single_samples/worldstrat_sweet/UNHCR-MLIs003334/fourier_mlp_baseline_s2_psf,/workspaces/scalef/optimize.py --dataset worldstrat_sweet --num_samples 16 --iters 2000 --batch_size 1 --optimizer adamw --learning_rate 2e-3 --weight_decay 0 --seed 6 --device cuda:1 --worldstrat_data_root worldstrat_datasets/worldstrat_sweet --df 4 --sample_id UNHCR-MLIs003334 --input_projection fourier --projection_dim 256 --fourier_scale 10 --network_depth 4 --network_hidden_dim 256 --weight_decay 0 --model mlp_tcnn --tcnn_mlp_dtype fp16 --lr_degradation s2_psf --run_name fourier_mlp_baseline_s2_psf --eval_crop_lr_size 64 --eval_crop_anchor topleft,
hashgrid_mlp_baseline_area,6,worldstrat_sweet,UNHCR-MLIs003334,4,area,mlp_tcnn,hashgrid_tcnn,16,64,2000,30.96107292175293,29.79047393798828,1.1705989837646484,0.8348710536956787,0.8522503972053528,-0.017379343509674072,0.5139302015304565,0.544765293598175,0.030835092067718506,False,64,256,,,7.951698064804077,0.003975849032402039,11.188574314117432,0.10877253860235214,,,/workspaces/scalef/single_samples/worldstrat_sweet/UNHCR-MLIs003334/hashgrid_mlp_baseline_area,/workspaces/scalef/optimize.py --dataset worldstrat_sweet --num_samples 16 --iters 2000 --batch_size 1 --optimizer adamw --learning_rate 2e-3 --weight_decay 0 --seed 6 --device cuda:1 --worldstrat_data_root worldstrat_datasets/worldstrat_sweet --df 4 --sample_id UNHCR-MLIs003334 --input_projection hashgrid --hash_n_levels 16 --hash_n_features_per_level 2 --hash_log2_hashmap_size 21 --hash_base_resolution 0 --hash_max_resolution 0 --hash_encoding_dtype fp32 --hash_encoding_preset smoothstep_grid --hash_grid_type Hash --network_depth 4 --network_hidden_dim 256 --weight_decay 0 --model mlp_tcnn --tcnn_mlp_dtype fp16 --lr_degradation area --run_name hashgrid_mlp_baseline_area --eval_crop_lr_size 64 --eval_crop_anchor topleft,
hashgrid_mlp_baseline_s2_psf,6,worldstrat_sweet,UNHCR-MLIs003334,4,s2_psf,mlp_tcnn,hashgrid_tcnn,16,64,2000,30.604957580566406,29.79047393798828,0.814483642578125,0.8171922564506531,0.8522503972053528,-0.03505814075469971,0.4937093257904053,0.544765293598175,0.051055967807769775,False,64,256,,,10.227490425109863,0.005113745212554931,13.63281774520874,0.11067163199186325,,,/workspaces/scalef/single_samples/worldstrat_sweet/UNHCR-MLIs003334/hashgrid_mlp_baseline_s2_psf,/workspaces/scalef/optimize.py --dataset worldstrat_sweet --num_samples 16 --iters 2000 --batch_size 1 --optimizer adamw --learning_rate 2e-3 --weight_decay 0 --seed 6 --device cuda:1 --worldstrat_data_root worldstrat_datasets/worldstrat_sweet --df 4 --sample_id UNHCR-MLIs003334 --input_projection hashgrid --hash_n_levels 16 --hash_n_features_per_level 2 --hash_log2_hashmap_size 21 --hash_base_resolution 0 --hash_max_resolution 0 --hash_encoding_dtype fp32 --hash_encoding_preset smoothstep_grid --hash_grid_type Hash --network_depth 4 --network_hidden_dim 256 --weight_decay 0 --model mlp_tcnn --tcnn_mlp_dtype fp16 --lr_degradation s2_psf --run_name hashgrid_mlp_baseline_s2_psf --eval_crop_lr_size 64 --eval_crop_anchor topleft,
hashgrid_level_attention_area,6,worldstrat_sweet,UNHCR-MLIs003334,4,area,hash_attn,hashgrid_tcnn,16,64,2000,31.30461311340332,29.79047393798828,1.514139175415039,0.8419178128242493,0.8522503972053528,-0.010332584381103516,0.5221666097640991,0.544765293598175,0.022598683834075928,False,64,256,2.654116630554199,0.33846890926361084,13.598260641098022,0.006799130320549011,16.834089994430542,0.10687276721000671,,,/workspaces/scalef/single_samples/worldstrat_sweet/UNHCR-MLIs003334/hashgrid_level_attention_area,/workspaces/scalef/optimize.py --dataset worldstrat_sweet --num_samples 16 --iters 2000 --batch_size 1 --optimizer adamw --learning_rate 2e-3 --weight_decay 0 --seed 6 --device cuda:1 --worldstrat_data_root worldstrat_datasets/worldstrat_sweet --df 4 --sample_id UNHCR-MLIs003334 --input_projection hashgrid --hash_n_levels 16 --hash_n_features_per_level 2 --hash_log2_hashmap_size 21 --hash_base_resolution 0 --hash_max_resolution 0 --hash_encoding_dtype fp32 --hash_encoding_preset smoothstep_grid --hash_grid_type Hash --network_depth 4 --network_hidden_dim 256 --weight_decay 0 --model hash_attn --hash_attn_token_dim 32 --log_attention --lr_degradation area --run_name hashgrid_level_attention_area --eval_crop_lr_size 64 --eval_crop_anchor topleft,"[0.039737168699502945, 0.040854789316654205, 0.04131178557872772, 0.04135595262050629, 0.04333952069282532, 0.044366706162691116, 0.04772334173321724, 0.048323746770620346, 0.05020393431186676, 0.056006863713264465, 0.056305184960365295, 0.07345502078533173, 0.07854704558849335, 0.09678158164024353, 0.10914963483810425, 0.13253770768642426]"
hashgrid_level_attention_s2_psf,6,worldstrat_sweet,UNHCR-MLIs003334,4,s2_psf,hash_attn,hashgrid_tcnn,16,64,2000,30.92633056640625,29.79047393798828,1.1358566284179688,0.8290932774543762,0.8522503972053528,-0.023157119750976562,0.5149609446525574,0.544765293598175,0.029804348945617676,False,64,256,2.591733455657959,0.3871348798274994,15.296113967895508,0.007648056983947754,18.430396556854248,0.1075986921787262,,,/workspaces/scalef/single_samples/worldstrat_sweet/UNHCR-MLIs003334/hashgrid_level_attention_s2_psf,/workspaces/scalef/optimize.py --dataset worldstrat_sweet --num_samples 16 --iters 2000 --batch_size 1 --optimizer adamw --learning_rate 2e-3 --weight_decay 0 --seed 6 --device cuda:1 --worldstrat_data_root worldstrat_datasets/worldstrat_sweet --df 4 --sample_id UNHCR-MLIs003334 --input_projection hashgrid --hash_n_levels 16 --hash_n_features_per_level 2 --hash_log2_hashmap_size 21 --hash_base_resolution 0 --hash_max_resolution 0 --hash_encoding_dtype fp32 --hash_encoding_preset smoothstep_grid --hash_grid_type Hash --network_depth 4 --network_hidden_dim 256 --weight_decay 0 --model hash_attn --hash_attn_token_dim 32 --log_attention --lr_degradation s2_psf --run_name hashgrid_level_attention_s2_psf --eval_crop_lr_size 64 --eval_crop_anchor topleft,"[0.0355515331029892, 0.03658195957541466, 0.03723075985908508, 0.03721911460161209, 0.039040207862854004, 0.04022235795855522, 0.04326435178518295, 0.04401900991797447, 0.04556445777416229, 0.05120500922203064, 0.0538233146071434, 0.0714980959892273, 0.077644944190979, 0.10671456158161163, 0.12415461242198944, 0.1562657356262207]"
fourier_band_attention_area,6,worldstrat_sweet,UNHCR-MLIs003334,4,area,fourier_band_attn,fourier,8,48,2000,30.345211029052734,29.79047393798828,0.5547370910644531,0.8483250141143799,0.8522503972053528,-0.0039253830909729,0.5781012773513794,0.544765293598175,-0.033335983753204346,False,64,256,1.9447818994522095,0.43143582344055176,11.708149433135986,0.005854074716567993,14.956022024154663,0.4343247413635254,,,/workspaces/scalef/single_samples/worldstrat_sweet/UNHCR-MLIs003334/fourier_band_attention_area,/workspaces/scalef/optimize.py --dataset worldstrat_sweet --num_samples 16 --iters 2000 --batch_size 1 --optimizer adamw --learning_rate 2e-3 --weight_decay 0 --seed 6 --device cuda:1 --worldstrat_data_root worldstrat_datasets/worldstrat_sweet --df 4 --sample_id UNHCR-MLIs003334 --input_projection fourier --projection_dim 256 --fourier_scale 10 --network_depth 4 --network_hidden_dim 256 --weight_decay 0 --model fourier_band_attn --attn_token_dim 32 --fourier_num_bands 8 --log_attention --lr_degradation area --run_name fourier_band_attention_area --eval_crop_lr_size 64 --eval_crop_anchor topleft,"[0.10867319256067276, 0.1796567738056183, 0.10316451638936996, 0.10838742554187775, 0.06868226081132889, 0.10447794198989868, 0.08170150220394135, 0.24525639414787292]"
fourier_band_attention_s2_psf,6,worldstrat_sweet,UNHCR-MLIs003334,4,s2_psf,fourier_band_attn,fourier,8,48,2000,30.272083282470703,29.79047393798828,0.4816093444824219,0.8344883918762207,0.8522503972053528,-0.01776200532913208,0.5666807889938354,0.544765293598175,-0.0219154953956604,False,64,256,1.9757182598114014,0.4237477481365204,13.61381196975708,0.00680690598487854,16.775232553482056,0.4331403970718384,,,/workspaces/scalef/single_samples/worldstrat_sweet/UNHCR-MLIs003334/fourier_band_attention_s2_psf,/workspaces/scalef/optimize.py --dataset worldstrat_sweet --num_samples 16 --iters 2000 --batch_size 1 --optimizer adamw --learning_rate 2e-3 --weight_decay 0 --seed 6 --device cuda:1 --worldstrat_data_root worldstrat_datasets/worldstrat_sweet --df 4 --sample_id UNHCR-MLIs003334 --input_projection fourier --projection_dim 256 --fourier_scale 10 --network_depth 4 --network_hidden_dim 256 --weight_decay 0 --model fourier_band_attn --attn_token_dim 32 --fourier_num_bands 8 --log_attention --lr_degradation s2_psf --run_name fourier_band_attention_s2_psf --eval_crop_lr_size 64 --eval_crop_anchor topleft,"[0.11715477705001831, 0.15820512175559998, 0.10579376667737961, 0.11467139422893524, 0.08042721450328827, 0.1235223114490509, 0.0991257056593895, 0.2010997235774994]"
fourier_mlp_baseline_area,6,worldstrat_sweet,UNHCR-MMRs035165,4,area,mlp_tcnn,fourier,8,48,2000,30.614286422729492,30.732336044311523,-0.11804962158203125,0.7388882637023926,0.7442410588264465,-0.005352795124053955,0.5175098180770874,0.5671819448471069,0.04967212677001953,False,64,256,,,7.8117053508758545,0.0039058526754379274,11.055017709732056,0.1971406191587448,,,/workspaces/scalef/single_samples/worldstrat_sweet/UNHCR-MMRs035165/fourier_mlp_baseline_area,/workspaces/scalef/optimize.py --dataset worldstrat_sweet --num_samples 16 --iters 2000 --batch_size 1 --optimizer adamw --learning_rate 2e-3 --weight_decay 0 --seed 6 --device cuda:1 --worldstrat_data_root worldstrat_datasets/worldstrat_sweet --df 4 --sample_id UNHCR-MMRs035165 --input_projection fourier --projection_dim 256 --fourier_scale 10 --network_depth 4 --network_hidden_dim 256 --weight_decay 0 --model mlp_tcnn --tcnn_mlp_dtype fp16 --lr_degradation area --run_name fourier_mlp_baseline_area --eval_crop_lr_size 64 --eval_crop_anchor topleft,
fourier_mlp_baseline_s2_psf,6,worldstrat_sweet,UNHCR-MMRs035165,4,s2_psf,mlp_tcnn,fourier,8,48,2000,30.197708129882812,30.732336044311523,-0.5346279144287109,0.7224381566047668,0.7442410588264465,-0.021802902221679688,0.5060170292854309,0.5671819448471069,0.061164915561676025,False,64,256,,,9.930810451507568,0.004965405225753785,13.130179166793823,0.20975977182388306,,,/workspaces/scalef/single_samples/worldstrat_sweet/UNHCR-MMRs035165/fourier_mlp_baseline_s2_psf,/workspaces/scalef/optimize.py --dataset worldstrat_sweet --num_samples 16 --iters 2000 --batch_size 1 --optimizer adamw --learning_rate 2e-3 --weight_decay 0 --seed 6 --device cuda:1 --worldstrat_data_root worldstrat_datasets/worldstrat_sweet --df 4 --sample_id UNHCR-MMRs035165 --input_projection fourier --projection_dim 256 --fourier_scale 10 --network_depth 4 --network_hidden_dim 256 --weight_decay 0 --model mlp_tcnn --tcnn_mlp_dtype fp16 --lr_degradation s2_psf --run_name fourier_mlp_baseline_s2_psf --eval_crop_lr_size 64 --eval_crop_anchor topleft,
hashgrid_mlp_baseline_area,6,worldstrat_sweet,UNHCR-MMRs035165,4,area,mlp_tcnn,hashgrid_tcnn,16,64,2000,30.495990753173828,30.732336044311523,-0.2363452911376953,0.7300609946250916,0.7442410588264465,-0.01418006420135498,0.5150987505912781,0.5671819448471069,0.05208319425582886,False,64,256,,,7.993608713150024,0.003996804356575012,11.19901990890503,0.19422435760498047,,,/workspaces/scalef/single_samples/worldstrat_sweet/UNHCR-MMRs035165/hashgrid_mlp_baseline_area,/workspaces/scalef/optimize.py --dataset worldstrat_sweet --num_samples 16 --iters 2000 --batch_size 1 --optimizer adamw --learning_rate 2e-3 --weight_decay 0 --seed 6 --device cuda:1 --worldstrat_data_root worldstrat_datasets/worldstrat_sweet --df 4 --sample_id UNHCR-MMRs035165 --input_projection hashgrid --hash_n_levels 16 --hash_n_features_per_level 2 --hash_log2_hashmap_size 21 --hash_base_resolution 0 --hash_max_resolution 0 --hash_encoding_dtype fp32 --hash_encoding_preset smoothstep_grid --hash_grid_type Hash --network_depth 4 --network_hidden_dim 256 --weight_decay 0 --model mlp_tcnn --tcnn_mlp_dtype fp16 --lr_degradation area --run_name hashgrid_mlp_baseline_area --eval_crop_lr_size 64 --eval_crop_anchor topleft,
hashgrid_mlp_baseline_s2_psf,6,worldstrat_sweet,UNHCR-MMRs035165,4,s2_psf,mlp_tcnn,hashgrid_tcnn,16,64,2000,29.905986785888672,30.732336044311523,-0.8263492584228516,0.7022068500518799,0.7442410588264465,-0.04203420877456665,0.4953634440898895,0.5671819448471069,0.07181850075721741,False,64,256,,,10.32120394706726,0.00516060197353363,13.33991265296936,0.20350365340709686,,,/workspaces/scalef/single_samples/worldstrat_sweet/UNHCR-MMRs035165/hashgrid_mlp_baseline_s2_psf,/workspaces/scalef/optimize.py --dataset worldstrat_sweet --num_samples 16 --iters 2000 --batch_size 1 --optimizer adamw --learning_rate 2e-3 --weight_decay 0 --seed 6 --device cuda:1 --worldstrat_data_root worldstrat_datasets/worldstrat_sweet --df 4 --sample_id UNHCR-MMRs035165 --input_projection hashgrid --hash_n_levels 16 --hash_n_features_per_level 2 --hash_log2_hashmap_size 21 --hash_base_resolution 0 --hash_max_resolution 0 --hash_encoding_dtype fp32 --hash_encoding_preset smoothstep_grid --hash_grid_type Hash --network_depth 4 --network_hidden_dim 256 --weight_decay 0 --model mlp_tcnn --tcnn_mlp_dtype fp16 --lr_degradation s2_psf --run_name hashgrid_mlp_baseline_s2_psf --eval_crop_lr_size 64 --eval_crop_anchor topleft,
hashgrid_level_attention_area,6,worldstrat_sweet,UNHCR-MMRs035165,4,area,hash_attn,hashgrid_tcnn,16,64,2000,30.544795989990234,30.732336044311523,-0.18754005432128906,0.7341339588165283,0.7442410588264465,-0.010107100009918213,0.5421711802482605,0.5671819448471069,0.025010764598846436,False,64,256,1.8558887243270874,0.7623316049575806,13.731528520584106,0.006865764260292053,16.955161333084106,0.23660436272621155,,,/workspaces/scalef/single_samples/worldstrat_sweet/UNHCR-MMRs035165/hashgrid_level_attention_area,/workspaces/scalef/optimize.py --dataset worldstrat_sweet --num_samples 16 --iters 2000 --batch_size 1 --optimizer adamw --learning_rate 2e-3 --weight_decay 0 --seed 6 --device cuda:1 --worldstrat_data_root worldstrat_datasets/worldstrat_sweet --df 4 --sample_id UNHCR-MMRs035165 --input_projection hashgrid --hash_n_levels 16 --hash_n_features_per_level 2 --hash_log2_hashmap_size 21 --hash_base_resolution 0 --hash_max_resolution 0 --hash_encoding_dtype fp32 --hash_encoding_preset smoothstep_grid --hash_grid_type Hash --network_depth 4 --network_hidden_dim 256 --weight_decay 0 --model hash_attn --hash_attn_token_dim 32 --log_attention --lr_degradation area --run_name hashgrid_level_attention_area --eval_crop_lr_size 64 --eval_crop_anchor topleft,"[0.014761073514819145, 0.014097759500145912, 0.014082944951951504, 0.013877103105187416, 0.013617970049381256, 0.013060128316283226, 0.0136636383831501, 0.012430774047970772, 0.013022039085626602, 0.013346816413104534, 0.021540606394410133, 0.03390879929065704, 0.04625871032476425, 0.11747398972511292, 0.27501794695854187, 0.36983972787857056]"
hashgrid_level_attention_s2_psf,6,worldstrat_sweet,UNHCR-MMRs035165,4,s2_psf,hash_attn,hashgrid_tcnn,16,64,2000,30.019338607788086,30.732336044311523,-0.7129974365234375,0.7085492014884949,0.7442410588264465,-0.03569185733795166,0.5487136840820312,0.5671819448471069,0.018468260765075684,False,64,256,1.3482918739318848,0.8738359212875366,15.292804956436157,0.007646402478218079,18.42219591140747,0.26520341634750366,,,/workspaces/scalef/single_samples/worldstrat_sweet/UNHCR-MMRs035165/hashgrid_level_attention_s2_psf,/workspaces/scalef/optimize.py --dataset worldstrat_sweet --num_samples 16 --iters 2000 --batch_size 1 --optimizer adamw --learning_rate 2e-3 --weight_decay 0 --seed 6 --device cuda:1 --worldstrat_data_root worldstrat_datasets/worldstrat_sweet --df 4 --sample_id UNHCR-MMRs035165 --input_projection hashgrid --hash_n_levels 16 --hash_n_features_per_level 2 --hash_log2_hashmap_size 21 --hash_base_resolution 0 --hash_max_resolution 0 --hash_encoding_dtype fp32 --hash_encoding_preset smoothstep_grid --hash_grid_type Hash --network_depth 4 --network_hidden_dim 256 --weight_decay 0 --model hash_attn --hash_attn_token_dim 32 --log_attention --lr_degradation s2_psf --run_name hashgrid_level_attention_s2_psf --eval_crop_lr_size 64 --eval_crop_anchor topleft,"[0.00910852663218975, 0.008430142886936665, 0.008280085399746895, 0.008166126906871796, 0.00772785022854805, 0.007336541078984737, 0.007691691629588604, 0.007057025097310543, 0.007235483266413212, 0.007694903761148453, 0.010627225041389465, 0.016396453604102135, 0.020412012934684753, 0.04712811857461929, 0.25632840394973755, 0.570379376411438]"
fourier_band_attention_area,6,worldstrat_sweet,UNHCR-MMRs035165,4,area,fourier_band_attn,fourier,8,48,2000,30.564037322998047,30.732336044311523,-0.16829872131347656,0.7324101328849792,0.7442410588264465,-0.011830925941467285,0.5638688206672668,0.5671819448471069,0.003313124179840088,False,64,256,2.035451650619507,0.38966304063796997,11.655550241470337,0.005827775120735169,14.871037483215332,0.2677459120750427,,,/workspaces/scalef/single_samples/worldstrat_sweet/UNHCR-MMRs035165/fourier_band_attention_area,/workspaces/scalef/optimize.py --dataset worldstrat_sweet --num_samples 16 --iters 2000 --batch_size 1 --optimizer adamw --learning_rate 2e-3 --weight_decay 0 --seed 6 --device cuda:1 --worldstrat_data_root worldstrat_datasets/worldstrat_sweet --df 4 --sample_id UNHCR-MMRs035165 --input_projection fourier --projection_dim 256 --fourier_scale 10 --network_depth 4 --network_hidden_dim 256 --weight_decay 0 --model fourier_band_attn --attn_token_dim 32 --fourier_num_bands 8 --log_attention --lr_degradation area --run_name fourier_band_attention_area --eval_crop_lr_size 64 --eval_crop_anchor topleft,"[0.12475087493658066, 0.12271363288164139, 0.13125106692314148, 0.12930354475975037, 0.10231785476207733, 0.12380863726139069, 0.1138976663351059, 0.1519567221403122]"
fourier_band_attention_s2_psf,6,worldstrat_sweet,UNHCR-MMRs035165,4,s2_psf,fourier_band_attn,fourier,8,48,2000,30.219928741455078,30.732336044311523,-0.5124073028564453,0.7152876257896423,0.7442410588264465,-0.0289534330368042,0.5648952722549438,0.5671819448471069,0.002286672592163086,False,64,256,2.02374529838562,0.38561752438545227,13.386858224868774,0.006693429112434387,16.527454614639282,0.28904688358306885,,,/workspaces/scalef/single_samples/worldstrat_sweet/UNHCR-MMRs035165/fourier_band_attention_s2_psf,/workspaces/scalef/optimize.py --dataset worldstrat_sweet --num_samples 16 --iters 2000 --batch_size 1 --optimizer adamw --learning_rate 2e-3 --weight_decay 0 --seed 6 --device cuda:1 --worldstrat_data_root worldstrat_datasets/worldstrat_sweet --df 4 --sample_id UNHCR-MMRs035165 --input_projection fourier --projection_dim 256 --fourier_scale 10 --network_depth 4 --network_hidden_dim 256 --weight_decay 0 --model fourier_band_attn --attn_token_dim 32 --fourier_num_bands 8 --log_attention --lr_degradation s2_psf --run_name fourier_band_attention_s2_psf --eval_crop_lr_size 64 --eval_crop_anchor topleft,"[0.12745314836502075, 0.130350261926651, 0.12796467542648315, 0.12360839545726776, 0.10500600934028625, 0.1233421117067337, 0.11316408216953278, 0.1491113305091858]"
fourier_mlp_baseline_area,6,worldstrat_sweet,UNHCR-NERs009532,4,area,mlp_tcnn,fourier,8,48,2000,22.16646385192871,21.98447608947754,0.18198776245117188,0.4686192572116852,0.4632153809070587,0.005403876304626465,0.5294619798660278,0.5915994644165039,0.062137484550476074,False,64,256,,,7.871120452880859,0.00393556022644043,11.101795196533203,0.3307858109474182,,,/workspaces/scalef/single_samples/worldstrat_sweet/UNHCR-NERs009532/fourier_mlp_baseline_area,/workspaces/scalef/optimize.py --dataset worldstrat_sweet --num_samples 16 --iters 2000 --batch_size 1 --optimizer adamw --learning_rate 2e-3 --weight_decay 0 --seed 6 --device cuda:1 --worldstrat_data_root worldstrat_datasets/worldstrat_sweet --df 4 --sample_id UNHCR-NERs009532 --input_projection fourier --projection_dim 256 --fourier_scale 10 --network_depth 4 --network_hidden_dim 256 --weight_decay 0 --model mlp_tcnn --tcnn_mlp_dtype fp16 --lr_degradation area --run_name fourier_mlp_baseline_area --eval_crop_lr_size 64 --eval_crop_anchor topleft,
fourier_mlp_baseline_s2_psf,6,worldstrat_sweet,UNHCR-NERs009532,4,s2_psf,mlp_tcnn,fourier,8,48,2000,22.128334045410156,21.98447608947754,0.1438579559326172,0.4665902554988861,0.4632153809070587,0.0033748745918273926,0.5162150263786316,0.5915994644165039,0.07538443803787231,False,64,256,,,9.78680944442749,0.004893404722213745,12.932732343673706,0.33571547269821167,,,/workspaces/scalef/single_samples/worldstrat_sweet/UNHCR-NERs009532/fourier_mlp_baseline_s2_psf,/workspaces/scalef/optimize.py --dataset worldstrat_sweet --num_samples 16 --iters 2000 --batch_size 1 --optimizer adamw --learning_rate 2e-3 --weight_decay 0 --seed 6 --device cuda:1 --worldstrat_data_root worldstrat_datasets/worldstrat_sweet --df 4 --sample_id UNHCR-NERs009532 --input_projection fourier --projection_dim 256 --fourier_scale 10 --network_depth 4 --network_hidden_dim 256 --weight_decay 0 --model mlp_tcnn --tcnn_mlp_dtype fp16 --lr_degradation s2_psf --run_name fourier_mlp_baseline_s2_psf --eval_crop_lr_size 64 --eval_crop_anchor topleft,
hashgrid_mlp_baseline_area,6,worldstrat_sweet,UNHCR-NERs009532,4,area,mlp_tcnn,hashgrid_tcnn,16,64,2000,22.113073348999023,21.98447608947754,0.12859725952148438,0.4618590772151947,0.4632153809070587,-0.0013563036918640137,0.536056637763977,0.5915994644165039,0.055542826652526855,False,64,256,,,7.794922113418579,0.0038974610567092897,10.996350765228271,0.3278640806674957,,,/workspaces/scalef/single_samples/worldstrat_sweet/UNHCR-NERs009532/hashgrid_mlp_baseline_area,/workspaces/scalef/optimize.py --dataset worldstrat_sweet --num_samples 16 --iters 2000 --batch_size 1 --optimizer adamw --learning_rate 2e-3 --weight_decay 0 --seed 6 --device cuda:1 --worldstrat_data_root worldstrat_datasets/worldstrat_sweet --df 4 --sample_id UNHCR-NERs009532 --input_projection hashgrid --hash_n_levels 16 --hash_n_features_per_level 2 --hash_log2_hashmap_size 21 --hash_base_resolution 0 --hash_max_resolution 0 --hash_encoding_dtype fp32 --hash_encoding_preset smoothstep_grid --hash_grid_type Hash --network_depth 4 --network_hidden_dim 256 --weight_decay 0 --model mlp_tcnn --tcnn_mlp_dtype fp16 --lr_degradation area --run_name hashgrid_mlp_baseline_area --eval_crop_lr_size 64 --eval_crop_anchor topleft,
hashgrid_mlp_baseline_s2_psf,6,worldstrat_sweet,UNHCR-NERs009532,4,s2_psf,mlp_tcnn,hashgrid_tcnn,16,64,2000,22.04222869873047,21.98447608947754,0.05775260925292969,0.45391419529914856,0.4632153809070587,-0.009301185607910156,0.5281098484992981,0.5915994644165039,0.06348961591720581,False,64,256,,,9.183743476867676,0.0045918717384338375,12.319506406784058,0.331784725189209,,,/workspaces/scalef/single_samples/worldstrat_sweet/UNHCR-NERs009532/hashgrid_mlp_baseline_s2_psf,/workspaces/scalef/optimize.py --dataset worldstrat_sweet --num_samples 16 --iters 2000 --batch_size 1 --optimizer adamw --learning_rate 2e-3 --weight_decay 0 --seed 6 --device cuda:1 --worldstrat_data_root worldstrat_datasets/worldstrat_sweet --df 4 --sample_id UNHCR-NERs009532 --input_projection hashgrid --hash_n_levels 16 --hash_n_features_per_level 2 --hash_log2_hashmap_size 21 --hash_base_resolution 0 --hash_max_resolution 0 --hash_encoding_dtype fp32 --hash_encoding_preset smoothstep_grid --hash_grid_type Hash --network_depth 4 --network_hidden_dim 256 --weight_decay 0 --model mlp_tcnn --tcnn_mlp_dtype fp16 --lr_degradation s2_psf --run_name hashgrid_mlp_baseline_s2_psf --eval_crop_lr_size 64 --eval_crop_anchor topleft,
hashgrid_level_attention_area,6,worldstrat_sweet,UNHCR-NERs009532,4,area,hash_attn,hashgrid_tcnn,16,64,2000,22.19664764404297,21.98447608947754,0.2121715545654297,0.4741950035095215,0.4632153809070587,0.010979622602462769,0.5236902236938477,0.5915994644165039,0.06790924072265625,False,64,256,2.3543362617492676,0.46488988399505615,13.700073719024658,0.006850036859512329,16.964943408966064,0.3387235403060913,,,/workspaces/scalef/single_samples/worldstrat_sweet/UNHCR-NERs009532/hashgrid_level_attention_area,/workspaces/scalef/optimize.py --dataset worldstrat_sweet --num_samples 16 --iters 2000 --batch_size 1 --optimizer adamw --learning_rate 2e-3 --weight_decay 0 --seed 6 --device cuda:1 --worldstrat_data_root worldstrat_datasets/worldstrat_sweet --df 4 --sample_id UNHCR-NERs009532 --input_projection hashgrid --hash_n_levels 16 --hash_n_features_per_level 2 --hash_log2_hashmap_size 21 --hash_base_resolution 0 --hash_max_resolution 0 --hash_encoding_dtype fp32 --hash_encoding_preset smoothstep_grid --hash_grid_type Hash --network_depth 4 --network_hidden_dim 256 --weight_decay 0 --model hash_attn --hash_attn_token_dim 32 --log_attention --lr_degradation area --run_name hashgrid_level_attention_area --eval_crop_lr_size 64 --eval_crop_anchor topleft,"[0.021009942516684532, 0.02267421782016754, 0.024476151913404465, 0.026294495910406113, 0.026872888207435608, 0.02826507017016411, 0.0320456400513649, 0.03614950180053711, 0.03983306884765625, 0.047383375465869904, 0.05985789746046066, 0.07404764741659164, 0.09620019793510437, 0.12048691511154175, 0.1475497931241989, 0.19685319066047668]"
hashgrid_level_attention_s2_psf,6,worldstrat_sweet,UNHCR-NERs009532,4,s2_psf,hash_attn,hashgrid_tcnn,16,64,2000,22.171489715576172,21.98447608947754,0.1870136260986328,0.473431795835495,0.4632153809070587,0.01021641492843628,0.5185568332672119,0.5915994644165039,0.07304263114929199,False,64,256,2.135237693786621,0.5741760730743408,15.575884580612183,0.007787942290306092,18.688852548599243,0.34149491786956787,,,/workspaces/scalef/single_samples/worldstrat_sweet/UNHCR-NERs009532/hashgrid_level_attention_s2_psf,/workspaces/scalef/optimize.py --dataset worldstrat_sweet --num_samples 16 --iters 2000 --batch_size 1 --optimizer adamw --learning_rate 2e-3 --weight_decay 0 --seed 6 --device cuda:1 --worldstrat_data_root worldstrat_datasets/worldstrat_sweet --df 4 --sample_id UNHCR-NERs009532 --input_projection hashgrid --hash_n_levels 16 --hash_n_features_per_level 2 --hash_log2_hashmap_size 21 --hash_base_resolution 0 --hash_max_resolution 0 --hash_encoding_dtype fp32 --hash_encoding_preset smoothstep_grid --hash_grid_type Hash --network_depth 4 --network_hidden_dim 256 --weight_decay 0 --model hash_attn --hash_attn_token_dim 32 --log_attention --lr_degradation s2_psf --run_name hashgrid_level_attention_s2_psf --eval_crop_lr_size 64 --eval_crop_anchor topleft,"[0.016316618770360947, 0.01766139082610607, 0.01990058459341526, 0.021494565531611443, 0.021442022174596786, 0.022720567882061005, 0.025001710280776024, 0.029400598257780075, 0.03126981109380722, 0.036981455981731415, 0.043254412710666656, 0.05694422870874405, 0.08343598246574402, 0.12131853401660919, 0.17567476630210876, 0.27718275785446167]"
fourier_band_attention_area,6,worldstrat_sweet,UNHCR-NERs009532,4,area,fourier_band_attn,fourier,8,48,2000,21.999649047851562,21.98447608947754,0.015172958374023438,0.4496617317199707,0.4632153809070587,-0.013553649187088013,0.5639392733573914,0.5915994644165039,0.02766019105911255,False,64,256,1.9806623458862305,0.4138484001159668,11.656942129135132,0.005828471064567566,14.86209225654602,0.35935354232788086,,,/workspaces/scalef/single_samples/worldstrat_sweet/UNHCR-NERs009532/fourier_band_attention_area,/workspaces/scalef/optimize.py --dataset worldstrat_sweet --num_samples 16 --iters 2000 --batch_size 1 --optimizer adamw --learning_rate 2e-3 --weight_decay 0 --seed 6 --device cuda:1 --worldstrat_data_root worldstrat_datasets/worldstrat_sweet --df 4 --sample_id UNHCR-NERs009532 --input_projection fourier --projection_dim 256 --fourier_scale 10 --network_depth 4 --network_hidden_dim 256 --weight_decay 0 --model fourier_band_attn --attn_token_dim 32 --fourier_num_bands 8 --log_attention --lr_degradation area --run_name fourier_band_attention_area --eval_crop_lr_size 64 --eval_crop_anchor topleft,"[0.11153064668178558, 0.10290230810642242, 0.11881493777036667, 0.17049133777618408, 0.08241239190101624, 0.12781918048858643, 0.09008461236953735, 0.19594459235668182]"
fourier_band_attention_s2_psf,6,worldstrat_sweet,UNHCR-NERs009532,4,s2_psf,fourier_band_attn,fourier,8,48,2000,21.946338653564453,21.98447608947754,-0.03813743591308594,0.4422779083251953,0.4632153809070587,-0.020937472581863403,0.5516293048858643,0.5915994644165039,0.03997015953063965,False,64,256,1.9530794620513916,0.4120115339756012,13.441816091537476,0.006720908045768738,16.603535413742065,0.36876702308654785,,,/workspaces/scalef/single_samples/worldstrat_sweet/UNHCR-NERs009532/fourier_band_attention_s2_psf,/workspaces/scalef/optimize.py --dataset worldstrat_sweet --num_samples 16 --iters 2000 --batch_size 1 --optimizer adamw --learning_rate 2e-3 --weight_decay 0 --seed 6 --device cuda:1 --worldstrat_data_root worldstrat_datasets/worldstrat_sweet --df 4 --sample_id UNHCR-NERs009532 --input_projection fourier --projection_dim 256 --fourier_scale 10 --network_depth 4 --network_hidden_dim 256 --weight_decay 0 --model fourier_band_attn --attn_token_dim 32 --fourier_num_bands 8 --log_attention --lr_degradation s2_psf --run_name fourier_band_attention_s2_psf --eval_crop_lr_size 64 --eval_crop_anchor topleft,"[0.11852831393480301, 0.09955134987831116, 0.11699727177619934, 0.1718357503414154, 0.0810757577419281, 0.12935897707939148, 0.09239843487739563, 0.1902541220188141]"
fourier_mlp_baseline_area,6,worldstrat_sweet,UNHCR-ROUs002531,4,area,mlp_tcnn,fourier,8,48,2000,23.66387176513672,23.64743995666504,0.016431808471679688,0.5127896666526794,0.5205004811286926,-0.007710814476013184,0.4805564284324646,0.5381490588188171,0.05759263038635254,False,64,256,,,7.7516865730285645,0.0038758432865142823,10.961037397384644,0.03981749713420868,,,/workspaces/scalef/single_samples/worldstrat_sweet/UNHCR-ROUs002531/fourier_mlp_baseline_area,/workspaces/scalef/optimize.py --dataset worldstrat_sweet --num_samples 16 --iters 2000 --batch_size 1 --optimizer adamw --learning_rate 2e-3 --weight_decay 0 --seed 6 --device cuda:1 --worldstrat_data_root worldstrat_datasets/worldstrat_sweet --df 4 --sample_id UNHCR-ROUs002531 --input_projection fourier --projection_dim 256 --fourier_scale 10 --network_depth 4 --network_hidden_dim 256 --weight_decay 0 --model mlp_tcnn --tcnn_mlp_dtype fp16 --lr_degradation area --run_name fourier_mlp_baseline_area --eval_crop_lr_size 64 --eval_crop_anchor topleft,
fourier_mlp_baseline_s2_psf,6,worldstrat_sweet,UNHCR-ROUs002531,4,s2_psf,mlp_tcnn,fourier,8,48,2000,23.423686981201172,23.64743995666504,-0.2237529754638672,0.4958808422088623,0.5205004811286926,-0.024619638919830322,0.4663972854614258,0.5381490588188171,0.07175177335739136,False,64,256,,,9.591664552688599,0.0047958322763443,12.718003511428833,0.04042953997850418,,,/workspaces/scalef/single_samples/worldstrat_sweet/UNHCR-ROUs002531/fourier_mlp_baseline_s2_psf,/workspaces/scalef/optimize.py --dataset worldstrat_sweet --num_samples 16 --iters 2000 --batch_size 1 --optimizer adamw --learning_rate 2e-3 --weight_decay 0 --seed 6 --device cuda:1 --worldstrat_data_root worldstrat_datasets/worldstrat_sweet --df 4 --sample_id UNHCR-ROUs002531 --input_projection fourier --projection_dim 256 --fourier_scale 10 --network_depth 4 --network_hidden_dim 256 --weight_decay 0 --model mlp_tcnn --tcnn_mlp_dtype fp16 --lr_degradation s2_psf --run_name fourier_mlp_baseline_s2_psf --eval_crop_lr_size 64 --eval_crop_anchor topleft,
hashgrid_mlp_baseline_area,6,worldstrat_sweet,UNHCR-ROUs002531,4,area,mlp_tcnn,hashgrid_tcnn,16,64,2000,23.632186889648438,23.64743995666504,-0.015253067016601562,0.5119511485099792,0.5205004811286926,-0.008549332618713379,0.4744507968425751,0.5381490588188171,0.06369826197624207,False,64,256,,,8.155387163162231,0.004077693581581116,11.35954737663269,0.039881810545921326,,,/workspaces/scalef/single_samples/worldstrat_sweet/UNHCR-ROUs002531/hashgrid_mlp_baseline_area,/workspaces/scalef/optimize.py --dataset worldstrat_sweet --num_samples 16 --iters 2000 --batch_size 1 --optimizer adamw --learning_rate 2e-3 --weight_decay 0 --seed 6 --device cuda:1 --worldstrat_data_root worldstrat_datasets/worldstrat_sweet --df 4 --sample_id UNHCR-ROUs002531 --input_projection hashgrid --hash_n_levels 16 --hash_n_features_per_level 2 --hash_log2_hashmap_size 21 --hash_base_resolution 0 --hash_max_resolution 0 --hash_encoding_dtype fp32 --hash_encoding_preset smoothstep_grid --hash_grid_type Hash --network_depth 4 --network_hidden_dim 256 --weight_decay 0 --model mlp_tcnn --tcnn_mlp_dtype fp16 --lr_degradation area --run_name hashgrid_mlp_baseline_area --eval_crop_lr_size 64 --eval_crop_anchor topleft,
hashgrid_mlp_baseline_s2_psf,6,worldstrat_sweet,UNHCR-ROUs002531,4,s2_psf,mlp_tcnn,hashgrid_tcnn,16,64,2000,23.340517044067383,23.64743995666504,-0.30692291259765625,0.49171581864356995,0.5205004811286926,-0.02878466248512268,0.4620111882686615,0.5381490588188171,0.07613787055015564,False,64,256,,,9.83866548538208,0.00491933274269104,13.002710580825806,0.040140800178050995,,,/workspaces/scalef/single_samples/worldstrat_sweet/UNHCR-ROUs002531/hashgrid_mlp_baseline_s2_psf,/workspaces/scalef/optimize.py --dataset worldstrat_sweet --num_samples 16 --iters 2000 --batch_size 1 --optimizer adamw --learning_rate 2e-3 --weight_decay 0 --seed 6 --device cuda:1 --worldstrat_data_root worldstrat_datasets/worldstrat_sweet --df 4 --sample_id UNHCR-ROUs002531 --input_projection hashgrid --hash_n_levels 16 --hash_n_features_per_level 2 --hash_log2_hashmap_size 21 --hash_base_resolution 0 --hash_max_resolution 0 --hash_encoding_dtype fp32 --hash_encoding_preset smoothstep_grid --hash_grid_type Hash --network_depth 4 --network_hidden_dim 256 --weight_decay 0 --model mlp_tcnn --tcnn_mlp_dtype fp16 --lr_degradation s2_psf --run_name hashgrid_mlp_baseline_s2_psf --eval_crop_lr_size 64 --eval_crop_anchor topleft,
hashgrid_level_attention_area,6,worldstrat_sweet,UNHCR-ROUs002531,4,area,hash_attn,hashgrid_tcnn,16,64,2000,23.71612548828125,23.64743995666504,0.06868553161621094,0.5167288184165955,0.5205004811286926,-0.003771662712097168,0.4786362051963806,0.5381490588188171,0.05951285362243652,False,64,256,2.592982530593872,0.3858567476272583,13.651761531829834,0.006825880765914917,16.913776636123657,0.04365142434835434,,,/workspaces/scalef/single_samples/worldstrat_sweet/UNHCR-ROUs002531/hashgrid_level_attention_area,/workspaces/scalef/optimize.py --dataset worldstrat_sweet --num_samples 16 --iters 2000 --batch_size 1 --optimizer adamw --learning_rate 2e-3 --weight_decay 0 --seed 6 --device cuda:1 --worldstrat_data_root worldstrat_datasets/worldstrat_sweet --df 4 --sample_id UNHCR-ROUs002531 --input_projection hashgrid --hash_n_levels 16 --hash_n_features_per_level 2 --hash_log2_hashmap_size 21 --hash_base_resolution 0 --hash_max_resolution 0 --hash_encoding_dtype fp32 --hash_encoding_preset smoothstep_grid --hash_grid_type Hash --network_depth 4 --network_hidden_dim 256 --weight_decay 0 --model hash_attn --hash_attn_token_dim 32 --log_attention --lr_degradation area --run_name hashgrid_level_attention_area --eval_crop_lr_size 64 --eval_crop_anchor topleft,"[0.03232971206307411, 0.03337090462446213, 0.03402509540319443, 0.03571281209588051, 0.03597239404916763, 0.04190307855606079, 0.04271382838487625, 0.040220215916633606, 0.04768136888742447, 0.054676808416843414, 0.052375759929418564, 0.07022184133529663, 0.09293945133686066, 0.10915403068065643, 0.12116731703281403, 0.15553538501262665]"
hashgrid_level_attention_s2_psf,6,worldstrat_sweet,UNHCR-ROUs002531,4,s2_psf,hash_attn,hashgrid_tcnn,16,64,2000,23.458436965942383,23.64743995666504,-0.18900299072265625,0.49932780861854553,0.5205004811286926,-0.021172672510147095,0.4712989926338196,0.5381490588188171,0.06685006618499756,False,64,256,2.377211093902588,0.5151787996292114,15.824302673339844,0.007912151336669922,18.97298502922058,0.04327338933944702,,,/workspaces/scalef/single_samples/worldstrat_sweet/UNHCR-ROUs002531/hashgrid_level_attention_s2_psf,/workspaces/scalef/optimize.py --dataset worldstrat_sweet --num_samples 16 --iters 2000 --batch_size 1 --optimizer adamw --learning_rate 2e-3 --weight_decay 0 --seed 6 --device cuda:1 --worldstrat_data_root worldstrat_datasets/worldstrat_sweet --df 4 --sample_id UNHCR-ROUs002531 --input_projection hashgrid --hash_n_levels 16 --hash_n_features_per_level 2 --hash_log2_hashmap_size 21 --hash_base_resolution 0 --hash_max_resolution 0 --hash_encoding_dtype fp32 --hash_encoding_preset smoothstep_grid --hash_grid_type Hash --network_depth 4 --network_hidden_dim 256 --weight_decay 0 --model hash_attn --hash_attn_token_dim 32 --log_attention --lr_degradation s2_psf --run_name hashgrid_level_attention_s2_psf --eval_crop_lr_size 64 --eval_crop_anchor topleft,"[0.025293929502367973, 0.026465561240911484, 0.027285926043987274, 0.028466634452342987, 0.029217667877674103, 0.0339982844889164, 0.03438272327184677, 0.032572194933891296, 0.03804844245314598, 0.04117202013731003, 0.040883809328079224, 0.0513325035572052, 0.0757015198469162, 0.1120482087135315, 0.15113228559494019, 0.25199830532073975]"
fourier_band_attention_area,6,worldstrat_sweet,UNHCR-ROUs002531,4,area,fourier_band_attn,fourier,8,48,2000,23.776382446289062,23.64743995666504,0.12894248962402344,0.5097987651824951,0.5205004811286926,-0.01070171594619751,0.5709226727485657,0.5381490588188171,-0.032773613929748535,False,64,256,2.0142061710357666,0.40195634961128235,11.691552877426147,0.005845776438713074,14.90252161026001,0.05904676765203476,,,/workspaces/scalef/single_samples/worldstrat_sweet/UNHCR-ROUs002531/fourier_band_attention_area,/workspaces/scalef/optimize.py --dataset worldstrat_sweet --num_samples 16 --iters 2000 --batch_size 1 --optimizer adamw --learning_rate 2e-3 --weight_decay 0 --seed 6 --device cuda:1 --worldstrat_data_root worldstrat_datasets/worldstrat_sweet --df 4 --sample_id UNHCR-ROUs002531 --input_projection fourier --projection_dim 256 --fourier_scale 10 --network_depth 4 --network_hidden_dim 256 --weight_decay 0 --model fourier_band_attn --attn_token_dim 32 --fourier_num_bands 8 --log_attention --lr_degradation area --run_name fourier_band_attention_area --eval_crop_lr_size 64 --eval_crop_anchor topleft,"[0.12094804644584656, 0.12233109027147293, 0.11398182809352875, 0.15339472889900208, 0.08738795667886734, 0.1589512974023819, 0.0937497615814209, 0.14925527572631836]"
fourier_band_attention_s2_psf,6,worldstrat_sweet,UNHCR-ROUs002531,4,s2_psf,fourier_band_attn,fourier,8,48,2000,23.557647705078125,23.64743995666504,-0.08979225158691406,0.48695576190948486,0.5205004811286926,-0.033544719219207764,0.5757085084915161,0.5381490588188171,-0.037559449672698975,False,64,256,2.0048937797546387,0.39808616042137146,13.72505235671997,0.0068625261783599855,16.874741077423096,0.0628068745136261,,,/workspaces/scalef/single_samples/worldstrat_sweet/UNHCR-ROUs002531/fourier_band_attention_s2_psf,/workspaces/scalef/optimize.py --dataset worldstrat_sweet --num_samples 16 --iters 2000 --batch_size 1 --optimizer adamw --learning_rate 2e-3 --weight_decay 0 --seed 6 --device cuda:1 --worldstrat_data_root worldstrat_datasets/worldstrat_sweet --df 4 --sample_id UNHCR-ROUs002531 --input_projection fourier --projection_dim 256 --fourier_scale 10 --network_depth 4 --network_hidden_dim 256 --weight_decay 0 --model fourier_band_attn --attn_token_dim 32 --fourier_num_bands 8 --log_attention --lr_degradation s2_psf --run_name fourier_band_attention_s2_psf --eval_crop_lr_size 64 --eval_crop_anchor topleft,"[0.1219940111041069, 0.12546291947364807, 0.116645947098732, 0.14421147108078003, 0.09359949827194214, 0.16598659753799438, 0.08842658996582031, 0.14367295801639557]"
fourier_mlp_baseline_area,6,worldstrat_sweet,UNHCR-SOMs027976,4,area,mlp_tcnn,fourier,8,48,2000,23.60877799987793,24.171432495117188,-0.5626544952392578,0.3837946951389313,0.3823733329772949,0.0014213621616363525,0.5947006940841675,0.6425299644470215,0.047829270362854004,False,64,256,,,8.081071853637695,0.004040535926818848,11.455246925354004,0.040436871349811554,,,/workspaces/scalef/single_samples/worldstrat_sweet/UNHCR-SOMs027976/fourier_mlp_baseline_area,/workspaces/scalef/optimize.py --dataset worldstrat_sweet --num_samples 16 --iters 2000 --batch_size 1 --optimizer adamw --learning_rate 2e-3 --weight_decay 0 --seed 6 --device cuda:1 --worldstrat_data_root worldstrat_datasets/worldstrat_sweet --df 4 --sample_id UNHCR-SOMs027976 --input_projection fourier --projection_dim 256 --fourier_scale 10 --network_depth 4 --network_hidden_dim 256 --weight_decay 0 --model mlp_tcnn --tcnn_mlp_dtype fp16 --lr_degradation area --run_name fourier_mlp_baseline_area --eval_crop_lr_size 64 --eval_crop_anchor topleft,
fourier_mlp_baseline_s2_psf,6,worldstrat_sweet,UNHCR-SOMs027976,4,s2_psf,mlp_tcnn,fourier,8,48,2000,23.33914566040039,24.171432495117188,-0.8322868347167969,0.37698933482170105,0.3823733329772949,-0.005383998155593872,0.5800617933273315,0.6425299644470215,0.06246817111968994,False,64,256,,,9.577052116394043,0.004788526058197021,12.753732919692993,0.0480768084526062,,,/workspaces/scalef/single_samples/worldstrat_sweet/UNHCR-SOMs027976/fourier_mlp_baseline_s2_psf,/workspaces/scalef/optimize.py --dataset worldstrat_sweet --num_samples 16 --iters 2000 --batch_size 1 --optimizer adamw --learning_rate 2e-3 --weight_decay 0 --seed 6 --device cuda:1 --worldstrat_data_root worldstrat_datasets/worldstrat_sweet --df 4 --sample_id UNHCR-SOMs027976 --input_projection fourier --projection_dim 256 --fourier_scale 10 --network_depth 4 --network_hidden_dim 256 --weight_decay 0 --model mlp_tcnn --tcnn_mlp_dtype fp16 --lr_degradation s2_psf --run_name fourier_mlp_baseline_s2_psf --eval_crop_lr_size 64 --eval_crop_anchor topleft,
hashgrid_mlp_baseline_area,6,worldstrat_sweet,UNHCR-SOMs027976,4,area,mlp_tcnn,hashgrid_tcnn,16,64,2000,23.596784591674805,24.171432495117188,-0.5746479034423828,0.38096022605895996,0.3823733329772949,-0.001413106918334961,0.578427255153656,0.6425299644470215,0.06410270929336548,False,64,256,,,8.286758422851562,0.004143379211425781,11.529367923736572,0.03490540385246277,,,/workspaces/scalef/single_samples/worldstrat_sweet/UNHCR-SOMs027976/hashgrid_mlp_baseline_area,/workspaces/scalef/optimize.py --dataset worldstrat_sweet --num_samples 16 --iters 2000 --batch_size 1 --optimizer adamw --learning_rate 2e-3 --weight_decay 0 --seed 6 --device cuda:1 --worldstrat_data_root worldstrat_datasets/worldstrat_sweet --df 4 --sample_id UNHCR-SOMs027976 --input_projection hashgrid --hash_n_levels 16 --hash_n_features_per_level 2 --hash_log2_hashmap_size 21 --hash_base_resolution 0 --hash_max_resolution 0 --hash_encoding_dtype fp32 --hash_encoding_preset smoothstep_grid --hash_grid_type Hash --network_depth 4 --network_hidden_dim 256 --weight_decay 0 --model mlp_tcnn --tcnn_mlp_dtype fp16 --lr_degradation area --run_name hashgrid_mlp_baseline_area --eval_crop_lr_size 64 --eval_crop_anchor topleft,
hashgrid_mlp_baseline_s2_psf,6,worldstrat_sweet,UNHCR-SOMs027976,4,s2_psf,mlp_tcnn,hashgrid_tcnn,16,64,2000,23.25568199157715,24.171432495117188,-0.9157505035400391,0.36997678875923157,0.3823733329772949,-0.012396544218063354,0.5584994554519653,0.6425299644470215,0.08403050899505615,False,64,256,,,9.683818340301514,0.0048419091701507565,12.798688173294067,0.04485483095049858,,,/workspaces/scalef/single_samples/worldstrat_sweet/UNHCR-SOMs027976/hashgrid_mlp_baseline_s2_psf,/workspaces/scalef/optimize.py --dataset worldstrat_sweet --num_samples 16 --iters 2000 --batch_size 1 --optimizer adamw --learning_rate 2e-3 --weight_decay 0 --seed 6 --device cuda:1 --worldstrat_data_root worldstrat_datasets/worldstrat_sweet --df 4 --sample_id UNHCR-SOMs027976 --input_projection hashgrid --hash_n_levels 16 --hash_n_features_per_level 2 --hash_log2_hashmap_size 21 --hash_base_resolution 0 --hash_max_resolution 0 --hash_encoding_dtype fp32 --hash_encoding_preset smoothstep_grid --hash_grid_type Hash --network_depth 4 --network_hidden_dim 256 --weight_decay 0 --model mlp_tcnn --tcnn_mlp_dtype fp16 --lr_degradation s2_psf --run_name hashgrid_mlp_baseline_s2_psf --eval_crop_lr_size 64 --eval_crop_anchor topleft,
hashgrid_level_attention_area,6,worldstrat_sweet,UNHCR-SOMs027976,4,area,hash_attn,hashgrid_tcnn,16,64,2000,23.71526336669922,24.171432495117188,-0.45616912841796875,0.394136905670166,0.3823733329772949,0.011763572692871094,0.596167266368866,0.6425299644470215,0.04636269807815552,False,64,256,2.2619028091430664,0.5786875486373901,13.590946197509766,0.0067954730987548825,16.867369890213013,0.047168076038360596,,,/workspaces/scalef/single_samples/worldstrat_sweet/UNHCR-SOMs027976/hashgrid_level_attention_area,/workspaces/scalef/optimize.py --dataset worldstrat_sweet --num_samples 16 --iters 2000 --batch_size 1 --optimizer adamw --learning_rate 2e-3 --weight_decay 0 --seed 6 --device cuda:1 --worldstrat_data_root worldstrat_datasets/worldstrat_sweet --df 4 --sample_id UNHCR-SOMs027976 --input_projection hashgrid --hash_n_levels 16 --hash_n_features_per_level 2 --hash_log2_hashmap_size 21 --hash_base_resolution 0 --hash_max_resolution 0 --hash_encoding_dtype fp32 --hash_encoding_preset smoothstep_grid --hash_grid_type Hash --network_depth 4 --network_hidden_dim 256 --weight_decay 0 --model hash_attn --hash_attn_token_dim 32 --log_attention --lr_degradation area --run_name hashgrid_level_attention_area --eval_crop_lr_size 64 --eval_crop_anchor topleft,"[0.020262792706489563, 0.020014189183712006, 0.020604999735951424, 0.020292770117521286, 0.020647719502449036, 0.02073703706264496, 0.021650280803442, 0.022980574518442154, 0.025348447263240814, 0.030225995928049088, 0.03930293023586273, 0.06295761466026306, 0.0962870642542839, 0.14204177260398865, 0.188117116689682, 0.24852870404720306]"
hashgrid_level_attention_s2_psf,6,worldstrat_sweet,UNHCR-SOMs027976,4,s2_psf,hash_attn,hashgrid_tcnn,16,64,2000,23.39707374572754,24.171432495117188,-0.7743587493896484,0.3837505280971527,0.3823733329772949,0.001377195119857788,0.5772263407707214,0.6425299644470215,0.06530362367630005,False,64,256,1.5353925228118896,0.8424213528633118,15.319705724716187,0.007659852862358093,18.50958275794983,0.051508449018001556,,,/workspaces/scalef/single_samples/worldstrat_sweet/UNHCR-SOMs027976/hashgrid_level_attention_s2_psf,/workspaces/scalef/optimize.py --dataset worldstrat_sweet --num_samples 16 --iters 2000 --batch_size 1 --optimizer adamw --learning_rate 2e-3 --weight_decay 0 --seed 6 --device cuda:1 --worldstrat_data_root worldstrat_datasets/worldstrat_sweet --df 4 --sample_id UNHCR-SOMs027976 --input_projection hashgrid --hash_n_levels 16 --hash_n_features_per_level 2 --hash_log2_hashmap_size 21 --hash_base_resolution 0 --hash_max_resolution 0 --hash_encoding_dtype fp32 --hash_encoding_preset smoothstep_grid --hash_grid_type Hash --network_depth 4 --network_hidden_dim 256 --weight_decay 0 --model hash_attn --hash_attn_token_dim 32 --log_attention --lr_degradation s2_psf --run_name hashgrid_level_attention_s2_psf --eval_crop_lr_size 64 --eval_crop_anchor topleft,"[0.009195433929562569, 0.009021146222949028, 0.009122058749198914, 0.008714145980775356, 0.008584721013903618, 0.008448092266917229, 0.008554275147616863, 0.008433508686721325, 0.008941671811044216, 0.009780243039131165, 0.01212760154157877, 0.02035517990589142, 0.03630056977272034, 0.10736251622438431, 0.23092366755008698, 0.5041351318359375]"
fourier_band_attention_area,6,worldstrat_sweet,UNHCR-SOMs027976,4,area,fourier_band_attn,fourier,8,48,2000,23.621400833129883,24.171432495117188,-0.5500316619873047,0.372936874628067,0.3823733329772949,-0.009436458349227905,0.6032537221908569,0.6425299644470215,0.03927624225616455,False,64,256,1.9846504926681519,0.392020583152771,11.736215114593506,0.005868107557296753,14.948582649230957,0.07403644919395447,,,/workspaces/scalef/single_samples/worldstrat_sweet/UNHCR-SOMs027976/fourier_band_attention_area,/workspaces/scalef/optimize.py --dataset worldstrat_sweet --num_samples 16 --iters 2000 --batch_size 1 --optimizer adamw --learning_rate 2e-3 --weight_decay 0 --seed 6 --device cuda:1 --worldstrat_data_root worldstrat_datasets/worldstrat_sweet --df 4 --sample_id UNHCR-SOMs027976 --input_projection fourier --projection_dim 256 --fourier_scale 10 --network_depth 4 --network_hidden_dim 256 --weight_decay 0 --model fourier_band_attn --attn_token_dim 32 --fourier_num_bands 8 --log_attention --lr_degradation area --run_name fourier_band_attention_area --eval_crop_lr_size 64 --eval_crop_anchor topleft,"[0.10217233002185822, 0.13973075151443481, 0.12814165651798248, 0.12671944499015808, 0.11121521890163422, 0.12274570763111115, 0.12647396326065063, 0.14280091226100922]"
fourier_band_attention_s2_psf,6,worldstrat_sweet,UNHCR-SOMs027976,4,s2_psf,fourier_band_attn,fourier,8,48,2000,23.28179359436035,24.171432495117188,-0.8896389007568359,0.34684744477272034,0.3823733329772949,-0.035525888204574585,0.6064222455024719,0.6425299644470215,0.03610771894454956,False,64,256,1.940891981124878,0.39204007387161255,13.685128927230835,0.0068425644636154175,16.811480283737183,0.08503921329975128,,,/workspaces/scalef/single_samples/worldstrat_sweet/UNHCR-SOMs027976/fourier_band_attention_s2_psf,/workspaces/scalef/optimize.py --dataset worldstrat_sweet --num_samples 16 --iters 2000 --batch_size 1 --optimizer adamw --learning_rate 2e-3 --weight_decay 0 --seed 6 --device cuda:1 --worldstrat_data_root worldstrat_datasets/worldstrat_sweet --df 4 --sample_id UNHCR-SOMs027976 --input_projection fourier --projection_dim 256 --fourier_scale 10 --network_depth 4 --network_hidden_dim 256 --weight_decay 0 --model fourier_band_attn --attn_token_dim 32 --fourier_num_bands 8 --log_attention --lr_degradation s2_psf --run_name fourier_band_attention_s2_psf --eval_crop_lr_size 64 --eval_crop_anchor topleft,"[0.10500609874725342, 0.141635000705719, 0.120890311896801, 0.1312432885169983, 0.10918523371219635, 0.1250530332326889, 0.12169796228408813, 0.14528906345367432]"
fourier_mlp_baseline_area,6,worldstrat_sweet,UNHCR-SYRs008164,4,area,mlp_tcnn,fourier,8,48,2000,23.7917423248291,24.265413284301758,-0.47367095947265625,0.4861229956150055,0.5175572037696838,-0.031434208154678345,0.49302542209625244,0.5489303469657898,0.055904924869537354,False,64,256,,,7.823038816452026,0.003911519408226013,11.017557621002197,0.038175810128450394,,,/workspaces/scalef/single_samples/worldstrat_sweet/UNHCR-SYRs008164/fourier_mlp_baseline_area,/workspaces/scalef/optimize.py --dataset worldstrat_sweet --num_samples 16 --iters 2000 --batch_size 1 --optimizer adamw --learning_rate 2e-3 --weight_decay 0 --seed 6 --device cuda:1 --worldstrat_data_root worldstrat_datasets/worldstrat_sweet --df 4 --sample_id UNHCR-SYRs008164 --input_projection fourier --projection_dim 256 --fourier_scale 10 --network_depth 4 --network_hidden_dim 256 --weight_decay 0 --model mlp_tcnn --tcnn_mlp_dtype fp16 --lr_degradation area --run_name fourier_mlp_baseline_area --eval_crop_lr_size 64 --eval_crop_anchor topleft,
fourier_mlp_baseline_s2_psf,6,worldstrat_sweet,UNHCR-SYRs008164,4,s2_psf,mlp_tcnn,fourier,8,48,2000,23.262351989746094,24.265413284301758,-1.003061294555664,0.4555410146713257,0.5175572037696838,-0.062016189098358154,0.47572463750839233,0.5489303469657898,0.07320570945739746,False,64,256,,,9.530861377716064,0.0047654306888580324,12.68455696105957,0.04258180782198906,,,/workspaces/scalef/single_samples/worldstrat_sweet/UNHCR-SYRs008164/fourier_mlp_baseline_s2_psf,/workspaces/scalef/optimize.py --dataset worldstrat_sweet --num_samples 16 --iters 2000 --batch_size 1 --optimizer adamw --learning_rate 2e-3 --weight_decay 0 --seed 6 --device cuda:1 --worldstrat_data_root worldstrat_datasets/worldstrat_sweet --df 4 --sample_id UNHCR-SYRs008164 --input_projection fourier --projection_dim 256 --fourier_scale 10 --network_depth 4 --network_hidden_dim 256 --weight_decay 0 --model mlp_tcnn --tcnn_mlp_dtype fp16 --lr_degradation s2_psf --run_name fourier_mlp_baseline_s2_psf --eval_crop_lr_size 64 --eval_crop_anchor topleft,
hashgrid_mlp_baseline_area,6,worldstrat_sweet,UNHCR-SYRs008164,4,area,mlp_tcnn,hashgrid_tcnn,16,64,2000,23.752273559570312,24.265413284301758,-0.5131397247314453,0.48312321305274963,0.5175572037696838,-0.034433990716934204,0.4862043857574463,0.5489303469657898,0.0627259612083435,False,64,256,,,7.625973224639893,0.0038129866123199465,11.022837162017822,0.037378083914518356,,,/workspaces/scalef/single_samples/worldstrat_sweet/UNHCR-SYRs008164/hashgrid_mlp_baseline_area,/workspaces/scalef/optimize.py --dataset worldstrat_sweet --num_samples 16 --iters 2000 --batch_size 1 --optimizer adamw --learning_rate 2e-3 --weight_decay 0 --seed 6 --device cuda:1 --worldstrat_data_root worldstrat_datasets/worldstrat_sweet --df 4 --sample_id UNHCR-SYRs008164 --input_projection hashgrid --hash_n_levels 16 --hash_n_features_per_level 2 --hash_log2_hashmap_size 21 --hash_base_resolution 0 --hash_max_resolution 0 --hash_encoding_dtype fp32 --hash_encoding_preset smoothstep_grid --hash_grid_type Hash --network_depth 4 --network_hidden_dim 256 --weight_decay 0 --model mlp_tcnn --tcnn_mlp_dtype fp16 --lr_degradation area --run_name hashgrid_mlp_baseline_area --eval_crop_lr_size 64 --eval_crop_anchor topleft,
hashgrid_mlp_baseline_s2_psf,6,worldstrat_sweet,UNHCR-SYRs008164,4,s2_psf,mlp_tcnn,hashgrid_tcnn,16,64,2000,23.174152374267578,24.265413284301758,-1.0912609100341797,0.4493772089481354,0.5175572037696838,-0.06817999482154846,0.47331514954566956,0.5489303469657898,0.07561519742012024,False,64,256,,,9.616912841796875,0.004808456420898438,12.681387186050415,0.04048790782690048,,,/workspaces/scalef/single_samples/worldstrat_sweet/UNHCR-SYRs008164/hashgrid_mlp_baseline_s2_psf,/workspaces/scalef/optimize.py --dataset worldstrat_sweet --num_samples 16 --iters 2000 --batch_size 1 --optimizer adamw --learning_rate 2e-3 --weight_decay 0 --seed 6 --device cuda:1 --worldstrat_data_root worldstrat_datasets/worldstrat_sweet --df 4 --sample_id UNHCR-SYRs008164 --input_projection hashgrid --hash_n_levels 16 --hash_n_features_per_level 2 --hash_log2_hashmap_size 21 --hash_base_resolution 0 --hash_max_resolution 0 --hash_encoding_dtype fp32 --hash_encoding_preset smoothstep_grid --hash_grid_type Hash --network_depth 4 --network_hidden_dim 256 --weight_decay 0 --model mlp_tcnn --tcnn_mlp_dtype fp16 --lr_degradation s2_psf --run_name hashgrid_mlp_baseline_s2_psf --eval_crop_lr_size 64 --eval_crop_anchor topleft,
hashgrid_level_attention_area,6,worldstrat_sweet,UNHCR-SYRs008164,4,area,hash_attn,hashgrid_tcnn,16,64,2000,23.767688751220703,24.265413284301758,-0.4977245330810547,0.48526063561439514,0.5175572037696838,-0.032296568155288696,0.4877200126647949,0.5489303469657898,0.06121033430099487,False,64,256,2.3877129554748535,0.48844295740127563,13.676028490066528,0.006838014245033264,16.89116358757019,0.04312526807188988,,,/workspaces/scalef/single_samples/worldstrat_sweet/UNHCR-SYRs008164/hashgrid_level_attention_area,/workspaces/scalef/optimize.py --dataset worldstrat_sweet --num_samples 16 --iters 2000 --batch_size 1 --optimizer adamw --learning_rate 2e-3 --weight_decay 0 --seed 6 --device cuda:1 --worldstrat_data_root worldstrat_datasets/worldstrat_sweet --df 4 --sample_id UNHCR-SYRs008164 --input_projection hashgrid --hash_n_levels 16 --hash_n_features_per_level 2 --hash_log2_hashmap_size 21 --hash_base_resolution 0 --hash_max_resolution 0 --hash_encoding_dtype fp32 --hash_encoding_preset smoothstep_grid --hash_grid_type Hash --network_depth 4 --network_hidden_dim 256 --weight_decay 0 --model hash_attn --hash_attn_token_dim 32 --log_attention --lr_degradation area --run_name hashgrid_level_attention_area --eval_crop_lr_size 64 --eval_crop_anchor topleft,"[0.024762876331806183, 0.024165954440832138, 0.02394063025712967, 0.024819452315568924, 0.024058548733592033, 0.024352869018912315, 0.028918420895934105, 0.02579968422651291, 0.030694713816046715, 0.03485091030597687, 0.05601005256175995, 0.08574749529361725, 0.1034354567527771, 0.1260133683681488, 0.17204970121383667, 0.19037985801696777]"
hashgrid_level_attention_s2_psf,6,worldstrat_sweet,UNHCR-SYRs008164,4,s2_psf,hash_attn,hashgrid_tcnn,16,64,2000,23.213123321533203,24.265413284301758,-1.0522899627685547,0.45321372151374817,0.5175572037696838,-0.06434348225593567,0.4733307957649231,0.5489303469657898,0.0755995512008667,False,64,256,2.2104477882385254,0.5843654274940491,15.341587543487549,0.007670793771743774,18.60386323928833,0.045471370220184326,,,/workspaces/scalef/single_samples/worldstrat_sweet/UNHCR-SYRs008164/hashgrid_level_attention_s2_psf,/workspaces/scalef/optimize.py --dataset worldstrat_sweet --num_samples 16 --iters 2000 --batch_size 1 --optimizer adamw --learning_rate 2e-3 --weight_decay 0 --seed 6 --device cuda:1 --worldstrat_data_root worldstrat_datasets/worldstrat_sweet --df 4 --sample_id UNHCR-SYRs008164 --input_projection hashgrid --hash_n_levels 16 --hash_n_features_per_level 2 --hash_log2_hashmap_size 21 --hash_base_resolution 0 --hash_max_resolution 0 --hash_encoding_dtype fp32 --hash_encoding_preset smoothstep_grid --hash_grid_type Hash --network_depth 4 --network_hidden_dim 256 --weight_decay 0 --model hash_attn --hash_attn_token_dim 32 --log_attention --lr_degradation s2_psf --run_name hashgrid_level_attention_s2_psf --eval_crop_lr_size 64 --eval_crop_anchor topleft,"[0.02119489014148712, 0.02115286886692047, 0.021288882941007614, 0.02079683169722557, 0.021044831722974777, 0.021374288946390152, 0.023535404354333878, 0.02125338837504387, 0.025071941316127777, 0.026466038078069687, 0.039926037192344666, 0.06521927565336227, 0.08730989694595337, 0.1295021027326584, 0.19525155425071716, 0.2596117854118347]"
fourier_band_attention_area,6,worldstrat_sweet,UNHCR-SYRs008164,4,area,fourier_band_attn,fourier,8,48,2000,23.75950050354004,24.265413284301758,-0.5059127807617188,0.46175622940063477,0.5175572037696838,-0.05580097436904907,0.5605666637420654,0.5489303469657898,-0.011636316776275635,False,64,256,2.02254056930542,0.39031487703323364,11.746107339859009,0.005873053669929505,15.024741649627686,0.07786253839731216,,,/workspaces/scalef/single_samples/worldstrat_sweet/UNHCR-SYRs008164/fourier_band_attention_area,/workspaces/scalef/optimize.py --dataset worldstrat_sweet --num_samples 16 --iters 2000 --batch_size 1 --optimizer adamw --learning_rate 2e-3 --weight_decay 0 --seed 6 --device cuda:1 --worldstrat_data_root worldstrat_datasets/worldstrat_sweet --df 4 --sample_id UNHCR-SYRs008164 --input_projection fourier --projection_dim 256 --fourier_scale 10 --network_depth 4 --network_hidden_dim 256 --weight_decay 0 --model fourier_band_attn --attn_token_dim 32 --fourier_num_bands 8 --log_attention --lr_degradation area --run_name fourier_band_attention_area --eval_crop_lr_size 64 --eval_crop_anchor topleft,"[0.11101580411195755, 0.13614746928215027, 0.1083478182554245, 0.1385568529367447, 0.11561716347932816, 0.12368932366371155, 0.10995553433895111, 0.15667004883289337]"
fourier_band_attention_s2_psf,6,worldstrat_sweet,UNHCR-SYRs008164,4,s2_psf,fourier_band_attn,fourier,8,48,2000,23.25261116027832,24.265413284301758,-1.0128021240234375,0.4215397536754608,0.5175572037696838,-0.09601745009422302,0.5731375217437744,0.5489303469657898,-0.02420717477798462,False,64,256,2.0068042278289795,0.389789342880249,13.271950960159302,0.006635975480079651,16.389822006225586,0.0758417397737503,,,/workspaces/scalef/single_samples/worldstrat_sweet/UNHCR-SYRs008164/fourier_band_attention_s2_psf,/workspaces/scalef/optimize.py --dataset worldstrat_sweet --num_samples 16 --iters 2000 --batch_size 1 --optimizer adamw --learning_rate 2e-3 --weight_decay 0 --seed 6 --device cuda:1 --worldstrat_data_root worldstrat_datasets/worldstrat_sweet --df 4 --sample_id UNHCR-SYRs008164 --input_projection fourier --projection_dim 256 --fourier_scale 10 --network_depth 4 --network_hidden_dim 256 --weight_decay 0 --model fourier_band_attn --attn_token_dim 32 --fourier_num_bands 8 --log_attention --lr_degradation s2_psf --run_name fourier_band_attention_s2_psf --eval_crop_lr_size 64 --eval_crop_anchor topleft,"[0.11252737045288086, 0.12774640321731567, 0.1123257651925087, 0.13703855872154236, 0.12057260423898697, 0.13217675685882568, 0.11096297949552536, 0.1466495841741562]"
fourier_mlp_baseline_area,6,worldstrat_sweet,UNHCR-TCDs080156,4,area,mlp_tcnn,fourier,8,48,2000,13.463866233825684,13.475765228271484,-0.011898994445800781,0.3376186788082123,0.29323047399520874,0.04438820481300354,0.5692089200019836,0.6424238681793213,0.07321494817733765,False,64,256,,,7.9756903648376465,0.003987845182418823,11.296450853347778,0.011692076921463013,,,/workspaces/scalef/single_samples/worldstrat_sweet/UNHCR-TCDs080156/fourier_mlp_baseline_area,/workspaces/scalef/optimize.py --dataset worldstrat_sweet --num_samples 16 --iters 2000 --batch_size 1 --optimizer adamw --learning_rate 2e-3 --weight_decay 0 --seed 6 --device cuda:1 --worldstrat_data_root worldstrat_datasets/worldstrat_sweet --df 4 --sample_id UNHCR-TCDs080156 --input_projection fourier --projection_dim 256 --fourier_scale 10 --network_depth 4 --network_hidden_dim 256 --weight_decay 0 --model mlp_tcnn --tcnn_mlp_dtype fp16 --lr_degradation area --run_name fourier_mlp_baseline_area --eval_crop_lr_size 64 --eval_crop_anchor topleft,
fourier_mlp_baseline_s2_psf,6,worldstrat_sweet,UNHCR-TCDs080156,4,s2_psf,mlp_tcnn,fourier,8,48,2000,13.507540702819824,13.475765228271484,0.031775474548339844,0.3662952184677124,0.29323047399520874,0.07306474447250366,0.528815507888794,0.6424238681793213,0.11360836029052734,False,64,256,,,9.510900974273682,0.004755450487136841,12.6307213306427,0.013393085449934006,,,/workspaces/scalef/single_samples/worldstrat_sweet/UNHCR-TCDs080156/fourier_mlp_baseline_s2_psf,/workspaces/scalef/optimize.py --dataset worldstrat_sweet --num_samples 16 --iters 2000 --batch_size 1 --optimizer adamw --learning_rate 2e-3 --weight_decay 0 --seed 6 --device cuda:1 --worldstrat_data_root worldstrat_datasets/worldstrat_sweet --df 4 --sample_id UNHCR-TCDs080156 --input_projection fourier --projection_dim 256 --fourier_scale 10 --network_depth 4 --network_hidden_dim 256 --weight_decay 0 --model mlp_tcnn --tcnn_mlp_dtype fp16 --lr_degradation s2_psf --run_name fourier_mlp_baseline_s2_psf --eval_crop_lr_size 64 --eval_crop_anchor topleft,
hashgrid_mlp_baseline_area,6,worldstrat_sweet,UNHCR-TCDs080156,4,area,mlp_tcnn,hashgrid_tcnn,16,64,2000,13.466813087463379,13.475765228271484,-0.008952140808105469,0.34108054637908936,0.29323047399520874,0.047850072383880615,0.5625231266021729,0.6424238681793213,0.07990074157714844,False,64,256,,,7.889380693435669,0.003944690346717835,11.114358901977539,0.01176571473479271,,,/workspaces/scalef/single_samples/worldstrat_sweet/UNHCR-TCDs080156/hashgrid_mlp_baseline_area,/workspaces/scalef/optimize.py --dataset worldstrat_sweet --num_samples 16 --iters 2000 --batch_size 1 --optimizer adamw --learning_rate 2e-3 --weight_decay 0 --seed 6 --device cuda:1 --worldstrat_data_root worldstrat_datasets/worldstrat_sweet --df 4 --sample_id UNHCR-TCDs080156 --input_projection hashgrid --hash_n_levels 16 --hash_n_features_per_level 2 --hash_log2_hashmap_size 21 --hash_base_resolution 0 --hash_max_resolution 0 --hash_encoding_dtype fp32 --hash_encoding_preset smoothstep_grid --hash_grid_type Hash --network_depth 4 --network_hidden_dim 256 --weight_decay 0 --model mlp_tcnn --tcnn_mlp_dtype fp16 --lr_degradation area --run_name hashgrid_mlp_baseline_area --eval_crop_lr_size 64 --eval_crop_anchor topleft,
hashgrid_mlp_baseline_s2_psf,6,worldstrat_sweet,UNHCR-TCDs080156,4,s2_psf,mlp_tcnn,hashgrid_tcnn,16,64,2000,13.517721176147461,13.475765228271484,0.04195594787597656,0.37695273756980896,0.29323047399520874,0.08372226357460022,0.5064858198165894,0.6424238681793213,0.13593804836273193,False,64,256,,,9.48819637298584,0.00474409818649292,12.655649423599243,0.012886006385087967,,,/workspaces/scalef/single_samples/worldstrat_sweet/UNHCR-TCDs080156/hashgrid_mlp_baseline_s2_psf,/workspaces/scalef/optimize.py --dataset worldstrat_sweet --num_samples 16 --iters 2000 --batch_size 1 --optimizer adamw --learning_rate 2e-3 --weight_decay 0 --seed 6 --device cuda:1 --worldstrat_data_root worldstrat_datasets/worldstrat_sweet --df 4 --sample_id UNHCR-TCDs080156 --input_projection hashgrid --hash_n_levels 16 --hash_n_features_per_level 2 --hash_log2_hashmap_size 21 --hash_base_resolution 0 --hash_max_resolution 0 --hash_encoding_dtype fp32 --hash_encoding_preset smoothstep_grid --hash_grid_type Hash --network_depth 4 --network_hidden_dim 256 --weight_decay 0 --model mlp_tcnn --tcnn_mlp_dtype fp16 --lr_degradation s2_psf --run_name hashgrid_mlp_baseline_s2_psf --eval_crop_lr_size 64 --eval_crop_anchor topleft,
hashgrid_level_attention_area,6,worldstrat_sweet,UNHCR-TCDs080156,4,area,hash_attn,hashgrid_tcnn,16,64,2000,13.448723793029785,13.475765228271484,-0.02704143524169922,0.3355807065963745,0.29323047399520874,0.04235023260116577,0.568588376045227,0.6424238681793213,0.07383549213409424,False,64,256,2.3653440475463867,0.5493030548095703,13.664368152618408,0.0068321840763092044,16.999229192733765,0.013886844739317894,,,/workspaces/scalef/single_samples/worldstrat_sweet/UNHCR-TCDs080156/hashgrid_level_attention_area,/workspaces/scalef/optimize.py --dataset worldstrat_sweet --num_samples 16 --iters 2000 --batch_size 1 --optimizer adamw --learning_rate 2e-3 --weight_decay 0 --seed 6 --device cuda:1 --worldstrat_data_root worldstrat_datasets/worldstrat_sweet --df 4 --sample_id UNHCR-TCDs080156 --input_projection hashgrid --hash_n_levels 16 --hash_n_features_per_level 2 --hash_log2_hashmap_size 21 --hash_base_resolution 0 --hash_max_resolution 0 --hash_encoding_dtype fp32 --hash_encoding_preset smoothstep_grid --hash_grid_type Hash --network_depth 4 --network_hidden_dim 256 --weight_decay 0 --model hash_attn --hash_attn_token_dim 32 --log_attention --lr_degradation area --run_name hashgrid_level_attention_area --eval_crop_lr_size 64 --eval_crop_anchor topleft,"[0.025165922939777374, 0.02546767145395279, 0.025688491761684418, 0.026043184101581573, 0.026276690885424614, 0.02555469051003456, 0.02686617337167263, 0.02660015970468521, 0.02874627709388733, 0.030438359826803207, 0.036169327795505524, 0.05198406055569649, 0.09569592773914337, 0.1352117508649826, 0.17747057974338531, 0.2366207391023636]"
hashgrid_level_attention_s2_psf,6,worldstrat_sweet,UNHCR-TCDs080156,4,s2_psf,hash_attn,hashgrid_tcnn,16,64,2000,13.490875244140625,13.475765228271484,0.015110015869140625,0.3634309768676758,0.29323047399520874,0.07020050287246704,0.5234852433204651,0.6424238681793213,0.1189386248588562,False,64,256,1.7532634735107422,0.7798779010772705,15.272711038589478,0.007636355519294738,18.42299795150757,0.014911193400621414,,,/workspaces/scalef/single_samples/worldstrat_sweet/UNHCR-TCDs080156/hashgrid_level_attention_s2_psf,/workspaces/scalef/optimize.py --dataset worldstrat_sweet --num_samples 16 --iters 2000 --batch_size 1 --optimizer adamw --learning_rate 2e-3 --weight_decay 0 --seed 6 --device cuda:1 --worldstrat_data_root worldstrat_datasets/worldstrat_sweet --df 4 --sample_id UNHCR-TCDs080156 --input_projection hashgrid --hash_n_levels 16 --hash_n_features_per_level 2 --hash_log2_hashmap_size 21 --hash_base_resolution 0 --hash_max_resolution 0 --hash_encoding_dtype fp32 --hash_encoding_preset smoothstep_grid --hash_grid_type Hash --network_depth 4 --network_hidden_dim 256 --weight_decay 0 --model hash_attn --hash_attn_token_dim 32 --log_attention --lr_degradation s2_psf --run_name hashgrid_level_attention_s2_psf --eval_crop_lr_size 64 --eval_crop_anchor topleft,"[0.014185091480612755, 0.014070980250835419, 0.01424703374505043, 0.014363758265972137, 0.014132797718048096, 0.013777825981378555, 0.013840126805007458, 0.013424082659184933, 0.014097696170210838, 0.014767488464713097, 0.016438771039247513, 0.022623740136623383, 0.04015275090932846, 0.08617763221263885, 0.2279045134782791, 0.46579569578170776]"
fourier_band_attention_area,6,worldstrat_sweet,UNHCR-TCDs080156,4,area,fourier_band_attn,fourier,8,48,2000,13.375555992126465,13.475765228271484,-0.10020923614501953,0.29849526286125183,0.29323047399520874,0.005264788866043091,0.5902795791625977,0.6424238681793213,0.05214428901672363,False,64,256,2.017943859100342,0.40088951587677,11.68699598312378,0.0058434979915618895,14.918760538101196,0.04009135812520981,,,/workspaces/scalef/single_samples/worldstrat_sweet/UNHCR-TCDs080156/fourier_band_attention_area,/workspaces/scalef/optimize.py --dataset worldstrat_sweet --num_samples 16 --iters 2000 --batch_size 1 --optimizer adamw --learning_rate 2e-3 --weight_decay 0 --seed 6 --device cuda:1 --worldstrat_data_root worldstrat_datasets/worldstrat_sweet --df 4 --sample_id UNHCR-TCDs080156 --input_projection fourier --projection_dim 256 --fourier_scale 10 --network_depth 4 --network_hidden_dim 256 --weight_decay 0 --model fourier_band_attn --attn_token_dim 32 --fourier_num_bands 8 --log_attention --lr_degradation area --run_name fourier_band_attention_area --eval_crop_lr_size 64 --eval_crop_anchor topleft,"[0.10527949035167694, 0.12510575354099274, 0.11706802248954773, 0.13198654353618622, 0.11967065930366516, 0.11428528279066086, 0.10333607345819473, 0.18326815962791443]"
fourier_band_attention_s2_psf,6,worldstrat_sweet,UNHCR-TCDs080156,4,s2_psf,fourier_band_attn,fourier,8,48,2000,13.37948226928711,13.475765228271484,-0.096282958984375,0.29582348465919495,0.29323047399520874,0.002593010663986206,0.5809921026229858,0.6424238681793213,0.06143176555633545,False,64,256,2.0118699073791504,0.39902225136756897,13.675289154052734,0.006837644577026367,16.8240385055542,0.04536725580692291,,,/workspaces/scalef/single_samples/worldstrat_sweet/UNHCR-TCDs080156/fourier_band_attention_s2_psf,/workspaces/scalef/optimize.py --dataset worldstrat_sweet --num_samples 16 --iters 2000 --batch_size 1 --optimizer adamw --learning_rate 2e-3 --weight_decay 0 --seed 6 --device cuda:1 --worldstrat_data_root worldstrat_datasets/worldstrat_sweet --df 4 --sample_id UNHCR-TCDs080156 --input_projection fourier --projection_dim 256 --fourier_scale 10 --network_depth 4 --network_hidden_dim 256 --weight_decay 0 --model fourier_band_attn --attn_token_dim 32 --fourier_num_bands 8 --log_attention --lr_degradation s2_psf --run_name fourier_band_attention_s2_psf --eval_crop_lr_size 64 --eval_crop_anchor topleft,"[0.10846160352230072, 0.12661302089691162, 0.11534503102302551, 0.13082106411457062, 0.11973702907562256, 0.11207595467567444, 0.10163302719593048, 0.18531325459480286]"
fourier_mlp_baseline_area,6,worldstrat_sweet,UNHCR-TURs004202,4,area,mlp_tcnn,fourier,8,48,2000,23.516437530517578,23.731401443481445,-0.2149639129638672,0.4500877857208252,0.49032559990882874,-0.04023781418800354,0.4583093225955963,0.5025438666343689,0.04423454403877258,False,64,256,,,7.74016809463501,0.0038700840473175047,10.958175659179688,0.15856097638607025,,,/workspaces/scalef/single_samples/worldstrat_sweet/UNHCR-TURs004202/fourier_mlp_baseline_area,/workspaces/scalef/optimize.py --dataset worldstrat_sweet --num_samples 16 --iters 2000 --batch_size 1 --optimizer adamw --learning_rate 2e-3 --weight_decay 0 --seed 6 --device cuda:1 --worldstrat_data_root worldstrat_datasets/worldstrat_sweet --df 4 --sample_id UNHCR-TURs004202 --input_projection fourier --projection_dim 256 --fourier_scale 10 --network_depth 4 --network_hidden_dim 256 --weight_decay 0 --model mlp_tcnn --tcnn_mlp_dtype fp16 --lr_degradation area --run_name fourier_mlp_baseline_area --eval_crop_lr_size 64 --eval_crop_anchor topleft,
fourier_mlp_baseline_s2_psf,6,worldstrat_sweet,UNHCR-TURs004202,4,s2_psf,mlp_tcnn,fourier,8,48,2000,23.231590270996094,23.731401443481445,-0.49981117248535156,0.43878766894340515,0.49032559990882874,-0.051537930965423584,0.45403581857681274,0.5025438666343689,0.04850804805755615,False,64,256,,,9.945383787155151,0.004972691893577576,13.079694509506226,0.16240715980529785,,,/workspaces/scalef/single_samples/worldstrat_sweet/UNHCR-TURs004202/fourier_mlp_baseline_s2_psf,/workspaces/scalef/optimize.py --dataset worldstrat_sweet --num_samples 16 --iters 2000 --batch_size 1 --optimizer adamw --learning_rate 2e-3 --weight_decay 0 --seed 6 --device cuda:1 --worldstrat_data_root worldstrat_datasets/worldstrat_sweet --df 4 --sample_id UNHCR-TURs004202 --input_projection fourier --projection_dim 256 --fourier_scale 10 --network_depth 4 --network_hidden_dim 256 --weight_decay 0 --model mlp_tcnn --tcnn_mlp_dtype fp16 --lr_degradation s2_psf --run_name fourier_mlp_baseline_s2_psf --eval_crop_lr_size 64 --eval_crop_anchor topleft,
hashgrid_mlp_baseline_area,6,worldstrat_sweet,UNHCR-TURs004202,4,area,mlp_tcnn,hashgrid_tcnn,16,64,2000,23.438453674316406,23.731401443481445,-0.29294776916503906,0.44373440742492676,0.49032559990882874,-0.04659119248390198,0.47109121084213257,0.5025438666343689,0.03145265579223633,False,64,256,,,7.752990484237671,0.0038764952421188356,10.96596646308899,0.15587371587753296,,,/workspaces/scalef/single_samples/worldstrat_sweet/UNHCR-TURs004202/hashgrid_mlp_baseline_area,/workspaces/scalef/optimize.py --dataset worldstrat_sweet --num_samples 16 --iters 2000 --batch_size 1 --optimizer adamw --learning_rate 2e-3 --weight_decay 0 --seed 6 --device cuda:1 --worldstrat_data_root worldstrat_datasets/worldstrat_sweet --df 4 --sample_id UNHCR-TURs004202 --input_projection hashgrid --hash_n_levels 16 --hash_n_features_per_level 2 --hash_log2_hashmap_size 21 --hash_base_resolution 0 --hash_max_resolution 0 --hash_encoding_dtype fp32 --hash_encoding_preset smoothstep_grid --hash_grid_type Hash --network_depth 4 --network_hidden_dim 256 --weight_decay 0 --model mlp_tcnn --tcnn_mlp_dtype fp16 --lr_degradation area --run_name hashgrid_mlp_baseline_area --eval_crop_lr_size 64 --eval_crop_anchor topleft,
hashgrid_mlp_baseline_s2_psf,6,worldstrat_sweet,UNHCR-TURs004202,4,s2_psf,mlp_tcnn,hashgrid_tcnn,16,64,2000,23.109460830688477,23.731401443481445,-0.6219406127929688,0.4298802316188812,0.49032559990882874,-0.06044536828994751,0.45918017625808716,0.5025438666343689,0.04336369037628174,False,64,256,,,9.505073547363281,0.00475253677368164,12.707618236541748,0.16083753108978271,,,/workspaces/scalef/single_samples/worldstrat_sweet/UNHCR-TURs004202/hashgrid_mlp_baseline_s2_psf,/workspaces/scalef/optimize.py --dataset worldstrat_sweet --num_samples 16 --iters 2000 --batch_size 1 --optimizer adamw --learning_rate 2e-3 --weight_decay 0 --seed 6 --device cuda:1 --worldstrat_data_root worldstrat_datasets/worldstrat_sweet --df 4 --sample_id UNHCR-TURs004202 --input_projection hashgrid --hash_n_levels 16 --hash_n_features_per_level 2 --hash_log2_hashmap_size 21 --hash_base_resolution 0 --hash_max_resolution 0 --hash_encoding_dtype fp32 --hash_encoding_preset smoothstep_grid --hash_grid_type Hash --network_depth 4 --network_hidden_dim 256 --weight_decay 0 --model mlp_tcnn --tcnn_mlp_dtype fp16 --lr_degradation s2_psf --run_name hashgrid_mlp_baseline_s2_psf --eval_crop_lr_size 64 --eval_crop_anchor topleft,
hashgrid_level_attention_area,6,worldstrat_sweet,UNHCR-TURs004202,4,area,hash_attn,hashgrid_tcnn,16,64,2000,23.493642807006836,23.731401443481445,-0.23775863647460938,0.44863417744636536,0.49032559990882874,-0.04169142246246338,0.4602290391921997,0.5025438666343689,0.04231482744216919,False,64,256,1.8038181066513062,0.7573188543319702,13.696871757507324,0.006848435878753662,16.910840272903442,0.16105711460113525,,,/workspaces/scalef/single_samples/worldstrat_sweet/UNHCR-TURs004202/hashgrid_level_attention_area,/workspaces/scalef/optimize.py --dataset worldstrat_sweet --num_samples 16 --iters 2000 --batch_size 1 --optimizer adamw --learning_rate 2e-3 --weight_decay 0 --seed 6 --device cuda:1 --worldstrat_data_root worldstrat_datasets/worldstrat_sweet --df 4 --sample_id UNHCR-TURs004202 --input_projection hashgrid --hash_n_levels 16 --hash_n_features_per_level 2 --hash_log2_hashmap_size 21 --hash_base_resolution 0 --hash_max_resolution 0 --hash_encoding_dtype fp32 --hash_encoding_preset smoothstep_grid --hash_grid_type Hash --network_depth 4 --network_hidden_dim 256 --weight_decay 0 --model hash_attn --hash_attn_token_dim 32 --log_attention --lr_degradation area --run_name hashgrid_level_attention_area --eval_crop_lr_size 64 --eval_crop_anchor topleft,"[0.009173518046736717, 0.009691423736512661, 0.010329941287636757, 0.010048016905784607, 0.010170133784413338, 0.0103994719684124, 0.010761155746877193, 0.01247949805110693, 0.014112117700278759, 0.015536646358668804, 0.027117088437080383, 0.034359633922576904, 0.0685025006532669, 0.14810264110565186, 0.26305681467056274, 0.3461593985557556]"
hashgrid_level_attention_s2_psf,6,worldstrat_sweet,UNHCR-TURs004202,4,s2_psf,hash_attn,hashgrid_tcnn,16,64,2000,23.17244529724121,23.731401443481445,-0.5589561462402344,0.43386080861091614,0.49032559990882874,-0.0564647912979126,0.45793741941452026,0.5025438666343689,0.04460644721984863,False,64,256,1.2687373161315918,0.888265073299408,15.442522287368774,0.007721261143684387,18.5960750579834,0.16394099593162537,,,/workspaces/scalef/single_samples/worldstrat_sweet/UNHCR-TURs004202/hashgrid_level_attention_s2_psf,/workspaces/scalef/optimize.py --dataset worldstrat_sweet --num_samples 16 --iters 2000 --batch_size 1 --optimizer adamw --learning_rate 2e-3 --weight_decay 0 --seed 6 --device cuda:1 --worldstrat_data_root worldstrat_datasets/worldstrat_sweet --df 4 --sample_id UNHCR-TURs004202 --input_projection hashgrid --hash_n_levels 16 --hash_n_features_per_level 2 --hash_log2_hashmap_size 21 --hash_base_resolution 0 --hash_max_resolution 0 --hash_encoding_dtype fp32 --hash_encoding_preset smoothstep_grid --hash_grid_type Hash --network_depth 4 --network_hidden_dim 256 --weight_decay 0 --model hash_attn --hash_attn_token_dim 32 --log_attention --lr_degradation s2_psf --run_name hashgrid_level_attention_s2_psf --eval_crop_lr_size 64 --eval_crop_anchor topleft,"[0.004115007817745209, 0.004250324796885252, 0.004686162807047367, 0.0048430245369672775, 0.004854029510170221, 0.005024733953177929, 0.004934470169246197, 0.005402428563684225, 0.00641271099448204, 0.0069707767106592655, 0.01246478222310543, 0.01542571559548378, 0.03235075622797012, 0.08880238234996796, 0.23392000794410706, 0.5655426979064941]"
fourier_band_attention_area,6,worldstrat_sweet,UNHCR-TURs004202,4,area,fourier_band_attn,fourier,8,48,2000,23.52715301513672,23.731401443481445,-0.20424842834472656,0.43496188521385193,0.49032559990882874,-0.05536371469497681,0.548992931842804,0.5025438666343689,-0.04644906520843506,False,64,256,2.02490496635437,0.387813538312912,11.759307622909546,0.005879653811454773,15.01797342300415,0.24514572322368622,,,/workspaces/scalef/single_samples/worldstrat_sweet/UNHCR-TURs004202/fourier_band_attention_area,/workspaces/scalef/optimize.py --dataset worldstrat_sweet --num_samples 16 --iters 2000 --batch_size 1 --optimizer adamw --learning_rate 2e-3 --weight_decay 0 --seed 6 --device cuda:1 --worldstrat_data_root worldstrat_datasets/worldstrat_sweet --df 4 --sample_id UNHCR-TURs004202 --input_projection fourier --projection_dim 256 --fourier_scale 10 --network_depth 4 --network_hidden_dim 256 --weight_decay 0 --model fourier_band_attn --attn_token_dim 32 --fourier_num_bands 8 --log_attention --lr_degradation area --run_name fourier_band_attention_area --eval_crop_lr_size 64 --eval_crop_anchor topleft,"[0.11183634400367737, 0.12740370631217957, 0.11125489324331284, 0.15377500653266907, 0.10791650414466858, 0.11230495572090149, 0.11553768068552017, 0.15997090935707092]"
fourier_band_attention_s2_psf,6,worldstrat_sweet,UNHCR-TURs004202,4,s2_psf,fourier_band_attn,fourier,8,48,2000,23.465484619140625,23.731401443481445,-0.2659168243408203,0.42789092659950256,0.49032559990882874,-0.06243467330932617,0.5581145286560059,0.5025438666343689,-0.05557066202163696,False,64,256,2.013636827468872,0.38348305225372314,13.495640754699707,0.0067478203773498535,16.634544134140015,0.24661624431610107,,,/workspaces/scalef/single_samples/worldstrat_sweet/UNHCR-TURs004202/fourier_band_attention_s2_psf,/workspaces/scalef/optimize.py --dataset worldstrat_sweet --num_samples 16 --iters 2000 --batch_size 1 --optimizer adamw --learning_rate 2e-3 --weight_decay 0 --seed 6 --device cuda:1 --worldstrat_data_root worldstrat_datasets/worldstrat_sweet --df 4 --sample_id UNHCR-TURs004202 --input_projection fourier --projection_dim 256 --fourier_scale 10 --network_depth 4 --network_hidden_dim 256 --weight_decay 0 --model fourier_band_attn --attn_token_dim 32 --fourier_num_bands 8 --log_attention --lr_degradation s2_psf --run_name fourier_band_attention_s2_psf --eval_crop_lr_size 64 --eval_crop_anchor topleft,"[0.11566635966300964, 0.13215914368629456, 0.109444260597229, 0.15048979222774506, 0.10875742137432098, 0.11426147818565369, 0.10863271355628967, 0.1605888307094574]"
fourier_mlp_baseline_area,6,worldstrat_sweet,UNHCR-TURs005204,4,area,mlp_tcnn,fourier,8,48,2000,23.789705276489258,24.80785369873047,-1.018148422241211,0.6549907922744751,0.6901300549507141,-0.035139262676239014,0.5202637314796448,0.548592209815979,0.02832847833633423,False,64,256,,,7.799086093902588,0.003899543046951294,11.00715184211731,0.06675685942173004,,,/workspaces/scalef/single_samples/worldstrat_sweet/UNHCR-TURs005204/fourier_mlp_baseline_area,/workspaces/scalef/optimize.py --dataset worldstrat_sweet --num_samples 16 --iters 2000 --batch_size 1 --optimizer adamw --learning_rate 2e-3 --weight_decay 0 --seed 6 --device cuda:1 --worldstrat_data_root worldstrat_datasets/worldstrat_sweet --df 4 --sample_id UNHCR-TURs005204 --input_projection fourier --projection_dim 256 --fourier_scale 10 --network_depth 4 --network_hidden_dim 256 --weight_decay 0 --model mlp_tcnn --tcnn_mlp_dtype fp16 --lr_degradation area --run_name fourier_mlp_baseline_area --eval_crop_lr_size 64 --eval_crop_anchor topleft,
fourier_mlp_baseline_s2_psf,6,worldstrat_sweet,UNHCR-TURs005204,4,s2_psf,mlp_tcnn,fourier,8,48,2000,24.329736709594727,24.80785369873047,-0.4781169891357422,0.6450096964836121,0.6901300549507141,-0.04512035846710205,0.47080594301223755,0.548592209815979,0.07778626680374146,False,64,256,,,9.611435413360596,0.004805717706680298,12.732259750366211,0.10204281657934189,,,/workspaces/scalef/single_samples/worldstrat_sweet/UNHCR-TURs005204/fourier_mlp_baseline_s2_psf,/workspaces/scalef/optimize.py --dataset worldstrat_sweet --num_samples 16 --iters 2000 --batch_size 1 --optimizer adamw --learning_rate 2e-3 --weight_decay 0 --seed 6 --device cuda:1 --worldstrat_data_root worldstrat_datasets/worldstrat_sweet --df 4 --sample_id UNHCR-TURs005204 --input_projection fourier --projection_dim 256 --fourier_scale 10 --network_depth 4 --network_hidden_dim 256 --weight_decay 0 --model mlp_tcnn --tcnn_mlp_dtype fp16 --lr_degradation s2_psf --run_name fourier_mlp_baseline_s2_psf --eval_crop_lr_size 64 --eval_crop_anchor topleft,
hashgrid_mlp_baseline_area,6,worldstrat_sweet,UNHCR-TURs005204,4,area,mlp_tcnn,hashgrid_tcnn,16,64,2000,24.7130069732666,24.80785369873047,-0.09484672546386719,0.66318279504776,0.6901300549507141,-0.0269472599029541,0.4839019775390625,0.548592209815979,0.0646902322769165,False,64,256,,,7.788774013519287,0.0038943870067596436,11.024942398071289,0.09458214044570923,,,/workspaces/scalef/single_samples/worldstrat_sweet/UNHCR-TURs005204/hashgrid_mlp_baseline_area,/workspaces/scalef/optimize.py --dataset worldstrat_sweet --num_samples 16 --iters 2000 --batch_size 1 --optimizer adamw --learning_rate 2e-3 --weight_decay 0 --seed 6 --device cuda:1 --worldstrat_data_root worldstrat_datasets/worldstrat_sweet --df 4 --sample_id UNHCR-TURs005204 --input_projection hashgrid --hash_n_levels 16 --hash_n_features_per_level 2 --hash_log2_hashmap_size 21 --hash_base_resolution 0 --hash_max_resolution 0 --hash_encoding_dtype fp32 --hash_encoding_preset smoothstep_grid --hash_grid_type Hash --network_depth 4 --network_hidden_dim 256 --weight_decay 0 --model mlp_tcnn --tcnn_mlp_dtype fp16 --lr_degradation area --run_name hashgrid_mlp_baseline_area --eval_crop_lr_size 64 --eval_crop_anchor topleft,
hashgrid_mlp_baseline_s2_psf,6,worldstrat_sweet,UNHCR-TURs005204,4,s2_psf,mlp_tcnn,hashgrid_tcnn,16,64,2000,24.12973976135254,24.80785369873047,-0.6781139373779297,0.6312453150749207,0.6901300549507141,-0.05888473987579346,0.45579975843429565,0.548592209815979,0.09279245138168335,False,64,256,,,9.609727382659912,0.004804863691329956,12.750007390975952,0.10143543779850006,,,/workspaces/scalef/single_samples/worldstrat_sweet/UNHCR-TURs005204/hashgrid_mlp_baseline_s2_psf,/workspaces/scalef/optimize.py --dataset worldstrat_sweet --num_samples 16 --iters 2000 --batch_size 1 --optimizer adamw --learning_rate 2e-3 --weight_decay 0 --seed 6 --device cuda:1 --worldstrat_data_root worldstrat_datasets/worldstrat_sweet --df 4 --sample_id UNHCR-TURs005204 --input_projection hashgrid --hash_n_levels 16 --hash_n_features_per_level 2 --hash_log2_hashmap_size 21 --hash_base_resolution 0 --hash_max_resolution 0 --hash_encoding_dtype fp32 --hash_encoding_preset smoothstep_grid --hash_grid_type Hash --network_depth 4 --network_hidden_dim 256 --weight_decay 0 --model mlp_tcnn --tcnn_mlp_dtype fp16 --lr_degradation s2_psf --run_name hashgrid_mlp_baseline_s2_psf --eval_crop_lr_size 64 --eval_crop_anchor topleft,
hashgrid_level_attention_area,6,worldstrat_sweet,UNHCR-TURs005204,4,area,hash_attn,hashgrid_tcnn,16,64,2000,24.995759963989258,24.80785369873047,0.18790626525878906,0.671282947063446,0.6901300549507141,-0.018847107887268066,0.4724145233631134,0.548592209815979,0.0761776864528656,False,64,256,2.3175549507141113,0.4799894392490387,13.707722187042236,0.006853861093521118,16.954098224639893,0.10053086280822754,,,/workspaces/scalef/single_samples/worldstrat_sweet/UNHCR-TURs005204/hashgrid_level_attention_area,/workspaces/scalef/optimize.py --dataset worldstrat_sweet --num_samples 16 --iters 2000 --batch_size 1 --optimizer adamw --learning_rate 2e-3 --weight_decay 0 --seed 6 --device cuda:1 --worldstrat_data_root worldstrat_datasets/worldstrat_sweet --df 4 --sample_id UNHCR-TURs005204 --input_projection hashgrid --hash_n_levels 16 --hash_n_features_per_level 2 --hash_log2_hashmap_size 21 --hash_base_resolution 0 --hash_max_resolution 0 --hash_encoding_dtype fp32 --hash_encoding_preset smoothstep_grid --hash_grid_type Hash --network_depth 4 --network_hidden_dim 256 --weight_decay 0 --model hash_attn --hash_attn_token_dim 32 --log_attention --lr_degradation area --run_name hashgrid_level_attention_area --eval_crop_lr_size 64 --eval_crop_anchor topleft,"[0.02429121360182762, 0.02678673155605793, 0.024019908159971237, 0.026737546548247337, 0.02575254626572132, 0.029560092836618423, 0.02851051837205887, 0.034977395087480545, 0.03690536320209503, 0.04092855006456375, 0.04584401473402977, 0.07003392279148102, 0.1056627705693245, 0.12602147459983826, 0.14674656093120575, 0.2072213888168335]"
hashgrid_level_attention_s2_psf,6,worldstrat_sweet,UNHCR-TURs005204,4,s2_psf,hash_attn,hashgrid_tcnn,16,64,2000,24.388591766357422,24.80785369873047,-0.4192619323730469,0.6403678059577942,0.6901300549507141,-0.04976224899291992,0.46083691716194153,0.548592209815979,0.08775529265403748,False,64,256,2.1087722778320312,0.5985064506530762,15.37693452835083,0.007688467264175415,18.510095357894897,0.10459572076797485,,,/workspaces/scalef/single_samples/worldstrat_sweet/UNHCR-TURs005204/hashgrid_level_attention_s2_psf,/workspaces/scalef/optimize.py --dataset worldstrat_sweet --num_samples 16 --iters 2000 --batch_size 1 --optimizer adamw --learning_rate 2e-3 --weight_decay 0 --seed 6 --device cuda:1 --worldstrat_data_root worldstrat_datasets/worldstrat_sweet --df 4 --sample_id UNHCR-TURs005204 --input_projection hashgrid --hash_n_levels 16 --hash_n_features_per_level 2 --hash_log2_hashmap_size 21 --hash_base_resolution 0 --hash_max_resolution 0 --hash_encoding_dtype fp32 --hash_encoding_preset smoothstep_grid --hash_grid_type Hash --network_depth 4 --network_hidden_dim 256 --weight_decay 0 --model hash_attn --hash_attn_token_dim 32 --log_attention --lr_degradation s2_psf --run_name hashgrid_level_attention_s2_psf --eval_crop_lr_size 64 --eval_crop_anchor topleft,"[0.01963416486978531, 0.022610627114772797, 0.020363621413707733, 0.021133873611688614, 0.021166997030377388, 0.02370280772447586, 0.025256741791963577, 0.02969694510102272, 0.030944060534238815, 0.03268185257911682, 0.037075236439704895, 0.05055944621562958, 0.06666715443134308, 0.1053333580493927, 0.19590860605239868, 0.2972645163536072]"
fourier_band_attention_area,6,worldstrat_sweet,UNHCR-TURs005204,4,area,fourier_band_attn,fourier,8,48,2000,24.993192672729492,24.80785369873047,0.18533897399902344,0.6469117999076843,0.6901300549507141,-0.043218255043029785,0.5701536536216736,0.548592209815979,-0.02156144380569458,False,64,256,1.9774494171142578,0.36220020055770874,12.103280782699585,0.0060516403913497925,15.318249225616455,0.11895899474620819,,,/workspaces/scalef/single_samples/worldstrat_sweet/UNHCR-TURs005204/fourier_band_attention_area,/workspaces/scalef/optimize.py --dataset worldstrat_sweet --num_samples 16 --iters 2000 --batch_size 1 --optimizer adamw --learning_rate 2e-3 --weight_decay 0 --seed 6 --device cuda:1 --worldstrat_data_root worldstrat_datasets/worldstrat_sweet --df 4 --sample_id UNHCR-TURs005204 --input_projection fourier --projection_dim 256 --fourier_scale 10 --network_depth 4 --network_hidden_dim 256 --weight_decay 0 --model fourier_band_attn --attn_token_dim 32 --fourier_num_bands 8 --log_attention --lr_degradation area --run_name fourier_band_attention_area --eval_crop_lr_size 64 --eval_crop_anchor topleft,"[0.11903752386569977, 0.11277667433023453, 0.17352703213691711, 0.14431509375572205, 0.08814346790313721, 0.11463698744773865, 0.10736965388059616, 0.14019356667995453]"
fourier_band_attention_s2_psf,6,worldstrat_sweet,UNHCR-TURs005204,4,s2_psf,fourier_band_attn,fourier,8,48,2000,24.51078224182129,24.80785369873047,-0.2970714569091797,0.6183590292930603,0.6901300549507141,-0.07177102565765381,0.569409966468811,0.548592209815979,-0.02081775665283203,False,64,256,1.9686198234558105,0.36298421025276184,13.836617231369019,0.006918308615684509,16.961554288864136,0.11981993913650513,,,/workspaces/scalef/single_samples/worldstrat_sweet/UNHCR-TURs005204/fourier_band_attention_s2_psf,/workspaces/scalef/optimize.py --dataset worldstrat_sweet --num_samples 16 --iters 2000 --batch_size 1 --optimizer adamw --learning_rate 2e-3 --weight_decay 0 --seed 6 --device cuda:1 --worldstrat_data_root worldstrat_datasets/worldstrat_sweet --df 4 --sample_id UNHCR-TURs005204 --input_projection fourier --projection_dim 256 --fourier_scale 10 --network_depth 4 --network_hidden_dim 256 --weight_decay 0 --model fourier_band_attn --attn_token_dim 32 --fourier_num_bands 8 --log_attention --lr_degradation s2_psf --run_name fourier_band_attention_s2_psf --eval_crop_lr_size 64 --eval_crop_anchor topleft,"[0.12655338644981384, 0.10763412714004517, 0.16903121769428253, 0.13774451613426208, 0.09605254232883453, 0.11384999006986618, 0.11493491381406784, 0.13419930636882782]"
